variant,family,scenario,lgd_variant,group,group_value,n,pd,approval_exposure_usd,expected_loss_usd,sba_loss_usd,lender_loss_usd,loss_rate,ead_definition,lgd_definition,allocation,uncertainty,primary_status
layer2,LightGBM secondary robustness,baseline,primary,overall,all,89002,0.05219258692652079,12873977932.0,197207634.3664412,120715062.27944173,76492572.08699946,0.015318313842705536,GrossApproval full-disbursement proxy; CCF=100%,gross charged-off balance / GrossApproval; not net-of-recovery LGD,pro-rata guarantee share; not observed payout or fiscal cost,Point projection only; tree coefficient resampling unavailable,Not a substitute for failed primary unpenalized logit
layer2,LightGBM secondary robustness,baseline,primary,loan_type,revolving,37202,0.07804482088782175,1727860976.0,93266332.62373532,48070472.00788724,45195860.61584812,0.05397791484338455,GrossApproval full-disbursement proxy; CCF=100%,gross charged-off balance / GrossApproval; not net-of-recovery LGD,pro-rata guarantee share; not observed payout or fiscal cost,Point projection only; tree coefficient resampling unavailable,Not a substitute for failed primary unpenalized logit
layer2,LightGBM secondary robustness,baseline,primary,loan_type,term,51800,0.0336258917946995,11146116956.0,103941301.74270253,72644590.2715514,31296711.47115159,0.009325337438411725,GrossApproval full-disbursement proxy; CCF=100%,gross charged-off balance / GrossApproval; not net-of-recovery LGD,pro-rata guarantee share; not observed payout or fiscal cost,Point projection only; tree coefficient resampling unavailable,Not a substitute for failed primary unpenalized logit
layer2,LightGBM secondary robustness,baseline,primary,size_band,150k-350k,9230,0.01813719337163148,2262631644.0,27851762.638123054,18315198.032465186,9536564.605657859,0.012309455103741603,GrossApproval full-disbursement proxy; CCF=100%,gross charged-off balance / GrossApproval; not net-of-recovery LGD,pro-rata guarantee share; not observed payout or fiscal cost,Point projection only; tree coefficient resampling unavailable,Not a substitute for failed primary unpenalized logit
layer2,LightGBM secondary robustness,baseline,primary,size_band,350k-1m,6808,0.010861920494705392,4047517453.0,27296820.566121057,20495101.171635855,6801719.394485181,0.006744089650778105,GrossApproval full-disbursement proxy; CCF=100%,gross charged-off balance / GrossApproval; not net-of-recovery LGD,pro-rata guarantee share; not observed payout or fiscal cost,Point projection only; tree coefficient resampling unavailable,Not a substitute for failed primary unpenalized logit
layer2,LightGBM secondary robustness,baseline,primary,size_band,<=150k,70652,0.06205566363399387,3147269750.0,127110305.43888395,70754809.60723074,56355495.83165362,0.04038748360825568,GrossApproval full-disbursement proxy; CCF=100%,gross charged-off balance / GrossApproval; not net-of-recovery LGD,pro-rata guarantee share; not observed payout or fiscal cost,Point projection only; tree coefficient resampling unavailable,Not a substitute for failed primary unpenalized logit
layer2,LightGBM secondary robustness,baseline,primary,size_band,>1m,2312,0.008448799747910081,3416559085.0,14948745.723310089,11149953.46810761,3798792.2552024573,0.004375380419715496,GrossApproval full-disbursement proxy; CCF=100%,gross charged-off balance / GrossApproval; not net-of-recovery LGD,pro-rata guarantee share; not observed payout or fiscal cost,Point projection only; tree coefficient resampling unavailable,Not a substitute for failed primary unpenalized logit
layer2,LightGBM secondary robustness,baseline,primary,naics2,11,487,0.021098564087825632,134532331.0,856748.9306213293,599671.3970421985,257077.53357913074,0.0063683497063715434,GrossApproval full-disbursement proxy; CCF=100%,gross charged-off balance / GrossApproval; not net-of-recovery LGD,pro-rata guarantee share; not observed payout or fiscal cost,Point projection only; tree coefficient resampling unavailable,Not a substitute for failed primary unpenalized logit
layer2,LightGBM secondary robustness,baseline,primary,naics2,21,151,0.041682774570133856,37698863.0,500393.29316191515,330955.25541366363,169438.03774825175,0.013273431964298636,GrossApproval full-disbursement proxy; CCF=100%,gross charged-off balance / GrossApproval; not net-of-recovery LGD,pro-rata guarantee share; not observed payout or fiscal cost,Point projection only; tree coefficient resampling unavailable,Not a substitute for failed primary unpenalized logit
layer2,LightGBM secondary robustness,baseline,primary,naics2,22,65,0.05076035096042479,5012900.0,138375.52484172655,79614.93188013214,58760.59296159438,0.02760388694004001,GrossApproval full-disbursement proxy; CCF=100%,gross charged-off balance / GrossApproval; not net-of-recovery LGD,pro-rata guarantee share; not observed payout or fiscal cost,Point projection only; tree coefficient resampling unavailable,Not a substitute for failed primary unpenalized logit
layer2,LightGBM secondary robustness,baseline,primary,naics2,23,9903,0.05389719194284208,900002384.0,19904479.30592418,11118286.092073007,8786193.21385119,0.022116029534788632,GrossApproval full-disbursement proxy; CCF=100%,gross charged-off balance / GrossApproval; not net-of-recovery LGD,pro-rata guarantee share; not observed payout or fiscal cost,Point projection only; tree coefficient resampling unavailable,Not a substitute for failed primary unpenalized logit
layer2,LightGBM secondary robustness,baseline,primary,naics2,31,1335,0.05503875633480525,226464094.0,3291747.493473572,2018407.0758501866,1273340.4176233842,0.014535405747250919,GrossApproval full-disbursement proxy; CCF=100%,gross charged-off balance / GrossApproval; not net-of-recovery LGD,pro-rata guarantee share; not observed payout or fiscal cost,Point projection only; tree coefficient resampling unavailable,Not a substitute for failed primary unpenalized logit
layer2,LightGBM secondary robustness,baseline,primary,naics2,32,1777,0.04428552276212905,370841482.0,4949885.031082386,3111796.922478956,1838088.1086034284,0.013347711276491949,GrossApproval full-disbursement proxy; CCF=100%,gross charged-off balance / GrossApproval; not net-of-recovery LGD,pro-rata guarantee share; not observed payout or fiscal cost,Point projection only; tree coefficient resampling unavailable,Not a substitute for failed primary unpenalized logit
layer2,LightGBM secondary robustness,baseline,primary,naics2,33,3428,0.04696784650075049,715294166.0,10227379.482456796,6514038.153707047,3713341.328749741,0.01429814469150416,GrossApproval full-disbursement proxy; CCF=100%,gross charged-off balance / GrossApproval; not net-of-recovery LGD,pro-rata guarantee share; not observed payout or fiscal cost,Point projection only; tree coefficient resampling unavailable,Not a substitute for failed primary unpenalized logit
layer2,LightGBM secondary robustness,baseline,primary,naics2,42,5131,0.06112073651293806,753056504.0,15507448.951374454,9207258.095698113,6300190.85567636,0.020592676471159532,GrossApproval full-disbursement proxy; CCF=100%,gross charged-off balance / GrossApproval; not net-of-recovery LGD,pro-rata guarantee share; not observed payout or fiscal cost,Point projection only; tree coefficient resampling unavailable,Not a substitute for failed primary unpenalized logit
layer2,LightGBM secondary robustness,baseline,primary,naics2,44,11181,0.053755241587614036,2076650401.0,28088184.32055395,17519695.8133201,10568488.50723378,0.013525716368546306,GrossApproval full-disbursement proxy; CCF=100%,gross charged-off balance / GrossApproval; not net-of-recovery LGD,pro-rata guarantee share; not observed payout or fiscal cost,Point projection only; tree coefficient resampling unavailable,Not a substitute for failed primary unpenalized logit
layer2,LightGBM secondary robustness,baseline,primary,naics2,45,4704,0.06608804993431538,418031965.0,10220915.513153087,6214201.351728685,4006714.161424414,0.024450081259104403,GrossApproval full-disbursement proxy; CCF=100%,gross charged-off balance / GrossApproval; not net-of-recovery LGD,pro-rata guarantee share; not observed payout or fiscal cost,Point projection only; tree coefficient resampling unavailable,Not a substitute for failed primary unpenalized logit
layer2,LightGBM secondary robustness,baseline,primary,naics2,48,3647,0.07527744627139048,262616339.0,7900818.3239151975,4398012.90813375,3502805.4157814505,0.030085021952557175,GrossApproval full-disbursement proxy; CCF=100%,gross charged-off balance / GrossApproval; not net-of-recovery LGD,pro-rata guarantee share; not observed payout or fiscal cost,Point projection only; tree coefficient resampling unavailable,Not a substitute for failed primary unpenalized logit
layer2,LightGBM secondary robustness,baseline,primary,naics2,49,323,0.053320731359454324,37676260.0,612841.9911049566,362371.4262694411,250470.5648355155,0.016265998565275764,GrossApproval full-disbursement proxy; CCF=100%,gross charged-off balance / GrossApproval; not net-of-recovery LGD,pro-rata guarantee share; not observed payout or fiscal cost,Point projection only; tree coefficient resampling unavailable,Not a substitute for failed primary unpenalized logit
layer2,LightGBM secondary robustness,baseline,primary,naics2,51,1561,0.06048572519917707,149295400.0,2856742.017380042,1721263.3965006087,1135478.6208794331,0.0191348294547591,GrossApproval full-disbursement proxy; CCF=100%,gross charged-off balance / GrossApproval; not net-of-recovery LGD,pro-rata guarantee share; not observed payout or fiscal cost,Point projection only; tree coefficient resampling unavailable,Not a substitute for failed primary unpenalized logit
layer2,LightGBM secondary robustness,baseline,primary,naics2,52,1558,0.03842178154824242,161649742.0,2171968.008386229,1282058.0147199586,889909.9936662747,0.013436260284202799,GrossApproval full-disbursement proxy; CCF=100%,gross charged-off balance / GrossApproval; not net-of-recovery LGD,pro-rata guarantee share; not observed payout or fiscal cost,Point projection only; tree coefficient resampling unavailable,Not a substitute for failed primary unpenalized logit
layer2,LightGBM secondary robustness,baseline,primary,naics2,53,2301,0.05483584260474484,269162410.0,4663322.386370556,2689876.282839724,1973446.103530831,0.017325310716197542,GrossApproval full-disbursement proxy; CCF=100%,gross charged-off balance / GrossApproval; not net-of-recovery LGD,pro-rata guarantee share; not observed payout or fiscal cost,Point projection only; tree coefficient resampling unavailable,Not a substitute for failed primary unpenalized logit
layer2,LightGBM secondary robustness,baseline,primary,naics2,54,9044,0.04737084566822743,933681920.0,15920603.153206352,9239499.463444829,6681103.689761544,0.017051420630707245,GrossApproval full-disbursement proxy; CCF=100%,gross charged-off balance / GrossApproval; not net-of-recovery LGD,pro-rata guarantee share; not observed payout or fiscal cost,Point projection only; tree coefficient resampling unavailable,Not a substitute for failed primary unpenalized logit
layer2,LightGBM secondary robustness,baseline,primary,naics2,55,26,0.037032347242872195,5578700.0,59361.19445544663,35851.30271555043,23509.89173989619,0.010640685904502237,GrossApproval full-disbursement proxy; CCF=100%,gross charged-off balance / GrossApproval; not net-of-recovery LGD,pro-rata guarantee share; not observed payout or fiscal cost,Point projection only; tree coefficient resampling unavailable,Not a substitute for failed primary unpenalized logit
layer2,LightGBM secondary robustness,baseline,primary,naics2,56,5048,0.05808304675396528,416651447.0,9003218.138616852,5245093.208148573,3758124.930468282,0.021608512831150332,GrossApproval full-disbursement proxy; CCF=100%,gross charged-off balance / GrossApproval; not net-of-recovery LGD,pro-rata guarantee share; not observed payout or fiscal cost,Point projection only; tree coefficient resampling unavailable,Not a substitute for failed primary unpenalized logit
layer2,LightGBM secondary robustness,baseline,primary,naics2,61,1045,0.05564443825855827,107640054.0,1873814.1040682509,1152096.0558435959,721718.0482246551,0.017408149052658882,GrossApproval full-disbursement proxy; CCF=100%,gross charged-off balance / GrossApproval; not net-of-recovery LGD,pro-rata guarantee share; not observed payout or fiscal cost,Point projection only; tree coefficient resampling unavailable,Not a substitute for failed primary unpenalized logit
layer2,LightGBM secondary robustness,baseline,primary,naics2,62,5626,0.03092018936014194,1168579385.0,10106312.543663027,6548669.068290238,3557643.4753727666,0.008648374833056829,GrossApproval full-disbursement proxy; CCF=100%,gross charged-off balance / GrossApproval; not net-of-recovery LGD,pro-rata guarantee share; not observed payout or fiscal cost,Point projection only; tree coefficient resampling unavailable,Not a substitute for failed primary unpenalized logit
layer2,LightGBM secondary robustness,baseline,primary,naics2,71,1804,0.05549762853687192,258894675.0,3973224.645791011,2571111.153945283,1402113.4918457337,0.015346876662453606,GrossApproval full-disbursement proxy; CCF=100%,gross charged-off balance / GrossApproval; not net-of-recovery LGD,pro-rata guarantee share; not observed payout or fiscal cost,Point projection only; tree coefficient resampling unavailable,Not a substitute for failed primary unpenalized logit
layer2,LightGBM secondary robustness,baseline,primary,naics2,72,9811,0.0483728867065222,2221380328.0,27043177.368866075,17938925.40715505,9104251.961710984,0.01217404198101194,GrossApproval full-disbursement proxy; CCF=100%,gross charged-off balance / GrossApproval; not net-of-recovery LGD,pro-rata guarantee share; not observed payout or fiscal cost,Point projection only; tree coefficient resampling unavailable,Not a substitute for failed primary unpenalized logit
layer2,LightGBM secondary robustness,baseline,primary,naics2,81,9012,0.04989092360259749,1240893182.0,17285974.56042012,10787908.928547896,6498065.631872259,0.013930267980487718,GrossApproval full-disbursement proxy; CCF=100%,gross charged-off balance / GrossApproval; not net-of-recovery LGD,pro-rata guarantee share; not observed payout or fiscal cost,Point projection only; tree coefficient resampling unavailable,Not a substitute for failed primary unpenalized logit
layer2,LightGBM secondary robustness,baseline,primary,naics2,92,23,0.050244467408483595,1234000.0,27581.59608965202,13957.272922029564,13624.323167622455,0.022351374464871978,GrossApproval full-disbursement proxy; CCF=100%,gross charged-off balance / GrossApproval; not net-of-recovery LGD,pro-rata guarantee share; not observed payout or fiscal cost,Point projection only; tree coefficient resampling unavailable,Not a substitute for failed primary unpenalized logit
layer2,LightGBM secondary robustness,baseline,primary,naics2,__missing__,11,0.049277477027446996,1459000.0,23116.487463280722,14443.300771826145,8673.186691454575,0.01584406268902037,GrossApproval full-disbursement proxy; CCF=100%,gross charged-off balance / GrossApproval; not net-of-recovery LGD,pro-rata guarantee share; not observed payout or fiscal cost,Point projection only; tree coefficient resampling unavailable,Not a substitute for failed primary unpenalized logit
layer2,LightGBM secondary robustness,baseline,primary,age_group,existing,60697,0.05225401857267276,8768882885.0,137259195.36774492,81445145.86902636,55814049.498717725,0.015652985353760362,GrossApproval full-disbursement proxy; CCF=100%,gross charged-off balance / GrossApproval; not net-of-recovery LGD,pro-rata guarantee share; not observed payout or fiscal cost,Point projection only; tree coefficient resampling unavailable,Not a substitute for failed primary unpenalized logit
layer2,LightGBM secondary robustness,baseline,primary,age_group,missing,13,0.033809070182138586,7921000.0,46290.87735203163,33036.0481859171,13254.82916611453,0.005844069858860199,GrossApproval full-disbursement proxy; CCF=100%,gross charged-off balance / GrossApproval; not net-of-recovery LGD,pro-rata guarantee share; not observed payout or fiscal cost,Point projection only; tree coefficient resampling unavailable,Not a substitute for failed primary unpenalized logit
layer2,LightGBM secondary robustness,baseline,primary,age_group,new,22668,0.048739132650478224,3756829447.0,50092775.39211339,33815618.40619846,16277156.985914653,0.013333790127767114,GrossApproval full-disbursement proxy; CCF=100%,gross charged-off balance / GrossApproval; not net-of-recovery LGD,pro-rata guarantee share; not observed payout or fiscal cost,Point projection only; tree coefficient resampling unavailable,Not a substitute for failed primary unpenalized logit
layer2,LightGBM secondary robustness,baseline,primary,age_group,unanswered,5624,0.06549151484623682,340344600.0,9809372.729230046,5421261.956029127,4388110.773200909,0.028821884434864095,GrossApproval full-disbursement proxy; CCF=100%,gross charged-off balance / GrossApproval; not net-of-recovery LGD,pro-rata guarantee share; not observed payout or fiscal cost,Point projection only; tree coefficient resampling unavailable,Not a substitute for failed primary unpenalized logit
layer2,LightGBM secondary robustness,baseline,primary,maturity_group,<240_months,84296,0.05444177247255336,9595202151.0,179737059.93734145,107843311.78872022,71893748.14862128,0.01873197219910677,GrossApproval full-disbursement proxy; CCF=100%,gross charged-off balance / GrossApproval; not net-of-recovery LGD,pro-rata guarantee share; not observed payout or fiscal cost,Point projection only; tree coefficient resampling unavailable,Not a substitute for failed primary unpenalized logit
layer2,LightGBM secondary robustness,baseline,primary,maturity_group,>=240_months,4706,0.011904158369711258,3278775781.0,17470574.42909897,12871750.490721133,4598823.938377778,0.005328383395515563,GrossApproval full-disbursement proxy; CCF=100%,gross charged-off balance / GrossApproval; not net-of-recovery LGD,pro-rata guarantee share; not observed payout or fiscal cost,Point projection only; tree coefficient resampling unavailable,Not a substitute for failed primary unpenalized logit
layer2,LightGBM secondary robustness,adverse,primary,overall,all,89002,0.0753618751878084,12873977932.0,294763929.624512,179840525.2969689,114923404.32754028,0.02289610337857087,GrossApproval full-disbursement proxy; CCF=100%,gross charged-off balance / GrossApproval; not net-of-recovery LGD,pro-rata guarantee share; not observed payout or fiscal cost,Point projection only; tree coefficient resampling unavailable,Not a substitute for failed primary unpenalized logit
layer2,LightGBM secondary robustness,adverse,primary,loan_type,revolving,37202,0.12577367624173671,1727860976.0,150768893.0923731,77556435.39466459,73212457.69770876,0.08725753702789402,GrossApproval full-disbursement proxy; CCF=100%,gross charged-off balance / GrossApproval; not net-of-recovery LGD,pro-rata guarantee share; not observed payout or fiscal cost,Point projection only; tree coefficient resampling unavailable,Not a substitute for failed primary unpenalized logit
layer2,LightGBM secondary robustness,adverse,primary,loan_type,term,51800,0.03915685930347876,11146116956.0,143995036.53213218,102284089.90230346,41710946.62982987,0.012918852107918988,GrossApproval full-disbursement proxy; CCF=100%,gross charged-off balance / GrossApproval; not net-of-recovery LGD,pro-rata guarantee share; not observed payout or fiscal cost,Point projection only; tree coefficient resampling unavailable,Not a substitute for failed primary unpenalized logit
layer2,LightGBM secondary robustness,adverse,primary,size_band,150k-350k,9230,0.02554887211353768,2262631644.0,39872939.998893715,26333166.494212553,13539773.504681323,0.01762237353332698,GrossApproval full-disbursement proxy; CCF=100%,gross charged-off balance / GrossApproval; not net-of-recovery LGD,pro-rata guarantee share; not observed payout or fiscal cost,Point projection only; tree coefficient resampling unavailable,Not a substitute for failed primary unpenalized logit
layer2,LightGBM secondary robustness,adverse,primary,size_band,350k-1m,6808,0.01710147461319945,4047517453.0,43083905.42202901,32354484.750459354,10729420.671569712,0.010644526162597628,GrossApproval full-disbursement proxy; CCF=100%,gross charged-off balance / GrossApproval; not net-of-recovery LGD,pro-rata guarantee share; not observed payout or fiscal cost,Point projection only; tree coefficient resampling unavailable,Not a substitute for failed primary unpenalized logit
layer2,LightGBM secondary robustness,adverse,primary,size_band,<=150k,70652,0.08947544640897793,3147269750.0,186006005.49400452,101907804.05237286,84098201.44163288,0.059100750894963645,GrossApproval full-disbursement proxy; CCF=100%,gross charged-off balance / GrossApproval; not net-of-recovery LGD,pro-rata guarantee share; not observed payout or fiscal cost,Point projection only; tree coefficient resampling unavailable,Not a substitute for failed primary unpenalized logit
layer2,LightGBM secondary robustness,adverse,primary,size_band,>1m,2312,0.014487650088041192,3416559085.0,25801078.70957888,19245069.999924183,6556008.709654698,0.007551773017143323,GrossApproval full-disbursement proxy; CCF=100%,gross charged-off balance / GrossApproval; not net-of-recovery LGD,pro-rata guarantee share; not observed payout or fiscal cost,Point projection only; tree coefficient resampling unavailable,Not a substitute for failed primary unpenalized logit
layer2,LightGBM secondary robustness,adverse,primary,naics2,11,487,0.030673381472885567,134532331.0,1200850.3570124162,837188.6652921507,363661.69172026345,0.00892610979149998,GrossApproval full-disbursement proxy; CCF=100%,gross charged-off balance / GrossApproval; not net-of-recovery LGD,pro-rata guarantee share; not observed payout or fiscal cost,Point projection only; tree coefficient resampling unavailable,Not a substitute for failed primary unpenalized logit
layer2,LightGBM secondary robustness,adverse,primary,naics2,21,151,0.05863180428660555,37698863.0,716963.8886252679,473652.7888637462,243311.09976152185,0.019018183350125648,GrossApproval full-disbursement proxy; CCF=100%,gross charged-off balance / GrossApproval; not net-of-recovery LGD,pro-rata guarantee share; not observed payout or fiscal cost,Point projection only; tree coefficient resampling unavailable,Not a substitute for failed primary unpenalized logit
layer2,LightGBM secondary robustness,adverse,primary,naics2,22,65,0.07557479958513531,5012900.0,197248.75072754046,112696.30343437809,84552.44729316242,0.03934823170770222,GrossApproval full-disbursement proxy; CCF=100%,gross charged-off balance / GrossApproval; not net-of-recovery LGD,pro-rata guarantee share; not observed payout or fiscal cost,Point projection only; tree coefficient resampling unavailable,Not a substitute for failed primary unpenalized logit
layer2,LightGBM secondary robustness,adverse,primary,naics2,23,9903,0.08447085276722965,900002384.0,31429312.12235854,17474842.09720037,13954470.025158111,0.03492136541091489,GrossApproval full-disbursement proxy; CCF=100%,gross charged-off balance / GrossApproval; not net-of-recovery LGD,pro-rata guarantee share; not observed payout or fiscal cost,Point projection only; tree coefficient resampling unavailable,Not a substitute for failed primary unpenalized logit
layer2,LightGBM secondary robustness,adverse,primary,naics2,31,1335,0.08484834028692416,226464094.0,5263686.60339455,3193727.823160375,2069958.7802341755,0.023242919044793697,GrossApproval full-disbursement proxy; CCF=100%,gross charged-off balance / GrossApproval; not net-of-recovery LGD,pro-rata guarantee share; not observed payout or fiscal cost,Point projection only; tree coefficient resampling unavailable,Not a substitute for failed primary unpenalized logit
layer2,LightGBM secondary robustness,adverse,primary,naics2,32,1777,0.06480894702464612,370841482.0,7308349.979380636,4559171.891799557,2749178.087581078,0.019707477005985633,GrossApproval full-disbursement proxy; CCF=100%,gross charged-off balance / GrossApproval; not net-of-recovery LGD,pro-rata guarantee share; not observed payout or fiscal cost,Point projection only; tree coefficient resampling unavailable,Not a substitute for failed primary unpenalized logit
layer2,LightGBM secondary robustness,adverse,primary,naics2,33,3428,0.0683814777446309,715294166.0,14891332.177187026,9423971.836480625,5467360.340706393,0.020818472853568647,GrossApproval full-disbursement proxy; CCF=100%,gross charged-off balance / GrossApproval; not net-of-recovery LGD,pro-rata guarantee share; not observed payout or fiscal cost,Point projection only; tree coefficient resampling unavailable,Not a substitute for failed primary unpenalized logit
layer2,LightGBM secondary robustness,adverse,primary,naics2,42,5131,0.09208964327436907,753056504.0,24292551.870399576,14413354.052223753,9879197.818175832,0.032258604422596655,GrossApproval full-disbursement proxy; CCF=100%,gross charged-off balance / GrossApproval; not net-of-recovery LGD,pro-rata guarantee share; not observed payout or fiscal cost,Point projection only; tree coefficient resampling unavailable,Not a substitute for failed primary unpenalized logit
layer2,LightGBM secondary robustness,adverse,primary,naics2,44,11181,0.07521423281835196,2076650401.0,41265879.04232161,25795236.45384971,15470642.58847216,0.019871365455856337,GrossApproval full-disbursement proxy; CCF=100%,gross charged-off balance / GrossApproval; not net-of-recovery LGD,pro-rata guarantee share; not observed payout or fiscal cost,Point projection only; tree coefficient resampling unavailable,Not a substitute for failed primary unpenalized logit
layer2,LightGBM secondary robustness,adverse,primary,naics2,45,4704,0.08842529764877506,418031965.0,13933999.042842431,8372809.926307787,5561189.116534674,0.03333237696988658,GrossApproval full-disbursement proxy; CCF=100%,gross charged-off balance / GrossApproval; not net-of-recovery LGD,pro-rata guarantee share; not observed payout or fiscal cost,Point projection only; tree coefficient resampling unavailable,Not a substitute for failed primary unpenalized logit
layer2,LightGBM secondary robustness,adverse,primary,naics2,48,3647,0.10555774579399824,262616339.0,11281957.12521664,6242497.577481089,5039459.547735552,0.042959844647048565,GrossApproval full-disbursement proxy; CCF=100%,gross charged-off balance / GrossApproval; not net-of-recovery LGD,pro-rata guarantee share; not observed payout or fiscal cost,Point projection only; tree coefficient resampling unavailable,Not a substitute for failed primary unpenalized logit
layer2,LightGBM secondary robustness,adverse,primary,naics2,49,323,0.0728150584553922,37676260.0,879224.2044188213,519669.7359156029,359554.4685032185,0.023336291989141736,GrossApproval full-disbursement proxy; CCF=100%,gross charged-off balance / GrossApproval; not net-of-recovery LGD,pro-rata guarantee share; not observed payout or fiscal cost,Point projection only; tree coefficient resampling unavailable,Not a substitute for failed primary unpenalized logit
layer2,LightGBM secondary robustness,adverse,primary,naics2,51,1561,0.08525157126292587,149295400.0,4208340.6433632765,2492683.5150831738,1715657.1282801027,0.028188012781125718,GrossApproval full-disbursement proxy; CCF=100%,gross charged-off balance / GrossApproval; not net-of-recovery LGD,pro-rata guarantee share; not observed payout or fiscal cost,Point projection only; tree coefficient resampling unavailable,Not a substitute for failed primary unpenalized logit
layer2,LightGBM secondary robustness,adverse,primary,naics2,52,1558,0.05443307281087402,161649742.0,3192200.8729714816,1878473.411690788,1313727.461280693,0.019747639764073868,GrossApproval full-disbursement proxy; CCF=100%,gross charged-off balance / GrossApproval; not net-of-recovery LGD,pro-rata guarantee share; not observed payout or fiscal cost,Point projection only; tree coefficient resampling unavailable,Not a substitute for failed primary unpenalized logit
layer2,LightGBM secondary robustness,adverse,primary,naics2,53,2301,0.08769882485786928,269162410.0,7613699.117136135,4380347.559466464,3233351.557669669,0.02828663600216737,GrossApproval full-disbursement proxy; CCF=100%,gross charged-off balance / GrossApproval; not net-of-recovery LGD,pro-rata guarantee share; not observed payout or fiscal cost,Point projection only; tree coefficient resampling unavailable,Not a substitute for failed primary unpenalized logit
layer2,LightGBM secondary robustness,adverse,primary,naics2,54,9044,0.06953296515406776,933681920.0,23989523.974421017,13850057.787868569,10139466.186552497,0.025693465258940666,GrossApproval full-disbursement proxy; CCF=100%,gross charged-off balance / GrossApproval; not net-of-recovery LGD,pro-rata guarantee share; not observed payout or fiscal cost,Point projection only; tree coefficient resampling unavailable,Not a substitute for failed primary unpenalized logit
layer2,LightGBM secondary robustness,adverse,primary,naics2,55,26,0.06552033148807274,5578700.0,95950.3898388789,57350.14879787284,38600.24104100606,0.017199417398117645,GrossApproval full-disbursement proxy; CCF=100%,gross charged-off balance / GrossApproval; not net-of-recovery LGD,pro-rata guarantee share; not observed payout or fiscal cost,Point projection only; tree coefficient resampling unavailable,Not a substitute for failed primary unpenalized logit
layer2,LightGBM secondary robustness,adverse,primary,naics2,56,5048,0.07986987591268192,416651447.0,13027627.544956796,7541025.935694072,5486601.6092627,0.03126744822023094,GrossApproval full-disbursement proxy; CCF=100%,gross charged-off balance / GrossApproval; not net-of-recovery LGD,pro-rata guarantee share; not observed payout or fiscal cost,Point projection only; tree coefficient resampling unavailable,Not a substitute for failed primary unpenalized logit
layer2,LightGBM secondary robustness,adverse,primary,naics2,61,1045,0.07872344822442809,107640054.0,2749957.909962251,1667649.1296725695,1082308.780289683,0.0255477195316369,GrossApproval full-disbursement proxy; CCF=100%,gross charged-off balance / GrossApproval; not net-of-recovery LGD,pro-rata guarantee share; not observed payout or fiscal cost,Point projection only; tree coefficient resampling unavailable,Not a substitute for failed primary unpenalized logit
layer2,LightGBM secondary robustness,adverse,primary,naics2,62,5626,0.042448779225012445,1168579385.0,14848715.549913498,9694067.322101168,5154648.227812304,0.01270663828278427,GrossApproval full-disbursement proxy; CCF=100%,gross charged-off balance / GrossApproval; not net-of-recovery LGD,pro-rata guarantee share; not observed payout or fiscal cost,Point projection only; tree coefficient resampling unavailable,Not a substitute for failed primary unpenalized logit
layer2,LightGBM secondary robustness,adverse,primary,naics2,71,1804,0.08667261161023203,258894675.0,6236640.670350779,3985297.827691425,2251342.8426593523,0.02408948994547987,GrossApproval full-disbursement proxy; CCF=100%,gross charged-off balance / GrossApproval; not net-of-recovery LGD,pro-rata guarantee share; not observed payout or fiscal cost,Point projection only; tree coefficient resampling unavailable,Not a substitute for failed primary unpenalized logit
layer2,LightGBM secondary robustness,adverse,primary,naics2,72,9811,0.07091917319693096,2221380328.0,41399292.91399043,27447605.717249867,13951687.196740536,0.018636742385876766,GrossApproval full-disbursement proxy; CCF=100%,gross charged-off balance / GrossApproval; not net-of-recovery LGD,pro-rata guarantee share; not observed payout or fiscal cost,Point projection only; tree coefficient resampling unavailable,Not a substitute for failed primary unpenalized logit
layer2,LightGBM secondary robustness,adverse,primary,naics2,81,9012,0.06787783827053286,1240893182.0,24653450.949776486,15379340.073722657,9274110.876053859,0.01986750455832264,GrossApproval full-disbursement proxy; CCF=100%,gross charged-off balance / GrossApproval; not net-of-recovery LGD,pro-rata guarantee share; not observed payout or fiscal cost,Point projection only; tree coefficient resampling unavailable,Not a substitute for failed primary unpenalized logit
layer2,LightGBM secondary robustness,adverse,primary,naics2,92,23,0.07222530571272485,1234000.0,38147.36325603616,19309.00423558165,18838.35902045451,0.030913584486252966,GrossApproval full-disbursement proxy; CCF=100%,gross charged-off balance / GrossApproval; not net-of-recovery LGD,pro-rata guarantee share; not observed payout or fiscal cost,Point projection only; tree coefficient resampling unavailable,Not a substitute for failed primary unpenalized logit
layer2,LightGBM secondary robustness,adverse,primary,naics2,__missing__,11,0.12175818791851412,1459000.0,49026.56068514366,28498.71168515706,20527.848999986592,0.033602851737589895,GrossApproval full-disbursement proxy; CCF=100%,gross charged-off balance / GrossApproval; not net-of-recovery LGD,pro-rata guarantee share; not observed payout or fiscal cost,Point projection only; tree coefficient resampling unavailable,Not a substitute for failed primary unpenalized logit
layer2,LightGBM secondary robustness,adverse,primary,age_group,existing,60697,0.07789095630913227,8768882885.0,210453333.74131218,124609799.46683869,85843534.27447304,0.024000016478873544,GrossApproval full-disbursement proxy; CCF=100%,gross charged-off balance / GrossApproval; not net-of-recovery LGD,pro-rata guarantee share; not observed payout or fiscal cost,Point projection only; tree coefficient resampling unavailable,Not a substitute for failed primary unpenalized logit
layer2,LightGBM secondary robustness,adverse,primary,age_group,missing,13,0.051615624132366276,7921000.0,74198.21571158449,52798.68377976183,21399.531931822647,0.009367278842517925,GrossApproval full-disbursement proxy; CCF=100%,gross charged-off balance / GrossApproval; not net-of-recovery LGD,pro-rata guarantee share; not observed payout or fiscal cost,Point projection only; tree coefficient resampling unavailable,Not a substitute for failed primary unpenalized logit
layer2,LightGBM secondary robustness,adverse,primary,age_group,new,22668,0.06320109164508894,3756829447.0,69566405.6822984,47135114.38966097,22431291.29263743,0.018517318037381325,GrossApproval full-disbursement proxy; CCF=100%,gross charged-off balance / GrossApproval; not net-of-recovery LGD,pro-rata guarantee share; not observed payout or fiscal cost,Point projection only; tree coefficient resampling unavailable,Not a substitute for failed primary unpenalized logit
layer2,LightGBM secondary robustness,adverse,primary,age_group,unanswered,5624,0.0971367161887074,340344600.0,14669991.985185476,8042812.756689389,6627179.228496069,0.04310334873885314,GrossApproval full-disbursement proxy; CCF=100%,gross charged-off balance / GrossApproval; not net-of-recovery LGD,pro-rata guarantee share; not observed payout or fiscal cost,Point projection only; tree coefficient resampling unavailable,Not a substitute for failed primary unpenalized logit
layer2,LightGBM secondary robustness,adverse,primary,maturity_group,<240_months,84296,0.07858637651021405,9595202151.0,266460328.5020726,158905015.2726839,107555313.22938825,0.027770163078252856,GrossApproval full-disbursement proxy; CCF=100%,gross charged-off balance / GrossApproval; not net-of-recovery LGD,pro-rata guarantee share; not observed payout or fiscal cost,Point projection only; tree coefficient resampling unavailable,Not a substitute for failed primary unpenalized logit
layer2,LightGBM secondary robustness,adverse,primary,maturity_group,>=240_months,4706,0.017603149417828586,3278775781.0,28303601.122436803,20935510.024284728,7368091.098152122,0.008632368607347842,GrossApproval full-disbursement proxy; CCF=100%,gross charged-off balance / GrossApproval; not net-of-recovery LGD,pro-rata guarantee share; not observed payout or fiscal cost,Point projection only; tree coefficient resampling unavailable,Not a substitute for failed primary unpenalized logit
layer2,LightGBM secondary robustness,adverse,capped,overall,all,89002,0.0753618751878084,12873977932.0,291966038.99693006,178282630.8643917,113683408.13253388,0.022678774232726413,GrossApproval full-disbursement proxy; CCF=100%,gross charged-off balance / GrossApproval; not net-of-recovery LGD,pro-rata guarantee share; not observed payout or fiscal cost,Point projection only; tree coefficient resampling unavailable,Not a substitute for failed primary unpenalized logit
layer2,LightGBM secondary robustness,adverse,capped,loan_type,revolving,37202,0.12577367624173671,1727860976.0,148644011.69299337,76466445.49458985,72177566.1984036,0.08602776135213402,GrossApproval full-disbursement proxy; CCF=100%,gross charged-off balance / GrossApproval; not net-of-recovery LGD,pro-rata guarantee share; not observed payout or fiscal cost,Point projection only; tree coefficient resampling unavailable,Not a substitute for failed primary unpenalized logit
layer2,LightGBM secondary robustness,adverse,capped,loan_type,term,51800,0.03915685930347876,11146116956.0,143322027.30393082,101816185.36980195,41505841.93412882,0.012858471508033117,GrossApproval full-disbursement proxy; CCF=100%,gross charged-off balance / GrossApproval; not net-of-recovery LGD,pro-rata guarantee share; not observed payout or fiscal cost,Point projection only; tree coefficient resampling unavailable,Not a substitute for failed primary unpenalized logit
layer2,LightGBM secondary robustness,adverse,capped,size_band,150k-350k,9230,0.02554887211353768,2262631644.0,39546106.122108266,26123791.488902017,13422314.633206347,0.017477924975979105,GrossApproval full-disbursement proxy; CCF=100%,gross charged-off balance / GrossApproval; not net-of-recovery LGD,pro-rata guarantee share; not observed payout or fiscal cost,Point projection only; tree coefficient resampling unavailable,Not a substitute for failed primary unpenalized logit
layer2,LightGBM secondary robustness,adverse,capped,size_band,350k-1m,6808,0.01710147461319945,4047517453.0,42958885.55206005,32259565.627070956,10699319.924989257,0.010613638125320285,GrossApproval full-disbursement proxy; CCF=100%,gross charged-off balance / GrossApproval; not net-of-recovery LGD,pro-rata guarantee share; not observed payout or fiscal cost,Point projection only; tree coefficient resampling unavailable,Not a substitute for failed primary unpenalized logit
layer2,LightGBM secondary robustness,adverse,capped,size_band,<=150k,70652,0.08947544640897793,3147269750.0,183733562.03720853,100709791.56843466,83023770.46877334,0.05837871445153645,GrossApproval full-disbursement proxy; CCF=100%,gross charged-off balance / GrossApproval; not net-of-recovery LGD,pro-rata guarantee share; not observed payout or fiscal cost,Point projection only; tree coefficient resampling unavailable,Not a substitute for failed primary unpenalized logit
layer2,LightGBM secondary robustness,adverse,capped,size_band,>1m,2312,0.014487650088041192,3416559085.0,25727485.285550132,19189482.179985348,6538003.105564762,0.00753023280015956,GrossApproval full-disbursement proxy; CCF=100%,gross charged-off balance / GrossApproval; not net-of-recovery LGD,pro-rata guarantee share; not observed payout or fiscal cost,Point projection only; tree coefficient resampling unavailable,Not a substitute for failed primary unpenalized logit
layer2,LightGBM secondary robustness,adverse,capped,naics2,11,487,0.030673381472885567,134532331.0,1192514.580138785,831711.2288221534,360803.35131663235,0.008864148649433459,GrossApproval full-disbursement proxy; CCF=100%,gross charged-off balance / GrossApproval; not net-of-recovery LGD,pro-rata guarantee share; not observed payout or fiscal cost,Point projection only; tree coefficient resampling unavailable,Not a substitute for failed primary unpenalized logit
layer2,LightGBM secondary robustness,adverse,capped,naics2,21,151,0.05863180428660555,37698863.0,711843.4284146046,470610.3025303482,241233.12588425627,0.018882358028002186,GrossApproval full-disbursement proxy; CCF=100%,gross charged-off balance / GrossApproval; not net-of-recovery LGD,pro-rata guarantee share; not observed payout or fiscal cost,Point projection only; tree coefficient resampling unavailable,Not a substitute for failed primary unpenalized logit
layer2,LightGBM secondary robustness,adverse,capped,naics2,22,65,0.07557479958513531,5012900.0,194920.5373021932,111407.3272740138,83513.21002817937,0.03888378728923242,GrossApproval full-disbursement proxy; CCF=100%,gross charged-off balance / GrossApproval; not net-of-recovery LGD,pro-rata guarantee share; not observed payout or fiscal cost,Point projection only; tree coefficient resampling unavailable,Not a substitute for failed primary unpenalized logit
layer2,LightGBM secondary robustness,adverse,capped,naics2,23,9903,0.08447085276722965,900002384.0,31062986.710637115,17281673.079924356,13781313.630712787,0.034514338253838574,GrossApproval full-disbursement proxy; CCF=100%,gross charged-off balance / GrossApproval; not net-of-recovery LGD,pro-rata guarantee share; not observed payout or fiscal cost,Point projection only; tree coefficient resampling unavailable,Not a substitute for failed primary unpenalized logit
layer2,LightGBM secondary robustness,adverse,capped,naics2,31,1335,0.08484834028692416,226464094.0,5213514.007071733,3165965.924473052,2047548.0825986713,0.0230213713573143,GrossApproval full-disbursement proxy; CCF=100%,gross charged-off balance / GrossApproval; not net-of-recovery LGD,pro-rata guarantee share; not observed payout or fiscal cost,Point projection only; tree coefficient resampling unavailable,Not a substitute for failed primary unpenalized logit
layer2,LightGBM secondary robustness,adverse,capped,naics2,32,1777,0.06480894702464612,370841482.0,7245339.178345597,4523685.571888491,2721653.6064571072,0.019537563972807113,GrossApproval full-disbursement proxy; CCF=100%,gross charged-off balance / GrossApproval; not net-of-recovery LGD,pro-rata guarantee share; not observed payout or fiscal cost,Point projection only; tree coefficient resampling unavailable,Not a substitute for failed primary unpenalized logit
layer2,LightGBM secondary robustness,adverse,capped,naics2,33,3428,0.0683814777446309,715294166.0,14752911.230145272,9343078.880860202,5409832.349285078,0.020624956740029208,GrossApproval full-disbursement proxy; CCF=100%,gross charged-off balance / GrossApproval; not net-of-recovery LGD,pro-rata guarantee share; not observed payout or fiscal cost,Point projection only; tree coefficient resampling unavailable,Not a substitute for failed primary unpenalized logit
layer2,LightGBM secondary robustness,adverse,capped,naics2,42,5131,0.09208964327436907,753056504.0,24029209.003376413,14266626.310601257,9762582.692775177,0.0319089057404601,GrossApproval full-disbursement proxy; CCF=100%,gross charged-off balance / GrossApproval; not net-of-recovery LGD,pro-rata guarantee share; not observed payout or fiscal cost,Point projection only; tree coefficient resampling unavailable,Not a substitute for failed primary unpenalized logit
layer2,LightGBM secondary robustness,adverse,capped,naics2,44,11181,0.07521423281835196,2076650401.0,40910341.89269602,25596327.876936022,15314014.01575996,0.019700158424834465,GrossApproval full-disbursement proxy; CCF=100%,gross charged-off balance / GrossApproval; not net-of-recovery LGD,pro-rata guarantee share; not observed payout or fiscal cost,Point projection only; tree coefficient resampling unavailable,Not a substitute for failed primary unpenalized logit
layer2,LightGBM secondary robustness,adverse,capped,naics2,45,4704,0.08842529764877506,418031965.0,13792959.258270254,8294266.43767813,5498692.8205921315,0.03299498701796705,GrossApproval full-disbursement proxy; CCF=100%,gross charged-off balance / GrossApproval; not net-of-recovery LGD,pro-rata guarantee share; not observed payout or fiscal cost,Point projection only; tree coefficient resampling unavailable,Not a substitute for failed primary unpenalized logit
layer2,LightGBM secondary robustness,adverse,capped,naics2,48,3647,0.10555774579399824,262616339.0,11156871.492985588,6176906.673306185,4979964.8196793925,0.04248353904966129,GrossApproval full-disbursement proxy; CCF=100%,gross charged-off balance / GrossApproval; not net-of-recovery LGD,pro-rata guarantee share; not observed payout or fiscal cost,Point projection only; tree coefficient resampling unavailable,Not a substitute for failed primary unpenalized logit
layer2,LightGBM secondary robustness,adverse,capped,naics2,49,323,0.0728150584553922,37676260.0,870295.3476296139,514758.2655490851,355537.0820805288,0.023099303052628205,GrossApproval full-disbursement proxy; CCF=100%,gross charged-off balance / GrossApproval; not net-of-recovery LGD,pro-rata guarantee share; not observed payout or fiscal cost,Point projection only; tree coefficient resampling unavailable,Not a substitute for failed primary unpenalized logit
layer2,LightGBM secondary robustness,adverse,capped,naics2,51,1561,0.08525157126292587,149295400.0,4164257.6802611626,2468614.090592932,1695643.589668226,0.02789273936277449,GrossApproval full-disbursement proxy; CCF=100%,gross charged-off balance / GrossApproval; not net-of-recovery LGD,pro-rata guarantee share; not observed payout or fiscal cost,Point projection only; tree coefficient resampling unavailable,Not a substitute for failed primary unpenalized logit
layer2,LightGBM secondary robustness,adverse,capped,naics2,52,1558,0.05443307281087402,161649742.0,3159253.880585822,1860531.5992165497,1298722.2813692736,0.019543822597538212,GrossApproval full-disbursement proxy; CCF=100%,gross charged-off balance / GrossApproval; not net-of-recovery LGD,pro-rata guarantee share; not observed payout or fiscal cost,Point projection only; tree coefficient resampling unavailable,Not a substitute for failed primary unpenalized logit
layer2,LightGBM secondary robustness,adverse,capped,naics2,53,2301,0.08769882485786928,269162410.0,7532872.611699375,4337483.891446544,3195388.720252838,0.02798634702260013,GrossApproval full-disbursement proxy; CCF=100%,gross charged-off balance / GrossApproval; not net-of-recovery LGD,pro-rata guarantee share; not observed payout or fiscal cost,Point projection only; tree coefficient resampling unavailable,Not a substitute for failed primary unpenalized logit
layer2,LightGBM secondary robustness,adverse,capped,naics2,54,9044,0.06953296515406776,933681920.0,23732115.866074942,13712334.451967634,10019781.414107313,0.025417773823953816,GrossApproval full-disbursement proxy; CCF=100%,gross charged-off balance / GrossApproval; not net-of-recovery LGD,pro-rata guarantee share; not observed payout or fiscal cost,Point projection only; tree coefficient resampling unavailable,Not a substitute for failed primary unpenalized logit
layer2,LightGBM secondary robustness,adverse,capped,naics2,55,26,0.06552033148807274,5578700.0,95043.08691775364,56864.90417956626,38178.18273818736,0.017036780417974372,GrossApproval full-disbursement proxy; CCF=100%,gross charged-off balance / GrossApproval; not net-of-recovery LGD,pro-rata guarantee share; not observed payout or fiscal cost,Point projection only; tree coefficient resampling unavailable,Not a substitute for failed primary unpenalized logit
layer2,LightGBM secondary robustness,adverse,capped,naics2,56,5048,0.07986987591268192,416651447.0,12886256.313088711,7464745.428498023,5421510.884590665,0.0309281448699462,GrossApproval full-disbursement proxy; CCF=100%,gross charged-off balance / GrossApproval; not net-of-recovery LGD,pro-rata guarantee share; not observed payout or fiscal cost,Point projection only; tree coefficient resampling unavailable,Not a substitute for failed primary unpenalized logit
layer2,LightGBM secondary robustness,adverse,capped,naics2,61,1045,0.07872344822442809,107640054.0,2722565.232407303,1652411.2174202509,1070154.0149870522,0.02529323547540494,GrossApproval full-disbursement proxy; CCF=100%,gross charged-off balance / GrossApproval; not net-of-recovery LGD,pro-rata guarantee share; not observed payout or fiscal cost,Point projection only; tree coefficient resampling unavailable,Not a substitute for failed primary unpenalized logit
layer2,LightGBM secondary robustness,adverse,capped,naics2,62,5626,0.042448779225012445,1168579385.0,14739229.782110298,9630591.606335636,5108638.175774623,0.01261294694336089,GrossApproval full-disbursement proxy; CCF=100%,gross charged-off balance / GrossApproval; not net-of-recovery LGD,pro-rata guarantee share; not observed payout or fiscal cost,Point projection only; tree coefficient resampling unavailable,Not a substitute for failed primary unpenalized logit
layer2,LightGBM secondary robustness,adverse,capped,naics2,71,1804,0.08667261161023203,258894675.0,6182762.796456396,3953934.095458425,2228828.7009979733,0.023881382637384856,GrossApproval full-disbursement proxy; CCF=100%,gross charged-off balance / GrossApproval; not net-of-recovery LGD,pro-rata guarantee share; not observed payout or fiscal cost,Point projection only; tree coefficient resampling unavailable,Not a substitute for failed primary unpenalized logit
layer2,LightGBM secondary robustness,adverse,capped,naics2,72,9811,0.07091917319693096,2221380328.0,41098253.37465485,27265926.365011454,13832327.00964341,0.018501223251426422,GrossApproval full-disbursement proxy; CCF=100%,gross charged-off balance / GrossApproval; not net-of-recovery LGD,pro-rata guarantee share; not observed payout or fiscal cost,Point projection only; tree coefficient resampling unavailable,Not a substitute for failed primary unpenalized logit
layer2,LightGBM secondary robustness,adverse,capped,naics2,81,9012,0.06787783827053286,1240893182.0,24433523.903732855,15254875.968230832,9178647.93550202,0.019690271699577162,GrossApproval full-disbursement proxy; CCF=100%,gross charged-off balance / GrossApproval; not net-of-recovery LGD,pro-rata guarantee share; not observed payout or fiscal cost,Point projection only; tree coefficient resampling unavailable,Not a substitute for failed primary unpenalized logit
layer2,LightGBM secondary robustness,adverse,capped,naics2,92,23,0.07222530571272485,1234000.0,37721.66520346021,19094.620756643286,18627.044446816923,0.030568610375575532,GrossApproval full-disbursement proxy; CCF=100%,gross charged-off balance / GrossApproval; not net-of-recovery LGD,pro-rata guarantee share; not observed payout or fiscal cost,Point projection only; tree coefficient resampling unavailable,Not a substitute for failed primary unpenalized logit
layer2,LightGBM secondary robustness,adverse,capped,naics2,__missing__,11,0.12175818791851412,1459000.0,48476.13671909664,28204.74543409772,20271.391284998917,0.03322559062309571,GrossApproval full-disbursement proxy; CCF=100%,gross charged-off balance / GrossApproval; not net-of-recovery LGD,pro-rata guarantee share; not observed payout or fiscal cost,Point projection only; tree coefficient resampling unavailable,Not a substitute for failed primary unpenalized logit
layer2,LightGBM secondary robustness,adverse,capped,age_group,existing,60697,0.07789095630913227,8768882885.0,208342009.35068318,123461975.5317321,84880033.81895064,0.023759241865012454,GrossApproval full-disbursement proxy; CCF=100%,gross charged-off balance / GrossApproval; not net-of-recovery LGD,pro-rata guarantee share; not observed payout or fiscal cost,Point projection only; tree coefficient resampling unavailable,Not a substitute for failed primary unpenalized logit
layer2,LightGBM secondary robustness,adverse,capped,age_group,missing,13,0.051615624132366276,7921000.0,73858.68859496781,52584.64515554505,21274.04343942278,0.00932441466922962,GrossApproval full-disbursement proxy; CCF=100%,gross charged-off balance / GrossApproval; not net-of-recovery LGD,pro-rata guarantee share; not observed payout or fiscal cost,Point projection only; tree coefficient resampling unavailable,Not a substitute for failed primary unpenalized logit
layer2,LightGBM secondary robustness,adverse,capped,age_group,new,22668,0.06320109164508894,3756829447.0,69055904.30139196,46817037.05267007,22238867.248721793,0.018381431809883265,GrossApproval full-disbursement proxy; CCF=100%,gross charged-off balance / GrossApproval; not net-of-recovery LGD,pro-rata guarantee share; not observed payout or fiscal cost,Point projection only; tree coefficient resampling unavailable,Not a substitute for failed primary unpenalized logit
layer2,LightGBM secondary robustness,adverse,capped,age_group,unanswered,5624,0.0971367161887074,340344600.0,14494266.656257393,7951033.634835131,6543233.021422239,0.04258703283747529,GrossApproval full-disbursement proxy; CCF=100%,gross charged-off balance / GrossApproval; not net-of-recovery LGD,pro-rata guarantee share; not observed payout or fiscal cost,Point projection only; tree coefficient resampling unavailable,Not a substitute for failed primary unpenalized logit
layer2,LightGBM secondary robustness,adverse,capped,maturity_group,<240_months,84296,0.07858637651021405,9595202151.0,263745990.36935663,157408256.813956,106337733.55539656,0.02748727814367823,GrossApproval full-disbursement proxy; CCF=100%,gross charged-off balance / GrossApproval; not net-of-recovery LGD,pro-rata guarantee share; not observed payout or fiscal cost,Point projection only; tree coefficient resampling unavailable,Not a substitute for failed primary unpenalized logit
layer2,LightGBM secondary robustness,adverse,capped,maturity_group,>=240_months,4706,0.017603149417828586,3278775781.0,28220048.62757301,20874374.05043576,7345674.577137297,0.008606885774594238,GrossApproval full-disbursement proxy; CCF=100%,gross charged-off balance / GrossApproval; not net-of-recovery LGD,pro-rata guarantee share; not observed payout or fiscal cost,Point projection only; tree coefficient resampling unavailable,Not a substitute for failed primary unpenalized logit
layer2,LightGBM secondary robustness,adverse,downturn,overall,all,89002,0.0753618751878084,12873977932.0,311004816.7101985,191566947.4795193,119437869.23067717,0.02415763164679305,GrossApproval full-disbursement proxy; CCF=100%,gross charged-off balance / GrossApproval; not net-of-recovery LGD,pro-rata guarantee share; not observed payout or fiscal cost,Point projection only; tree coefficient resampling unavailable,Not a substitute for failed primary unpenalized logit
layer2,LightGBM secondary robustness,adverse,downturn,loan_type,revolving,37202,0.12577367624173671,1727860976.0,152400730.40790376,78447956.03338115,73952774.37452182,0.0882019633088257,GrossApproval full-disbursement proxy; CCF=100%,gross charged-off balance / GrossApproval; not net-of-recovery LGD,pro-rata guarantee share; not observed payout or fiscal cost,Point projection only; tree coefficient resampling unavailable,Not a substitute for failed primary unpenalized logit
layer2,LightGBM secondary robustness,adverse,downturn,loan_type,term,51800,0.03915685930347876,11146116956.0,158604086.30229104,113118991.4461329,45485094.856156506,0.014229537239595698,GrossApproval full-disbursement proxy; CCF=100%,gross charged-off balance / GrossApproval; not net-of-recovery LGD,pro-rata guarantee share; not observed payout or fiscal cost,Point projection only; tree coefficient resampling unavailable,Not a substitute for failed primary unpenalized logit
layer2,LightGBM secondary robustness,adverse,downturn,size_band,150k-350k,9230,0.02554887211353768,2262631644.0,41645994.746844955,27507215.60445791,14138779.142387195,0.018405998544783437,GrossApproval full-disbursement proxy; CCF=100%,gross charged-off balance / GrossApproval; not net-of-recovery LGD,pro-rata guarantee share; not observed payout or fiscal cost,Point projection only; tree coefficient resampling unavailable,Not a substitute for failed primary unpenalized logit
layer2,LightGBM secondary robustness,adverse,downturn,size_band,350k-1m,6808,0.01710147461319945,4047517453.0,47747907.69096923,35849703.737687275,11898203.953281868,0.01179683799895136,GrossApproval full-disbursement proxy; CCF=100%,gross charged-off balance / GrossApproval; not net-of-recovery LGD,pro-rata guarantee share; not observed payout or fiscal cost,Point projection only; tree coefficient resampling unavailable,Not a substitute for failed primary unpenalized logit
layer2,LightGBM secondary robustness,adverse,downturn,size_band,<=150k,70652,0.08947544640897793,3147269750.0,186840641.69692487,102297412.87550431,84543228.82142024,0.05936594462451935,GrossApproval full-disbursement proxy; CCF=100%,gross charged-off balance / GrossApproval; not net-of-recovery LGD,pro-rata guarantee share; not observed payout or fiscal cost,Point projection only; tree coefficient resampling unavailable,Not a substitute for failed primary unpenalized logit
layer2,LightGBM secondary robustness,adverse,downturn,size_band,>1m,2312,0.014487650088041192,3416559085.0,34770272.57545371,25912615.261864994,8857657.313588738,0.010176985590007355,GrossApproval full-disbursement proxy; CCF=100%,gross charged-off balance / GrossApproval; not net-of-recovery LGD,pro-rata guarantee share; not observed payout or fiscal cost,Point projection only; tree coefficient resampling unavailable,Not a substitute for failed primary unpenalized logit
layer2,LightGBM secondary robustness,adverse,downturn,naics2,11,487,0.030673381472885567,134532331.0,1320124.0651054927,926024.0818280982,394099.9832773953,0.009812690044785537,GrossApproval full-disbursement proxy; CCF=100%,gross charged-off balance / GrossApproval; not net-of-recovery LGD,pro-rata guarantee share; not observed payout or fiscal cost,Point projection only; tree coefficient resampling unavailable,Not a substitute for failed primary unpenalized logit
layer2,LightGBM secondary robustness,adverse,downturn,naics2,21,151,0.05863180428660555,37698863.0,780307.5915237586,520356.556740507,259951.03478325193,0.02069843834610499,GrossApproval full-disbursement proxy; CCF=100%,gross charged-off balance / GrossApproval; not net-of-recovery LGD,pro-rata guarantee share; not observed payout or fiscal cost,Point projection only; tree coefficient resampling unavailable,Not a substitute for failed primary unpenalized logit
layer2,LightGBM secondary robustness,adverse,downturn,naics2,22,65,0.07557479958513531,5012900.0,200071.17650716938,114443.87832375139,85627.29818341801,0.03991126423969546,GrossApproval full-disbursement proxy; CCF=100%,gross charged-off balance / GrossApproval; not net-of-recovery LGD,pro-rata guarantee share; not observed payout or fiscal cost,Point projection only; tree coefficient resampling unavailable,Not a substitute for failed primary unpenalized logit
layer2,LightGBM secondary robustness,adverse,downturn,naics2,23,9903,0.08447085276722965,900002384.0,32350614.642281145,18106990.98930877,14243623.652972508,0.03594503216591607,GrossApproval full-disbursement proxy; CCF=100%,gross charged-off balance / GrossApproval; not net-of-recovery LGD,pro-rata guarantee share; not observed payout or fiscal cost,Point projection only; tree coefficient resampling unavailable,Not a substitute for failed primary unpenalized logit
layer2,LightGBM secondary robustness,adverse,downturn,naics2,31,1335,0.08484834028692416,226464094.0,5581172.301323145,3421948.95844549,2159223.3428776534,0.024644844146123866,GrossApproval full-disbursement proxy; CCF=100%,gross charged-off balance / GrossApproval; not net-of-recovery LGD,pro-rata guarantee share; not observed payout or fiscal cost,Point projection only; tree coefficient resampling unavailable,Not a substitute for failed primary unpenalized logit
layer2,LightGBM secondary robustness,adverse,downturn,naics2,32,1777,0.06480894702464612,370841482.0,7888003.710506231,4979575.698156235,2908428.0123499753,0.021270553844098355,GrossApproval full-disbursement proxy; CCF=100%,gross charged-off balance / GrossApproval; not net-of-recovery LGD,pro-rata guarantee share; not observed payout or fiscal cost,Point projection only; tree coefficient resampling unavailable,Not a substitute for failed primary unpenalized logit
layer2,LightGBM secondary robustness,adverse,downturn,naics2,33,3428,0.0683814777446309,715294166.0,15944548.611700743,10193714.380303528,5750834.231397212,0.02229089704570685,GrossApproval full-disbursement proxy; CCF=100%,gross charged-off balance / GrossApproval; not net-of-recovery LGD,pro-rata guarantee share; not observed payout or fiscal cost,Point projection only; tree coefficient resampling unavailable,Not a substitute for failed primary unpenalized logit
layer2,LightGBM secondary robustness,adverse,downturn,naics2,42,5131,0.09208964327436907,753056504.0,25436049.57203883,15234034.260385396,10202015.311653428,0.03377707972367347,GrossApproval full-disbursement proxy; CCF=100%,gross charged-off balance / GrossApproval; not net-of-recovery LGD,pro-rata guarantee share; not observed payout or fiscal cost,Point projection only; tree coefficient resampling unavailable,Not a substitute for failed primary unpenalized logit
layer2,LightGBM secondary robustness,adverse,downturn,naics2,44,11181,0.07521423281835196,2076650401.0,44183774.81972608,27931424.391800147,16252350.427926006,0.02127646271055042,GrossApproval full-disbursement proxy; CCF=100%,gross charged-off balance / GrossApproval; not net-of-recovery LGD,pro-rata guarantee share; not observed payout or fiscal cost,Point projection only; tree coefficient resampling unavailable,Not a substitute for failed primary unpenalized logit
layer2,LightGBM secondary robustness,adverse,downturn,naics2,45,4704,0.08842529764877506,418031965.0,14292589.003100768,8623128.880974745,5669460.122126008,0.03419018209074219,GrossApproval full-disbursement proxy; CCF=100%,gross charged-off balance / GrossApproval; not net-of-recovery LGD,pro-rata guarantee share; not observed payout or fiscal cost,Point projection only; tree coefficient resampling unavailable,Not a substitute for failed primary unpenalized logit
layer2,LightGBM secondary robustness,adverse,downturn,naics2,48,3647,0.10555774579399824,262616339.0,11530033.797728,6411713.6804884225,5118320.117239573,0.04390447997878761,GrossApproval full-disbursement proxy; CCF=100%,gross charged-off balance / GrossApproval; not net-of-recovery LGD,pro-rata guarantee share; not observed payout or fiscal cost,Point projection only; tree coefficient resampling unavailable,Not a substitute for failed primary unpenalized logit
layer2,LightGBM secondary robustness,adverse,downturn,naics2,49,323,0.0728150584553922,37676260.0,919711.1763331832,548995.6113304001,370715.56500278367,0.0244108936591154,GrossApproval full-disbursement proxy; CCF=100%,gross charged-off balance / GrossApproval; not net-of-recovery LGD,pro-rata guarantee share; not observed payout or fiscal cost,Point projection only; tree coefficient resampling unavailable,Not a substitute for failed primary unpenalized logit
layer2,LightGBM secondary robustness,adverse,downturn,naics2,51,1561,0.08525157126292587,149295400.0,4374003.544141741,2610167.3401170312,1763836.2040247063,0.029297644429377868,GrossApproval full-disbursement proxy; CCF=100%,gross charged-off balance / GrossApproval; not net-of-recovery LGD,pro-rata guarantee share; not observed payout or fiscal cost,Point projection only; tree coefficient resampling unavailable,Not a substitute for failed primary unpenalized logit
layer2,LightGBM secondary robustness,adverse,downturn,naics2,52,1558,0.05443307281087402,161649742.0,3332498.937382735,1978347.582609226,1354151.3547735077,0.020615553703653512,GrossApproval full-disbursement proxy; CCF=100%,gross charged-off balance / GrossApproval; not net-of-recovery LGD,pro-rata guarantee share; not observed payout or fiscal cost,Point projection only; tree coefficient resampling unavailable,Not a substitute for failed primary unpenalized logit
layer2,LightGBM secondary robustness,adverse,downturn,naics2,53,2301,0.08769882485786928,269162410.0,7956473.440322066,4625993.788316681,3330479.652005385,0.029560121119149088,GrossApproval full-disbursement proxy; CCF=100%,gross charged-off balance / GrossApproval; not net-of-recovery LGD,pro-rata guarantee share; not observed payout or fiscal cost,Point projection only; tree coefficient resampling unavailable,Not a substitute for failed primary unpenalized logit
layer2,LightGBM secondary robustness,adverse,downturn,naics2,54,9044,0.06953296515406776,933681920.0,24987011.418054145,14552819.320668334,10434192.097385818,0.02676180279688199,GrossApproval full-disbursement proxy; CCF=100%,gross charged-off balance / GrossApproval; not net-of-recovery LGD,pro-rata guarantee share; not observed payout or fiscal cost,Point projection only; tree coefficient resampling unavailable,Not a substitute for failed primary unpenalized logit
layer2,LightGBM secondary robustness,adverse,downturn,naics2,55,26,0.06552033148807274,5578700.0,104043.1671711284,63305.43053863474,40737.73663249367,0.018650073883006508,GrossApproval full-disbursement proxy; CCF=100%,gross charged-off balance / GrossApproval; not net-of-recovery LGD,pro-rata guarantee share; not observed payout or fiscal cost,Point projection only; tree coefficient resampling unavailable,Not a substitute for failed primary unpenalized logit
layer2,LightGBM secondary robustness,adverse,downturn,naics2,56,5048,0.07986987591268192,416651447.0,13443357.193145193,7822065.450911813,5621291.742233398,0.032265235822270394,GrossApproval full-disbursement proxy; CCF=100%,gross charged-off balance / GrossApproval; not net-of-recovery LGD,pro-rata guarantee share; not observed payout or fiscal cost,Point projection only; tree coefficient resampling unavailable,Not a substitute for failed primary unpenalized logit
layer2,LightGBM secondary robustness,adverse,downturn,naics2,61,1045,0.07872344822442809,107640054.0,2856460.253162017,1743093.6073319046,1113366.6458301104,0.026537149945707172,GrossApproval full-disbursement proxy; CCF=100%,gross charged-off balance / GrossApproval; not net-of-recovery LGD,pro-rata guarantee share; not observed payout or fiscal cost,Point projection only; tree coefficient resampling unavailable,Not a substitute for failed primary unpenalized logit
layer2,LightGBM secondary robustness,adverse,downturn,naics2,62,5626,0.042448779225012445,1168579385.0,16182229.584137145,10676423.624851909,5505805.959285285,0.013847779442161857,GrossApproval full-disbursement proxy; CCF=100%,gross charged-off balance / GrossApproval; not net-of-recovery LGD,pro-rata guarantee share; not observed payout or fiscal cost,Point projection only; tree coefficient resampling unavailable,Not a substitute for failed primary unpenalized logit
layer2,LightGBM secondary robustness,adverse,downturn,naics2,71,1804,0.08667261161023203,258894675.0,6548941.30624688,4212267.158257328,2336674.1479895455,0.02529577445440653,GrossApproval full-disbursement proxy; CCF=100%,gross charged-off balance / GrossApproval; not net-of-recovery LGD,pro-rata guarantee share; not observed payout or fiscal cost,Point projection only; tree coefficient resampling unavailable,Not a substitute for failed primary unpenalized logit
layer2,LightGBM secondary robustness,adverse,downturn,naics2,72,9811,0.07091917319693096,2221380328.0,44689801.97589211,29858316.33113752,14831485.64475487,0.020118032654105736,GrossApproval full-disbursement proxy; CCF=100%,gross charged-off balance / GrossApproval; not net-of-recovery LGD,pro-rata guarantee share; not observed payout or fiscal cost,Point projection only; tree coefficient resampling unavailable,Not a substitute for failed primary unpenalized logit
layer2,LightGBM secondary robustness,adverse,downturn,naics2,81,9012,0.06787783827053286,1240893182.0,26014150.63553038,16362900.890245471,9651249.74528494,0.02096405316177358,GrossApproval full-disbursement proxy; CCF=100%,gross charged-off balance / GrossApproval; not net-of-recovery LGD,pro-rata guarantee share; not observed payout or fiscal cost,Point projection only; tree coefficient resampling unavailable,Not a substitute for failed primary unpenalized logit
layer2,LightGBM secondary robustness,adverse,downturn,naics2,92,23,0.07222530571272485,1234000.0,38553.99829354188,19511.447740431864,19042.55055311002,0.031243110448575268,GrossApproval full-disbursement proxy; CCF=100%,gross charged-off balance / GrossApproval; not net-of-recovery LGD,pro-rata guarantee share; not observed payout or fiscal cost,Point projection only; tree coefficient resampling unavailable,Not a substitute for failed primary unpenalized logit
layer2,LightGBM secondary robustness,adverse,downturn,naics2,__missing__,11,0.12175818791851412,1459000.0,50290.78883795819,29384.138702813772,20906.650135144424,0.034469354926633444,GrossApproval full-disbursement proxy; CCF=100%,gross charged-off balance / GrossApproval; not net-of-recovery LGD,pro-rata guarantee share; not observed payout or fiscal cost,Point projection only; tree coefficient resampling unavailable,Not a substitute for failed primary unpenalized logit
layer2,LightGBM secondary robustness,adverse,downturn,age_group,existing,60697,0.07789095630913227,8768882885.0,221690440.7309016,132695757.8939049,88994682.83699517,0.02528149179756112,GrossApproval full-disbursement proxy; CCF=100%,gross charged-off balance / GrossApproval; not net-of-recovery LGD,pro-rata guarantee share; not observed payout or fiscal cost,Point projection only; tree coefficient resampling unavailable,Not a substitute for failed primary unpenalized logit
layer2,LightGBM secondary robustness,adverse,downturn,age_group,missing,13,0.051615624132366276,7921000.0,89479.02144800908,64238.16610438263,25240.855343626445,0.011296429926525575,GrossApproval full-disbursement proxy; CCF=100%,gross charged-off balance / GrossApproval; not net-of-recovery LGD,pro-rata guarantee share; not observed payout or fiscal cost,Point projection only; tree coefficient resampling unavailable,Not a substitute for failed primary unpenalized logit
layer2,LightGBM secondary robustness,adverse,downturn,age_group,new,22668,0.06320109164508894,3756829447.0,74255688.00433508,50564463.58492659,23691224.419408444,0.019765520115274767,GrossApproval full-disbursement proxy; CCF=100%,gross charged-off balance / GrossApproval; not net-of-recovery LGD,pro-rata guarantee share; not observed payout or fiscal cost,Point projection only; tree coefficient resampling unavailable,Not a substitute for failed primary unpenalized logit
layer2,LightGBM secondary robustness,adverse,downturn,age_group,unanswered,5624,0.0971367161887074,340344600.0,14969208.953509,8242487.834579262,6726721.118929755,0.04398250759233142,GrossApproval full-disbursement proxy; CCF=100%,gross charged-off balance / GrossApproval; not net-of-recovery LGD,pro-rata guarantee share; not observed payout or fiscal cost,Point projection only; tree coefficient resampling unavailable,Not a substitute for failed primary unpenalized logit
layer2,LightGBM secondary robustness,adverse,downturn,maturity_group,<240_months,84296,0.07858637651021405,9595202151.0,276989563.89686894,166391974.11196762,110597589.78490004,0.028867506857893705,GrossApproval full-disbursement proxy; CCF=100%,gross charged-off balance / GrossApproval; not net-of-recovery LGD,pro-rata guarantee share; not observed payout or fiscal cost,Point projection only; tree coefficient resampling unavailable,Not a substitute for failed primary unpenalized logit
layer2,LightGBM secondary robustness,adverse,downturn,maturity_group,>=240_months,4706,0.017603149417828586,3278775781.0,34015252.81332814,25174973.36755126,8840279.445777008,0.01037437601266951,GrossApproval full-disbursement proxy; CCF=100%,gross charged-off balance / GrossApproval; not net-of-recovery LGD,pro-rata guarantee share; not observed payout or fiscal cost,Point projection only; tree coefficient resampling unavailable,Not a substitute for failed primary unpenalized logit
layer2_term,LightGBM secondary robustness,baseline,primary,overall,all,89002,0.07732869631340661,12873977932.0,236686181.7546576,138481625.35888574,98204556.39577201,0.018384852219323938,GrossApproval full-disbursement proxy; CCF=100%,gross charged-off balance / GrossApproval; not net-of-recovery LGD,pro-rata guarantee share; not observed payout or fiscal cost,Point projection only; tree coefficient resampling unavailable,Not a substitute for failed primary unpenalized logit
layer2_term,LightGBM secondary robustness,baseline,primary,loan_type,revolving,37202,0.0982303676396104,1727860976.0,120280578.59861372,61720331.596470945,58560247.00214291,0.0696124168954052,GrossApproval full-disbursement proxy; CCF=100%,gross charged-off balance / GrossApproval; not net-of-recovery LGD,pro-rata guarantee share; not observed payout or fiscal cost,Point projection only; tree coefficient resampling unavailable,Not a substitute for failed primary unpenalized logit
layer2_term,LightGBM secondary robustness,baseline,primary,loan_type,term,51800,0.06231742263237452,11146116956.0,116405603.15604307,76761293.762414,39644309.39362884,0.010443601445737697,GrossApproval full-disbursement proxy; CCF=100%,gross charged-off balance / GrossApproval; not net-of-recovery LGD,pro-rata guarantee share; not observed payout or fiscal cost,Point projection only; tree coefficient resampling unavailable,Not a substitute for failed primary unpenalized logit
layer2_term,LightGBM secondary robustness,baseline,primary,size_band,150k-350k,9230,0.01680746348828153,2262631644.0,26215050.71525333,17447655.317974545,8767395.397278862,0.01158608860826722,GrossApproval full-disbursement proxy; CCF=100%,gross charged-off balance / GrossApproval; not net-of-recovery LGD,pro-rata guarantee share; not observed payout or fiscal cost,Point projection only; tree coefficient resampling unavailable,Not a substitute for failed primary unpenalized logit
layer2_term,LightGBM secondary robustness,baseline,primary,size_band,350k-1m,6808,0.006240415948356749,4047517453.0,15534963.077768037,11745467.44073681,3789495.637031207,0.0038381460384447753,GrossApproval full-disbursement proxy; CCF=100%,gross charged-off balance / GrossApproval; not net-of-recovery LGD,pro-rata guarantee share; not observed payout or fiscal cost,Point projection only; tree coefficient resampling unavailable,Not a substitute for failed primary unpenalized logit
layer2_term,LightGBM secondary robustness,baseline,primary,size_band,<=150k,70652,0.09447505540672141,3147269750.0,186877088.54108804,103192366.76923321,83684721.77185482,0.05937752508855908,GrossApproval full-disbursement proxy; CCF=100%,gross charged-off balance / GrossApproval; not net-of-recovery LGD,pro-rata guarantee share; not observed payout or fiscal cost,Point projection only; tree coefficient resampling unavailable,Not a substitute for failed primary unpenalized logit
layer2_term,LightGBM secondary robustness,baseline,primary,size_band,>1m,2312,0.00429903759380906,3416559085.0,8059079.4205481615,6096135.830940732,1962943.589607422,0.0023588292255593063,GrossApproval full-disbursement proxy; CCF=100%,gross charged-off balance / GrossApproval; not net-of-recovery LGD,pro-rata guarantee share; not observed payout or fiscal cost,Point projection only; tree coefficient resampling unavailable,Not a substitute for failed primary unpenalized logit
layer2_term,LightGBM secondary robustness,baseline,primary,naics2,11,487,0.025074639830074096,134532331.0,550165.8785530474,336424.25294441707,213741.62560863054,0.004089469605288021,GrossApproval full-disbursement proxy; CCF=100%,gross charged-off balance / GrossApproval; not net-of-recovery LGD,pro-rata guarantee share; not observed payout or fiscal cost,Point projection only; tree coefficient resampling unavailable,Not a substitute for failed primary unpenalized logit
layer2_term,LightGBM secondary robustness,baseline,primary,naics2,21,151,0.04023551077632567,37698863.0,346176.7628676163,210162.3678580193,136014.3950095971,0.00918268444508834,GrossApproval full-disbursement proxy; CCF=100%,gross charged-off balance / GrossApproval; not net-of-recovery LGD,pro-rata guarantee share; not observed payout or fiscal cost,Point projection only; tree coefficient resampling unavailable,Not a substitute for failed primary unpenalized logit
layer2_term,LightGBM secondary robustness,baseline,primary,naics2,22,65,0.0381942251671334,5012900.0,103612.9597850994,62216.13252703132,41396.82725806806,0.020669265252667997,GrossApproval full-disbursement proxy; CCF=100%,gross charged-off balance / GrossApproval; not net-of-recovery LGD,pro-rata guarantee share; not observed payout or fiscal cost,Point projection only; tree coefficient resampling unavailable,Not a substitute for failed primary unpenalized logit
layer2_term,LightGBM secondary robustness,baseline,primary,naics2,23,9903,0.0787036830571411,900002384.0,25452953.528118946,13802621.404166935,11650332.123952063,0.028280984562501943,GrossApproval full-disbursement proxy; CCF=100%,gross charged-off balance / GrossApproval; not net-of-recovery LGD,pro-rata guarantee share; not observed payout or fiscal cost,Point projection only; tree coefficient resampling unavailable,Not a substitute for failed primary unpenalized logit
layer2_term,LightGBM secondary robustness,baseline,primary,naics2,31,1335,0.083604860339366,226464094.0,4240027.805064519,2455077.161787201,1784950.6432773084,0.01872273758799273,GrossApproval full-disbursement proxy; CCF=100%,gross charged-off balance / GrossApproval; not net-of-recovery LGD,pro-rata guarantee share; not observed payout or fiscal cost,Point projection only; tree coefficient resampling unavailable,Not a substitute for failed primary unpenalized logit
layer2_term,LightGBM secondary robustness,baseline,primary,naics2,32,1777,0.05659856896637327,370841482.0,5244356.494098141,3301187.571014136,1943168.9230840034,0.0141417741775127,GrossApproval full-disbursement proxy; CCF=100%,gross charged-off balance / GrossApproval; not net-of-recovery LGD,pro-rata guarantee share; not observed payout or fiscal cost,Point projection only; tree coefficient resampling unavailable,Not a substitute for failed primary unpenalized logit
layer2_term,LightGBM secondary robustness,baseline,primary,naics2,33,3428,0.06021272975264757,715294166.0,10369339.154144846,6502566.7833894305,3866772.370755417,0.014496608034889027,GrossApproval full-disbursement proxy; CCF=100%,gross charged-off balance / GrossApproval; not net-of-recovery LGD,pro-rata guarantee share; not observed payout or fiscal cost,Point projection only; tree coefficient resampling unavailable,Not a substitute for failed primary unpenalized logit
layer2_term,LightGBM secondary robustness,baseline,primary,naics2,42,5131,0.09826234481558092,753056504.0,21002207.235067513,11872830.619189475,9129376.61587808,0.02788928469976738,GrossApproval full-disbursement proxy; CCF=100%,gross charged-off balance / GrossApproval; not net-of-recovery LGD,pro-rata guarantee share; not observed payout or fiscal cost,Point projection only; tree coefficient resampling unavailable,Not a substitute for failed primary unpenalized logit
layer2_term,LightGBM secondary robustness,baseline,primary,naics2,44,11181,0.08385492941627308,2076650401.0,33541867.950276475,19608357.8701558,13933510.080120694,0.016151908830742318,GrossApproval full-disbursement proxy; CCF=100%,gross charged-off balance / GrossApproval; not net-of-recovery LGD,pro-rata guarantee share; not observed payout or fiscal cost,Point projection only; tree coefficient resampling unavailable,Not a substitute for failed primary unpenalized logit
layer2_term,LightGBM secondary robustness,baseline,primary,naics2,45,4704,0.10259444928041092,418031965.0,13827004.732014898,8362705.9303065855,5464298.801708308,0.0330764292917526,GrossApproval full-disbursement proxy; CCF=100%,gross charged-off balance / GrossApproval; not net-of-recovery LGD,pro-rata guarantee share; not observed payout or fiscal cost,Point projection only; tree coefficient resampling unavailable,Not a substitute for failed primary unpenalized logit
layer2_term,LightGBM secondary robustness,baseline,primary,naics2,48,3647,0.1223086066855488,262616339.0,12275122.314068116,6623911.417470706,5651210.896597408,0.04674165499682834,GrossApproval full-disbursement proxy; CCF=100%,gross charged-off balance / GrossApproval; not net-of-recovery LGD,pro-rata guarantee share; not observed payout or fiscal cost,Point projection only; tree coefficient resampling unavailable,Not a substitute for failed primary unpenalized logit
layer2_term,LightGBM secondary robustness,baseline,primary,naics2,49,323,0.07320703869293332,37676260.0,690918.1537676341,378353.29017526866,312564.86359236535,0.018338289250781105,GrossApproval full-disbursement proxy; CCF=100%,gross charged-off balance / GrossApproval; not net-of-recovery LGD,pro-rata guarantee share; not observed payout or fiscal cost,Point projection only; tree coefficient resampling unavailable,Not a substitute for failed primary unpenalized logit
layer2_term,LightGBM secondary robustness,baseline,primary,naics2,51,1561,0.08122223307108666,149295400.0,2876819.5197581844,1723167.85371878,1153651.6660394059,0.019269311176085695,GrossApproval full-disbursement proxy; CCF=100%,gross charged-off balance / GrossApproval; not net-of-recovery LGD,pro-rata guarantee share; not observed payout or fiscal cost,Point projection only; tree coefficient resampling unavailable,Not a substitute for failed primary unpenalized logit
layer2_term,LightGBM secondary robustness,baseline,primary,naics2,52,1558,0.07999048891462235,161649742.0,3615385.242432919,2004841.8234664109,1610543.4189665099,0.02236554910451338,GrossApproval full-disbursement proxy; CCF=100%,gross charged-off balance / GrossApproval; not net-of-recovery LGD,pro-rata guarantee share; not observed payout or fiscal cost,Point projection only; tree coefficient resampling unavailable,Not a substitute for failed primary unpenalized logit
layer2_term,LightGBM secondary robustness,baseline,primary,naics2,53,2301,0.09408217778702045,269162410.0,6905066.332405334,3696727.8832247634,3208338.4491805676,0.025653902907190253,GrossApproval full-disbursement proxy; CCF=100%,gross charged-off balance / GrossApproval; not net-of-recovery LGD,pro-rata guarantee share; not observed payout or fiscal cost,Point projection only; tree coefficient resampling unavailable,Not a substitute for failed primary unpenalized logit
layer2_term,LightGBM secondary robustness,baseline,primary,naics2,54,9044,0.06397719128212624,933681920.0,18287696.009289745,10162795.249172358,8124900.760117405,0.019586644677975284,GrossApproval full-disbursement proxy; CCF=100%,gross charged-off balance / GrossApproval; not net-of-recovery LGD,pro-rata guarantee share; not observed payout or fiscal cost,Point projection only; tree coefficient resampling unavailable,Not a substitute for failed primary unpenalized logit
layer2_term,LightGBM secondary robustness,baseline,primary,naics2,55,26,0.08255506760578211,5578700.0,78585.07567458217,40361.7032637786,38223.37241080356,0.014086628726151643,GrossApproval full-disbursement proxy; CCF=100%,gross charged-off balance / GrossApproval; not net-of-recovery LGD,pro-rata guarantee share; not observed payout or fiscal cost,Point projection only; tree coefficient resampling unavailable,Not a substitute for failed primary unpenalized logit
layer2_term,LightGBM secondary robustness,baseline,primary,naics2,56,5048,0.08886810505632212,416651447.0,12522778.45414332,7097316.318769985,5425462.135373334,0.030055766142925024,GrossApproval full-disbursement proxy; CCF=100%,gross charged-off balance / GrossApproval; not net-of-recovery LGD,pro-rata guarantee share; not observed payout or fiscal cost,Point projection only; tree coefficient resampling unavailable,Not a substitute for failed primary unpenalized logit
layer2_term,LightGBM secondary robustness,baseline,primary,naics2,61,1045,0.0833716399882301,107640054.0,2514370.898223023,1490276.2090472046,1024094.6891758192,0.023359063887342744,GrossApproval full-disbursement proxy; CCF=100%,gross charged-off balance / GrossApproval; not net-of-recovery LGD,pro-rata guarantee share; not observed payout or fiscal cost,Point projection only; tree coefficient resampling unavailable,Not a substitute for failed primary unpenalized logit
layer2_term,LightGBM secondary robustness,baseline,primary,naics2,62,5626,0.03699594747499109,1168579385.0,8353767.470530351,5118760.170929531,3235007.2996008126,0.007148652096520041,GrossApproval full-disbursement proxy; CCF=100%,gross charged-off balance / GrossApproval; not net-of-recovery LGD,pro-rata guarantee share; not observed payout or fiscal cost,Point projection only; tree coefficient resampling unavailable,Not a substitute for failed primary unpenalized logit
layer2_term,LightGBM secondary robustness,baseline,primary,naics2,71,1804,0.07918627997693473,258894675.0,4745289.405693075,2962647.7480941457,1782641.6575989297,0.01832903440633947,GrossApproval full-disbursement proxy; CCF=100%,gross charged-off balance / GrossApproval; not net-of-recovery LGD,pro-rata guarantee share; not observed payout or fiscal cost,Point projection only; tree coefficient resampling unavailable,Not a substitute for failed primary unpenalized logit
layer2_term,LightGBM secondary robustness,baseline,primary,naics2,72,9811,0.07114568637887722,2221380328.0,29174949.469848674,18643147.170923255,10531802.298925549,0.01313370299633295,GrossApproval full-disbursement proxy; CCF=100%,gross charged-off balance / GrossApproval; not net-of-recovery LGD,pro-rata guarantee share; not observed payout or fiscal cost,Point projection only; tree coefficient resampling unavailable,Not a substitute for failed primary unpenalized logit
layer2_term,LightGBM secondary robustness,baseline,primary,naics2,81,9012,0.07044457210534454,1240893182.0,19921106.17638198,12001263.5831931,7919842.593188861,0.01605384449310479,GrossApproval full-disbursement proxy; CCF=100%,gross charged-off balance / GrossApproval; not net-of-recovery LGD,pro-rata guarantee share; not observed payout or fiscal cost,Point projection only; tree coefficient resampling unavailable,Not a substitute for failed primary unpenalized logit
layer2_term,LightGBM secondary robustness,baseline,primary,naics2,92,23,0.0520787094107005,1234000.0,40920.78146249724,20509.806861625417,20410.97460087182,0.03316108708468172,GrossApproval full-disbursement proxy; CCF=100%,gross charged-off balance / GrossApproval; not net-of-recovery LGD,pro-rata guarantee share; not observed payout or fiscal cost,Point projection only; tree coefficient resampling unavailable,Not a substitute for failed primary unpenalized logit
layer2_term,LightGBM secondary robustness,baseline,primary,naics2,__missing__,11,0.012333512108035728,1459000.0,5693.950986417941,3395.037235447261,2298.9137509706798,0.0039026394697861144,GrossApproval full-disbursement proxy; CCF=100%,gross charged-off balance / GrossApproval; not net-of-recovery LGD,pro-rata guarantee share; not observed payout or fiscal cost,Point projection only; tree coefficient resampling unavailable,Not a substitute for failed primary unpenalized logit
layer2_term,LightGBM secondary robustness,baseline,primary,age_group,existing,60697,0.07936437256721798,8768882885.0,171931008.95594767,96304245.96139926,75626762.99454713,0.019606945515266472,GrossApproval full-disbursement proxy; CCF=100%,gross charged-off balance / GrossApproval; not net-of-recovery LGD,pro-rata guarantee share; not observed payout or fiscal cost,Point projection only; tree coefficient resampling unavailable,Not a substitute for failed primary unpenalized logit
layer2_term,LightGBM secondary robustness,baseline,primary,age_group,missing,13,0.07884868630063493,7921000.0,56156.53121628973,36186.8569473682,19969.674268921524,0.007089575964687506,GrossApproval full-disbursement proxy; CCF=100%,gross charged-off balance / GrossApproval; not net-of-recovery LGD,pro-rata guarantee share; not observed payout or fiscal cost,Point projection only; tree coefficient resampling unavailable,Not a substitute for failed primary unpenalized logit
layer2_term,LightGBM secondary robustness,baseline,primary,age_group,new,22668,0.06742545317579322,3756829447.0,52256399.30247246,35274013.690890275,16982385.611581855,0.013909707651009172,GrossApproval full-disbursement proxy; CCF=100%,gross charged-off balance / GrossApproval; not net-of-recovery LGD,pro-rata guarantee share; not observed payout or fiscal cost,Point projection only; tree coefficient resampling unavailable,Not a substitute for failed primary unpenalized logit
layer2_term,LightGBM secondary robustness,baseline,primary,age_group,unanswered,5624,0.09527099965551002,340344600.0,12442616.965022264,6867178.84964783,5575438.115374441,0.03655887875119001,GrossApproval full-disbursement proxy; CCF=100%,gross charged-off balance / GrossApproval; not net-of-recovery LGD,pro-rata guarantee share; not observed payout or fiscal cost,Point projection only; tree coefficient resampling unavailable,Not a substitute for failed primary unpenalized logit
layer2_term,LightGBM secondary robustness,baseline,primary,maturity_group,<240_months,84296,0.08158036492194823,9595202151.0,234123317.26354787,136572750.26757574,97550566.99597192,0.024400040101202853,GrossApproval full-disbursement proxy; CCF=100%,gross charged-off balance / GrossApproval; not net-of-recovery LGD,pro-rata guarantee share; not observed payout or fiscal cost,Point projection only; tree coefficient resampling unavailable,Not a substitute for failed primary unpenalized logit
layer2_term,LightGBM secondary robustness,baseline,primary,maturity_group,>=240_months,4706,0.0011708856407331913,3278775781.0,2562864.491109439,1908875.0913094745,653989.3997999583,0.0007816528675003773,GrossApproval full-disbursement proxy; CCF=100%,gross charged-off balance / GrossApproval; not net-of-recovery LGD,pro-rata guarantee share; not observed payout or fiscal cost,Point projection only; tree coefficient resampling unavailable,Not a substitute for failed primary unpenalized logit
layer2_term,LightGBM secondary robustness,adverse,primary,overall,all,89002,0.06379961602947966,12873977932.0,205030717.07584184,123931396.69663101,81099320.37920935,0.01592598015615752,GrossApproval full-disbursement proxy; CCF=100%,gross charged-off balance / GrossApproval; not net-of-recovery LGD,pro-rata guarantee share; not observed payout or fiscal cost,Point projection only; tree coefficient resampling unavailable,Not a substitute for failed primary unpenalized logit
layer2_term,LightGBM secondary robustness,adverse,primary,loan_type,revolving,37202,0.086787838608064,1727860976.0,102267503.22289304,53347176.886655614,48920326.33623738,0.05918734472471415,GrossApproval full-disbursement proxy; CCF=100%,gross charged-off balance / GrossApproval; not net-of-recovery LGD,pro-rata guarantee share; not observed payout or fiscal cost,Point projection only; tree coefficient resampling unavailable,Not a substitute for failed primary unpenalized logit
layer2_term,LightGBM secondary robustness,adverse,primary,loan_type,term,51800,0.047289811852482634,11146116956.0,102763213.85294794,70584219.8099759,32178994.04297248,0.009219642522917371,GrossApproval full-disbursement proxy; CCF=100%,gross charged-off balance / GrossApproval; not net-of-recovery LGD,pro-rata guarantee share; not observed payout or fiscal cost,Point projection only; tree coefficient resampling unavailable,Not a substitute for failed primary unpenalized logit
layer2_term,LightGBM secondary robustness,adverse,primary,size_band,150k-350k,9230,0.017970848578602386,2262631644.0,28175186.435177714,19191126.124681123,8984060.310496598,0.01245239653122155,GrossApproval full-disbursement proxy; CCF=100%,gross charged-off balance / GrossApproval; not net-of-recovery LGD,pro-rata guarantee share; not observed payout or fiscal cost,Point projection only; tree coefficient resampling unavailable,Not a substitute for failed primary unpenalized logit
layer2_term,LightGBM secondary robustness,adverse,primary,size_band,350k-1m,6808,0.00780594107318787,4047517453.0,19422465.621795584,14700688.168701101,4721777.4530945,0.004798611950987327,GrossApproval full-disbursement proxy; CCF=100%,gross charged-off balance / GrossApproval; not net-of-recovery LGD,pro-rata guarantee share; not observed payout or fiscal cost,Point projection only; tree coefficient resampling unavailable,Not a substitute for failed primary unpenalized logit
layer2_term,LightGBM secondary robustness,adverse,primary,size_band,<=150k,70652,0.07706743901387678,3147269750.0,145414604.37823892,80868245.7667701,64546358.61146906,0.046203413094234744,GrossApproval full-disbursement proxy; CCF=100%,gross charged-off balance / GrossApproval; not net-of-recovery LGD,pro-rata guarantee share; not observed payout or fiscal cost,Point projection only; tree coefficient resampling unavailable,Not a substitute for failed primary unpenalized logit
layer2_term,LightGBM secondary robustness,adverse,primary,size_band,>1m,2312,0.006189855294361862,3416559085.0,12018460.640629038,9171336.636479532,2847124.004149492,0.003517708999500308,GrossApproval full-disbursement proxy; CCF=100%,gross charged-off balance / GrossApproval; not net-of-recovery LGD,pro-rata guarantee share; not observed payout or fiscal cost,Point projection only; tree coefficient resampling unavailable,Not a substitute for failed primary unpenalized logit
layer2_term,LightGBM secondary robustness,adverse,primary,naics2,11,487,0.02427373052277782,134532331.0,559884.3366634855,358257.66522042186,201626.67144306324,0.004161708434706937,GrossApproval full-disbursement proxy; CCF=100%,gross charged-off balance / GrossApproval; not net-of-recovery LGD,pro-rata guarantee share; not observed payout or fiscal cost,Point projection only; tree coefficient resampling unavailable,Not a substitute for failed primary unpenalized logit
layer2_term,LightGBM secondary robustness,adverse,primary,naics2,21,151,0.04218410357803723,37698863.0,367044.81149235426,229992.41064431577,137052.4008480386,0.009736230280800624,GrossApproval full-disbursement proxy; CCF=100%,gross charged-off balance / GrossApproval; not net-of-recovery LGD,pro-rata guarantee share; not observed payout or fiscal cost,Point projection only; tree coefficient resampling unavailable,Not a substitute for failed primary unpenalized logit
layer2_term,LightGBM secondary robustness,adverse,primary,naics2,22,65,0.027114928675982128,5012900.0,78745.70799843171,49332.596894105984,29413.1111043257,0.015708613377173233,GrossApproval full-disbursement proxy; CCF=100%,gross charged-off balance / GrossApproval; not net-of-recovery LGD,pro-rata guarantee share; not observed payout or fiscal cost,Point projection only; tree coefficient resampling unavailable,Not a substitute for failed primary unpenalized logit
layer2_term,LightGBM secondary robustness,adverse,primary,naics2,23,9903,0.07573054631402219,900002384.0,24702318.08821034,13639552.23659121,11062765.851619147,0.027446947394097504,GrossApproval full-disbursement proxy; CCF=100%,gross charged-off balance / GrossApproval; not net-of-recovery LGD,pro-rata guarantee share; not observed payout or fiscal cost,Point projection only; tree coefficient resampling unavailable,Not a substitute for failed primary unpenalized logit
layer2_term,LightGBM secondary robustness,adverse,primary,naics2,31,1335,0.06125185324500908,226464094.0,3084249.1220643297,1826521.2800833373,1257727.8419809924,0.013619152897873204,GrossApproval full-disbursement proxy; CCF=100%,gross charged-off balance / GrossApproval; not net-of-recovery LGD,pro-rata guarantee share; not observed payout or fiscal cost,Point projection only; tree coefficient resampling unavailable,Not a substitute for failed primary unpenalized logit
layer2_term,LightGBM secondary robustness,adverse,primary,naics2,32,1777,0.046304969733449566,370841482.0,4407145.768441329,2815960.1269719983,1591185.6414693387,0.011884176885155822,GrossApproval full-disbursement proxy; CCF=100%,gross charged-off balance / GrossApproval; not net-of-recovery LGD,pro-rata guarantee share; not observed payout or fiscal cost,Point projection only; tree coefficient resampling unavailable,Not a substitute for failed primary unpenalized logit
layer2_term,LightGBM secondary robustness,adverse,primary,naics2,33,3428,0.050186356280774294,715294166.0,10435893.286862597,6888587.74809388,3547305.538768709,0.014589652457563308,GrossApproval full-disbursement proxy; CCF=100%,gross charged-off balance / GrossApproval; not net-of-recovery LGD,pro-rata guarantee share; not observed payout or fiscal cost,Point projection only; tree coefficient resampling unavailable,Not a substitute for failed primary unpenalized logit
layer2_term,LightGBM secondary robustness,adverse,primary,naics2,42,5131,0.07596279027955194,753056504.0,17083775.78233392,10125237.219398422,6958538.562935491,0.022685914923502103,GrossApproval full-disbursement proxy; CCF=100%,gross charged-off balance / GrossApproval; not net-of-recovery LGD,pro-rata guarantee share; not observed payout or fiscal cost,Point projection only; tree coefficient resampling unavailable,Not a substitute for failed primary unpenalized logit
layer2_term,LightGBM secondary robustness,adverse,primary,naics2,44,11181,0.06385411614893387,2076650401.0,26070451.833277665,15743346.229509683,10327105.603767922,0.012554087977795192,GrossApproval full-disbursement proxy; CCF=100%,gross charged-off balance / GrossApproval; not net-of-recovery LGD,pro-rata guarantee share; not observed payout or fiscal cost,Point projection only; tree coefficient resampling unavailable,Not a substitute for failed primary unpenalized logit
layer2_term,LightGBM secondary robustness,adverse,primary,naics2,45,4704,0.07645441254254154,418031965.0,10107552.96314002,6203184.760258984,3904368.202881008,0.024178899723948193,GrossApproval full-disbursement proxy; CCF=100%,gross charged-off balance / GrossApproval; not net-of-recovery LGD,pro-rata guarantee share; not observed payout or fiscal cost,Point projection only; tree coefficient resampling unavailable,Not a substitute for failed primary unpenalized logit
layer2_term,LightGBM secondary robustness,adverse,primary,naics2,48,3647,0.09158529642792042,262616339.0,8753223.63415872,4794014.574032605,3959209.0601261077,0.0333308417423286,GrossApproval full-disbursement proxy; CCF=100%,gross charged-off balance / GrossApproval; not net-of-recovery LGD,pro-rata guarantee share; not observed payout or fiscal cost,Point projection only; tree coefficient resampling unavailable,Not a substitute for failed primary unpenalized logit
layer2_term,LightGBM secondary robustness,adverse,primary,naics2,49,323,0.05906402547781314,37676260.0,596462.6232920329,339718.82203038136,256743.8012616512,0.015831258816348354,GrossApproval full-disbursement proxy; CCF=100%,gross charged-off balance / GrossApproval; not net-of-recovery LGD,pro-rata guarantee share; not observed payout or fiscal cost,Point projection only; tree coefficient resampling unavailable,Not a substitute for failed primary unpenalized logit
layer2_term,LightGBM secondary robustness,adverse,primary,naics2,51,1561,0.07092979889529524,149295400.0,2572226.336506312,1550035.4440208746,1022190.8924854378,0.01722910643265842,GrossApproval full-disbursement proxy; CCF=100%,gross charged-off balance / GrossApproval; not net-of-recovery LGD,pro-rata guarantee share; not observed payout or fiscal cost,Point projection only; tree coefficient resampling unavailable,Not a substitute for failed primary unpenalized logit
layer2_term,LightGBM secondary robustness,adverse,primary,naics2,52,1558,0.059641140412783095,161649742.0,2894188.6984404894,1674099.7674336042,1220088.9310068842,0.017904072488037062,GrossApproval full-disbursement proxy; CCF=100%,gross charged-off balance / GrossApproval; not net-of-recovery LGD,pro-rata guarantee share; not observed payout or fiscal cost,Point projection only; tree coefficient resampling unavailable,Not a substitute for failed primary unpenalized logit
layer2_term,LightGBM secondary robustness,adverse,primary,naics2,53,2301,0.08087789298959504,269162410.0,5876678.43481163,3232803.2981306054,2643875.1366810133,0.02183320633372108,GrossApproval full-disbursement proxy; CCF=100%,gross charged-off balance / GrossApproval; not net-of-recovery LGD,pro-rata guarantee share; not observed payout or fiscal cost,Point projection only; tree coefficient resampling unavailable,Not a substitute for failed primary unpenalized logit
layer2_term,LightGBM secondary robustness,adverse,primary,naics2,54,9044,0.05852784726984199,933681920.0,17337539.09049456,9788782.40340769,7548756.687086838,0.018568999483779828,GrossApproval full-disbursement proxy; CCF=100%,gross charged-off balance / GrossApproval; not net-of-recovery LGD,pro-rata guarantee share; not observed payout or fiscal cost,Point projection only; tree coefficient resampling unavailable,Not a substitute for failed primary unpenalized logit
layer2_term,LightGBM secondary robustness,adverse,primary,naics2,55,26,0.0687714160197266,5578700.0,65808.13514109254,35403.4376727156,30404.697468376944,0.011796320852724208,GrossApproval full-disbursement proxy; CCF=100%,gross charged-off balance / GrossApproval; not net-of-recovery LGD,pro-rata guarantee share; not observed payout or fiscal cost,Point projection only; tree coefficient resampling unavailable,Not a substitute for failed primary unpenalized logit
layer2_term,LightGBM secondary robustness,adverse,primary,naics2,56,5048,0.06526539734929195,416651447.0,9079668.018288411,5190111.175135812,3889556.8431525957,0.021791999244606994,GrossApproval full-disbursement proxy; CCF=100%,gross charged-off balance / GrossApproval; not net-of-recovery LGD,pro-rata guarantee share; not observed payout or fiscal cost,Point projection only; tree coefficient resampling unavailable,Not a substitute for failed primary unpenalized logit
layer2_term,LightGBM secondary robustness,adverse,primary,naics2,61,1045,0.06575890418267277,107640054.0,1895206.4414371168,1138748.2326454553,756458.2087916586,0.01760688861636131,GrossApproval full-disbursement proxy; CCF=100%,gross charged-off balance / GrossApproval; not net-of-recovery LGD,pro-rata guarantee share; not observed payout or fiscal cost,Point projection only; tree coefficient resampling unavailable,Not a substitute for failed primary unpenalized logit
layer2_term,LightGBM secondary robustness,adverse,primary,naics2,62,5626,0.029164210759925303,1168579385.0,7298327.728151609,4596968.324221812,2701359.403929799,0.006245470202395885,GrossApproval full-disbursement proxy; CCF=100%,gross charged-off balance / GrossApproval; not net-of-recovery LGD,pro-rata guarantee share; not observed payout or fiscal cost,Point projection only; tree coefficient resampling unavailable,Not a substitute for failed primary unpenalized logit
layer2_term,LightGBM secondary robustness,adverse,primary,naics2,71,1804,0.07249917246875648,258894675.0,4603313.037454016,2971357.53557294,1631955.5018810828,0.01778064009023753,GrossApproval full-disbursement proxy; CCF=100%,gross charged-off balance / GrossApproval; not net-of-recovery LGD,pro-rata guarantee share; not observed payout or fiscal cost,Point projection only; tree coefficient resampling unavailable,Not a substitute for failed primary unpenalized logit
layer2_term,LightGBM secondary robustness,adverse,primary,naics2,72,9811,0.06408734533075627,2221380328.0,30516435.687194496,20432112.895701498,10084322.791492999,0.013737600582188326,GrossApproval full-disbursement proxy; CCF=100%,gross charged-off balance / GrossApproval; not net-of-recovery LGD,pro-rata guarantee share; not observed payout or fiscal cost,Point projection only; tree coefficient resampling unavailable,Not a substitute for failed primary unpenalized logit
layer2_term,LightGBM secondary robustness,adverse,primary,naics2,81,9012,0.05685190119351833,1240893182.0,16616987.056864921,10293080.50107397,6323906.555790965,0.013391150260075263,GrossApproval full-disbursement proxy; CCF=100%,gross charged-off balance / GrossApproval; not net-of-recovery LGD,pro-rata guarantee share; not observed payout or fiscal cost,Point projection only; tree coefficient resampling unavailable,Not a substitute for failed primary unpenalized logit
layer2_term,LightGBM secondary robustness,adverse,primary,naics2,92,23,0.028593571572085193,1234000.0,21992.85849080888,11030.679571598537,10962.178919210344,0.017822413687851604,GrossApproval full-disbursement proxy; CCF=100%,gross charged-off balance / GrossApproval; not net-of-recovery LGD,pro-rata guarantee share; not observed payout or fiscal cost,Point projection only; tree coefficient resampling unavailable,Not a substitute for failed primary unpenalized logit
layer2_term,LightGBM secondary robustness,adverse,primary,naics2,__missing__,11,0.015380126238175256,1459000.0,5597.59463098808,3157.3323137440984,2440.262317243982,0.003836596731314654,GrossApproval full-disbursement proxy; CCF=100%,gross charged-off balance / GrossApproval; not net-of-recovery LGD,pro-rata guarantee share; not observed payout or fiscal cost,Point projection only; tree coefficient resampling unavailable,Not a substitute for failed primary unpenalized logit
layer2_term,LightGBM secondary robustness,adverse,primary,age_group,existing,60697,0.06646814022276136,8768882885.0,148613769.92398638,85996330.23043407,62617439.69355153,0.016947856628146355,GrossApproval full-disbursement proxy; CCF=100%,gross charged-off balance / GrossApproval; not net-of-recovery LGD,pro-rata guarantee share; not observed payout or fiscal cost,Point projection only; tree coefficient resampling unavailable,Not a substitute for failed primary unpenalized logit
layer2_term,LightGBM secondary robustness,adverse,primary,age_group,missing,13,0.057405137093081586,7921000.0,48345.572444367936,32322.670052352067,16022.902392015867,0.006103468305058444,GrossApproval full-disbursement proxy; CCF=100%,gross charged-off balance / GrossApproval; not net-of-recovery LGD,pro-rata guarantee share; not observed payout or fiscal cost,Point projection only; tree coefficient resampling unavailable,Not a substitute for failed primary unpenalized logit
layer2_term,LightGBM secondary robustness,adverse,primary,age_group,new,22668,0.0538586494765762,3756829447.0,47031362.54928205,32643905.225574102,14387457.323708044,0.012518897440723252,GrossApproval full-disbursement proxy; CCF=100%,gross charged-off balance / GrossApproval; not net-of-recovery LGD,pro-rata guarantee share; not observed payout or fiscal cost,Point projection only; tree coefficient resampling unavailable,Not a substitute for failed primary unpenalized logit
layer2_term,LightGBM secondary robustness,adverse,primary,age_group,unanswered,5624,0.07508225206927345,340344600.0,9337239.030128546,5258838.570570954,4078400.4595575896,0.027434661898935803,GrossApproval full-disbursement proxy; CCF=100%,gross charged-off balance / GrossApproval; not net-of-recovery LGD,pro-rata guarantee share; not observed payout or fiscal cost,Point projection only; tree coefficient resampling unavailable,Not a substitute for failed primary unpenalized logit
layer2_term,LightGBM secondary robustness,adverse,primary,maturity_group,<240_months,84296,0.06725408017274274,9595202151.0,201022631.6566418,120943286.2008064,80079345.45583369,0.020950327934017677,GrossApproval full-disbursement proxy; CCF=100%,gross charged-off balance / GrossApproval; not net-of-recovery LGD,pro-rata guarantee share; not observed payout or fiscal cost,Point projection only; tree coefficient resampling unavailable,Not a substitute for failed primary unpenalized logit
layer2_term,LightGBM secondary robustness,adverse,primary,maturity_group,>=240_months,4706,0.0019216922257156348,3278775781.0,4008085.419200101,2988110.4958248744,1019974.9233752225,0.0012224335199821647,GrossApproval full-disbursement proxy; CCF=100%,gross charged-off balance / GrossApproval; not net-of-recovery LGD,pro-rata guarantee share; not observed payout or fiscal cost,Point projection only; tree coefficient resampling unavailable,Not a substitute for failed primary unpenalized logit
