variant,attempt,converged,message,iterations,score_max,coefficient_change,likelihood_change,penalized_loglikelihood,information_condition,n,columns,seconds,weight_sum,min_weight,max_weight,total_seconds,peak_rss_GiB,all_states_present_positive,specification_role,layer_interpretation
layer1,1,True,all three numerical criteria satisfied,6,1.8693771891564737e-08,1.2666921734849623e-06,8.003553375601767e-11,-57228.88593570576,704451.6704353057,405443,93,1.5119100840529427,405443.0,0.0258667507350146,3.2234361447679594,2.6054610828869045,2.3847198486328125,True,Term-free primary specification,Approval-descriptor prediction
layer1,2,True,all three numerical criteria satisfied,7,3.8754415995767566e-10,1.5723847335280542e-08,0.0,-54565.5069501747,1515492.3555508435,405443,93,1.8019469999708235,405443.0,0.0229505848397153,3.864967636571808,2.8837585829896852,2.3847198486328125,True,Term-free primary specification,Approval-descriptor prediction
layer1,3,True,all three numerical criteria satisfied,11,3.89779427620732e-07,2.853498500599017e-06,5.0931703299283975e-11,-55438.12488903195,102066.98276812697,405443,93,2.8906541670439765,405443.0,0.0019595938532736,6.228788603694162,3.968952000024729,2.3847198486328125,True,Term-free primary specification,Approval-descriptor prediction
layer1,4,True,all three numerical criteria satisfied,5,6.206418515327101e-07,4.45107272694506e-06,2.5465851649641985e-10,-57728.39673973633,139853.0271484626,405443,93,1.2419942079577595,405443.0,0.0235576316720897,3.3425118662247137,2.3263180000940338,2.3847198486328125,True,Term-free primary specification,Approval-descriptor prediction
layer1,5,True,all three numerical criteria satisfied,9,2.3456331191273885e-07,3.0950136626906044e-06,1.2369127944111824e-10,-59389.768654465726,112377.99260530522,405443,93,2.3374564580153674,405443.00000000006,0.003760313347367,4.6988553730144025,3.40983762498945,2.3847198486328125,True,Term-free primary specification,Approval-descriptor prediction
layer1,6,True,all three numerical criteria satisfied,7,1.6426096666882772e-08,4.125304964297527e-07,6.548361852765083e-11,-59150.22086309227,109147.85640531784,405443,93,1.93718812498264,405443.0,0.0885941139254984,4.653758312197172,3.033081499976106,2.4814605712890625,True,Term-free primary specification,Approval-descriptor prediction
layer1,7,True,all three numerical criteria satisfied,7,1.404344707367764e-07,1.0887632930778324e-06,2.40106601268053e-10,-56910.310236909856,102686.86422174209,405443,93,1.8053894580807537,405443.0,0.0227751555439945,5.85915783879545,2.8945340419886634,2.506866455078125,True,Term-free primary specification,Approval-descriptor prediction
layer1,8,True,all three numerical criteria satisfied,5,1.632378790835062e-06,8.658493252378108e-06,6.111804395914078e-10,-59531.69648702391,267156.16653822886,405443,93,1.2521587080555037,405443.0,0.0355319399372608,3.648072308845472,2.340223249979317,2.5081939697265625,True,Term-free primary specification,Approval-descriptor prediction
layer1,9,True,all three numerical criteria satisfied,6,2.654989699218336e-08,5.578389485894064e-07,3.41970007866621e-10,-61321.444319757946,114463.18956433504,405443,93,1.527624125010334,405443.0,0.0229737081832273,2.8843565075272855,2.614586707903072,2.508209228515625,True,Term-free primary specification,Approval-descriptor prediction
layer1,10,True,all three numerical criteria satisfied,7,1.3080348315051552e-07,1.913061385305781e-06,8.003553375601767e-11,-60291.76002609102,169078.78171638868,405443,93,1.807109791901894,405443.0,0.0215204974488602,3.818180642903401,2.8895150419557467,2.5082244873046875,True,Term-free primary specification,Approval-descriptor prediction
layer1,11,True,all three numerical criteria satisfied,6,4.264015003332547e-09,9.857857447004292e-08,2.037268131971359e-10,-55275.48539340745,96319.23464834836,405443,93,1.5316701659467071,405443.0,0.0218775747448263,9.07779678509119,2.614820749964565,2.50823974609375,True,Term-free primary specification,Approval-descriptor prediction
layer1,12,True,all three numerical criteria satisfied,7,9.15242383942548e-08,1.7990201053863508e-06,3.8562575355172157e-10,-56438.4982606499,163678.12442771278,405443,93,1.9327870830893517,405442.99999999994,0.0087195044603823,6.207036329784517,3.0190593750448897,2.50823974609375,True,Term-free primary specification,Approval-descriptor prediction
layer1,13,True,all three numerical criteria satisfied,7,1.1264462431402614e-07,2.145546795118136e-06,4.729372449219227e-10,-54735.87888039227,330768.6053521536,405443,93,1.8050649160286412,405443.00000000006,0.0169974779766837,3.9334717943173887,2.8880982080008835,2.508270263671875,True,Term-free primary specification,Approval-descriptor prediction
layer1,14,True,all three numerical criteria satisfied,7,3.255428530045401e-07,5.846535766629302e-06,1.5279510989785194e-10,-55755.94428414823,165758.6609089761,405443,93,1.8067104580113664,405442.99999999994,0.002748117719246,5.955934513798983,2.8891840840224177,2.508270263671875,True,Term-free primary specification,Approval-descriptor prediction
layer1,15,True,all three numerical criteria satisfied,6,5.9873419675798495e-09,8.534361151113502e-08,5.238689482212067e-10,-58035.01002564858,105261.0036015238,405443,93,1.5305222920142114,405443.0,0.0162571556344677,4.132469693330616,2.6170621670316905,2.5082855224609375,True,Term-free primary specification,Approval-descriptor prediction
layer1,16,True,all three numerical criteria satisfied,8,1.7495954152895365e-07,2.018205008225138e-06,2.8376234695315356e-10,-55747.70223933278,99523.29687342592,405443,93,2.0894099589204416,405443.00000000006,0.0038599170371044,3.4139756799943837,3.170166415977292,2.50830078125,True,Term-free primary specification,Approval-descriptor prediction
layer1,17,True,all three numerical criteria satisfied,11,6.751144396525272e-07,6.877543270888964e-06,1.5279510989785194e-10,-52678.20553696696,156824.4079600011,405443,93,2.9131622910499573,405443.0,0.0009429512914217,3.744712770219565,3.996170124970377,2.508331298828125,True,Term-free primary specification,Approval-descriptor prediction
layer1,18,True,all three numerical criteria satisfied,6,1.2361169600270652e-08,1.3841957891003176e-07,1.8917489796876907e-10,-55648.39052418123,96939.92219241986,405443,93,1.5303568750387058,405443.0000000001,0.0235290990412237,4.364018410274161,2.612091665971093,2.5083465576171875,True,Term-free primary specification,Approval-descriptor prediction
layer1,19,True,all three numerical criteria satisfied,6,1.0785939894703e-08,2.1350292396249415e-06,1.673470251262188e-10,-54729.08237232981,191357.80369728815,405443,93,1.5304565420374274,405443.0,0.0135142346024277,5.963000512468254,2.6135414169402793,2.5083465576171875,True,Term-free primary specification,Approval-descriptor prediction
layer1,20,True,all three numerical criteria satisfied,7,5.233519068692562e-10,1.7249361050630796e-08,1.4551915228366852e-10,-55762.43731784742,101195.28370919946,405443,93,1.8262166250497105,405443.0,0.0607179202871676,4.742748588053414,2.912677875021473,2.508392333984375,True,Term-free primary specification,Approval-descriptor prediction
layer1,21,True,all three numerical criteria satisfied,6,4.0351012966893554e-08,1.5851905978969685e-06,3.346940502524376e-10,-55331.9017445185,98624.04815701777,405443,93,1.529003959032707,405443.0,0.056717864657528,4.387576138783856,2.6122358749853447,2.508392333984375,True,Term-free primary specification,Approval-descriptor prediction
layer1,22,True,all three numerical criteria satisfied,6,9.721472869905259e-08,1.7397206031333212e-06,6.548361852765083e-11,-59007.00379708959,108742.5646780045,405443,93,1.5298535829642788,405443.0,0.0287651364707069,4.853973037020652,2.6117834999458864,2.5084228515625,True,Term-free primary specification,Approval-descriptor prediction
layer1,23,True,all three numerical criteria satisfied,6,9.77670866233181e-08,8.26774996021129e-07,1.6007106751203534e-10,-54815.64858369891,992757.7150506658,405443,93,1.5313314169179648,405443.00000000006,0.0320214799578131,5.986733520494296,2.6151930830674246,2.5084228515625,True,Term-free primary specification,Approval-descriptor prediction
layer1,24,True,all three numerical criteria satisfied,6,9.741037942796339e-08,1.443308709214719e-06,5.0931703299283975e-11,-54820.26336278166,100869.6741471568,405443,93,1.5292764160549268,405443.0,0.064628401043151,3.754013915694468,2.6112958330195397,2.5084228515625,True,Term-free primary specification,Approval-descriptor prediction
layer1,25,True,all three numerical criteria satisfied,6,2.91943443531322e-07,9.175988063603311e-06,2.9103830456733704e-11,-57235.9218877733,103409.79203143892,405443,93,1.5300039590802044,405443.0,0.016667663153917,3.886301453756179,2.611607125028968,2.5084228515625,True,Term-free primary specification,Approval-descriptor prediction
layer1,26,True,all three numerical criteria satisfied,6,2.918923829512887e-08,8.434904815723954e-07,3.2741809263825417e-10,-60715.536666223845,113053.4557228691,405443,93,1.5303060839651152,405443.0000000001,0.0185605402062293,4.939448746643323,2.6138522080145776,2.5084228515625,True,Term-free primary specification,Approval-descriptor prediction
layer1,27,True,all three numerical criteria satisfied,6,1.2047163784568646e-08,4.0896981046145697e-07,4.365574568510055e-11,-55571.7211225912,97637.96739794564,405443,93,1.5278513750527054,405443.0,0.0203453499767404,4.87958752607091,2.612336124991998,2.5084228515625,True,Term-free primary specification,Approval-descriptor prediction
layer1,28,True,all three numerical criteria satisfied,6,2.0851673761738001e-07,1.8122789640084849e-06,5.820766091346741e-11,-56669.61071809994,97839.15721513909,405443,93,1.528260292019695,405442.99999999994,0.0104428571056513,4.671772829334624,2.612910958006978,2.5084381103515625,True,Term-free primary specification,Approval-descriptor prediction
layer1,29,True,all three numerical criteria satisfied,5,1.705988339844007e-06,2.6671959760804498e-06,1.0186340659856795e-10,-53022.64679117699,90886.77127000992,405443,93,1.2523471669992432,405443.0,0.0201770856467447,5.094244702462038,2.3344095420325175,2.5084381103515625,True,Term-free primary specification,Approval-descriptor prediction
layer1,30,True,all three numerical criteria satisfied,6,2.0749424978774323e-08,7.61042744379381e-08,2.8376234695315356e-10,-54567.84645756861,93732.4984949803,405443,93,1.5321347090648487,405442.99999999994,0.0450865721212613,4.354641099324493,2.6122698748949915,2.508453369140625,True,Term-free primary specification,Approval-descriptor prediction
layer1,31,True,all three numerical criteria satisfied,6,1.6247825068946752e-07,3.2858916479971967e-06,1.7462298274040222e-10,-55178.080927160576,153565.84990282488,405443,93,1.5357504170387983,405443.0,0.0293434633345396,4.120082672600311,2.6195431670639664,2.5084686279296875,True,Term-free primary specification,Approval-descriptor prediction
layer1,32,False,iteration limit,100,4.379449017090451e-05,0.0004004052434916,1.4333636499941351e-09,-56861.47487699589,867073.7386131043,405443,93,42.73681916599162,405443.00000000006,2.7153619333573727e-05,3.889012027402576,42.80760329100303,2.5084686279296875,True,Term-free primary specification,Approval-descriptor prediction
layer1,33,True,all three numerical criteria satisfied,6,1.2765009780768216e-08,3.211407002545741e-07,3.1286617740988726e-10,-58215.69988295053,151609.38160317403,405443,93,1.642896999954246,405443.0,0.0425494485642561,6.402135807233793,2.8516259170137346,2.5084686279296875,True,Term-free primary specification,Approval-descriptor prediction
layer1,34,True,all three numerical criteria satisfied,6,3.63675899772857e-09,1.5425521060485894e-07,3.637978807091713e-11,-56632.09890052056,99376.09777378348,405443,93,1.6509364160010591,405443.0,0.1548620110234204,4.59202090178262,2.775322458008304,2.5084686279296875,True,Term-free primary specification,Approval-descriptor prediction
layer1,35,True,all three numerical criteria satisfied,7,3.040002228432443e-08,6.333866246488462e-07,4.656612873077393e-10,-55969.49365786911,131626.784005926,405443,93,1.9408738750498744,405443.0,0.0168097003384355,5.602453441501699,3.045644292025827,2.5084686279296875,True,Term-free primary specification,Approval-descriptor prediction
layer1,36,True,all three numerical criteria satisfied,23,7.641807687058799e-07,5.67119923378101e-06,4.656612873077393e-10,-63414.28064037985,1402783.0253779944,405443,93,6.828090290888213,405443.0,0.0019019563247068,3.8403285052927374,7.933897583978251,2.5084686279296875,True,Term-free primary specification,Approval-descriptor prediction
layer1,37,True,all three numerical criteria satisfied,8,5.722227580413687e-07,6.613406933864141e-06,2.9103830456733704e-10,-52935.69132924313,93786.25939399216,405443,93,2.2403482920490205,405443.0,0.00251571097537,3.714450360000075,3.349819374969229,2.5084686279296875,True,Term-free primary specification,Approval-descriptor prediction
layer1,38,True,all three numerical criteria satisfied,7,2.8015978084207195e-08,5.492766576853381e-07,4.365574568510055e-11,-51975.67512606027,92214.00200426552,405443,93,1.9425920840585604,405443.00000000006,0.0223986165225544,3.0274090334148953,3.047912708017975,2.5084686279296875,True,Term-free primary specification,Approval-descriptor prediction
layer1,39,True,all three numerical criteria satisfied,6,1.136578026201162e-08,4.853369506563343e-07,1.7462298274040222e-10,-57125.71084714709,102415.3032677519,405443,93,1.640581666957587,405443.00000000006,0.0186192817407482,2.8423982410308217,2.750416124938056,2.5084686279296875,True,Term-free primary specification,Approval-descriptor prediction
layer1,40,True,all three numerical criteria satisfied,7,7.921786079932876e-07,5.055429228351116e-06,2.9831426218152046e-10,-57449.366251176354,172254.86951781443,405443,93,2.3162740420084447,405443.0,0.0030939955320004,3.861588709287601,3.4933888340601698,2.5084686279296875,True,Term-free primary specification,Approval-descriptor prediction
layer1,41,True,all three numerical criteria satisfied,8,9.790982531425971e-07,9.466743733144156e-06,5.820766091346741e-11,-54214.177686378454,96122.78437186446,405443,93,2.4473849160131067,405443.0,0.0031602747620372,6.357222470664603,3.615967083023861,2.5084686279296875,True,Term-free primary specification,Approval-descriptor prediction
layer1,42,False,iteration limit,100,4.403455369186848e-05,0.0002677349009143,2.6120687834918503e-09,-57661.08161028417,582006.5034284269,405443,93,40.553229666897096,405442.99999999994,5.263524167098025e-05,5.491789695396058,40.62794854200911,2.5084686279296875,True,Term-free primary specification,Approval-descriptor prediction
layer1,43,True,all three numerical criteria satisfied,6,1.1333627827562718e-08,3.629623589740394e-07,2.8376234695315356e-10,-55345.425996622515,172488.94411624753,405443,93,1.6429436660837382,405443.0,0.0194285253705561,2.5071934972617034,2.8166672500083223,2.5084686279296875,True,Term-free primary specification,Approval-descriptor prediction
layer1,44,True,all three numerical criteria satisfied,11,2.5847474974249884e-07,2.7984549351156573e-06,5.820766091346741e-11,-60574.30422879136,1195904.553298683,405443,93,3.141266042017378,405443.0,0.0004587166688436,4.5561517133648195,4.265084500075318,2.5084686279296875,True,Term-free primary specification,Approval-descriptor prediction
layer1,45,True,all three numerical criteria satisfied,6,8.337040998155062e-09,8.936734036124606e-08,2.8376234695315356e-10,-55599.55349032542,93832.343889069,405443,93,1.6347086670575663,405443.0,0.0069790700718924,5.385334948760297,2.7447849590098485,2.5084686279296875,True,Term-free primary specification,Approval-descriptor prediction
layer1,46,True,all three numerical criteria satisfied,6,7.705756869195324e-09,2.548800026591636e-07,2.2555468603968618e-10,-55602.46837663902,136172.3010749831,405443,93,1.7143926250282675,405443.0,0.0515743233040739,2.7128737953440205,2.855640333960764,2.5084686279296875,True,Term-free primary specification,Approval-descriptor prediction
layer1,47,True,all three numerical criteria satisfied,6,1.7112625623205883e-08,3.302907751745465e-07,4.074536263942718e-10,-59887.85060794113,112680.50776116186,405443,93,1.6398242498980835,405443.0,0.0112763653166812,4.426352259162991,2.7715882909251377,2.5084686279296875,True,Term-free primary specification,Approval-descriptor prediction
layer1,48,True,all three numerical criteria satisfied,6,9.61176666890945e-07,6.908955345608092e-06,7.275957614183426e-12,-55457.39983365663,98779.64123722176,405443,93,1.6624807090265676,405443.0000000001,0.0133583074827143,4.005855572455264,2.7909367500105873,2.5084686279296875,True,Term-free primary specification,Approval-descriptor prediction
layer1,49,True,all three numerical criteria satisfied,6,7.289691843909153e-08,4.6262795572182824e-06,1.0186340659856795e-10,-60158.74386411602,198853.73223588392,405443,93,1.6666949579957873,405443.0,0.0589837631994445,7.073441667808002,2.8093883330002427,2.5084686279296875,True,Term-free primary specification,Approval-descriptor prediction
layer1,50,True,all three numerical criteria satisfied,6,3.27039387029715e-08,4.931396318519354e-07,3.4924596548080444e-10,-55483.775224131605,192770.5835083523,405443,93,1.664648084086366,405442.9999999999,0.0081893903437096,4.223897740575655,2.7855422910070047,2.5084686279296875,True,Term-free primary specification,Approval-descriptor prediction
layer1,51,True,all three numerical criteria satisfied,6,3.76857009626308e-08,5.509880808274303e-07,2.182787284255028e-11,-58059.88777638404,119769.76238066208,405443,93,1.6423394579906017,405443.0,0.0023837940074243,5.581214878743742,2.761895625037141,2.5084686279296875,True,Term-free primary specification,Approval-descriptor prediction
layer1,52,True,all three numerical criteria satisfied,6,2.7274843812791714e-08,7.343220187472355e-07,1.4551915228366852e-11,-58163.42832623168,181017.64827774235,405443,93,1.7141529159853237,405443.0,0.0239971011427636,5.969258612379418,2.83818483306095,2.5084686279296875,True,Term-free primary specification,Approval-descriptor prediction
layer1,53,True,all three numerical criteria satisfied,6,1.5781254506402958e-08,6.123131151003491e-07,4.4383341446518903e-10,-59145.46367142187,493085.4083195854,405443,93,1.6378199589671567,405443.0,0.0307578221926409,6.002739342317302,2.754674291005358,2.5084686279296875,True,Term-free primary specification,Approval-descriptor prediction
layer1,54,True,all three numerical criteria satisfied,6,2.368676452920751e-07,4.080701521469443e-06,4.5838532969355583e-10,-55465.7909998443,100680.81655887672,405443,93,1.678618208039552,405443.00000000006,0.0091716504831201,7.17053954849752,2.8591682080877945,2.5084686279296875,True,Term-free primary specification,Approval-descriptor prediction
layer1,55,True,all three numerical criteria satisfied,9,3.617722006207721e-07,3.984232640585894e-06,5.0931703299283975e-11,-57252.58702264722,1267418.1847140975,405443,93,2.5939013339811936,405443.00000000006,0.0028548216986815,4.5866114382217775,3.7376957909436896,2.5084686279296875,True,Term-free primary specification,Approval-descriptor prediction
layer1,56,True,all three numerical criteria satisfied,6,1.8040021294399266e-08,2.5001069152708055e-06,1.3096723705530167e-10,-58935.38819407043,117070.4870549061,405443,93,1.647488624905236,405443.00000000006,0.0350860837008704,4.644445290411603,2.778979833004996,2.5084686279296875,True,Term-free primary specification,Approval-descriptor prediction
layer1,57,True,all three numerical criteria satisfied,6,4.997068913109123e-09,5.927854723752902e-08,5.820766091346741e-10,-51863.93834528568,815895.3712859926,405443,93,1.6443574579898268,405443.0,0.0391526937698668,3.052821963511722,2.763865917106159,2.5084686279296875,True,Term-free primary specification,Approval-descriptor prediction
layer1,58,True,all three numerical criteria satisfied,6,1.1585403850275305e-07,4.562162505772349e-06,1.4551915228366852e-11,-61089.81844849874,456817.66646986577,405443,93,2.009517250000499,405443.0,0.088744268442206,4.501115595600668,3.26538104203064,2.5084686279296875,True,Term-free primary specification,Approval-descriptor prediction
layer1,59,True,all three numerical criteria satisfied,6,1.7296649734869758e-08,5.167247274506792e-07,7.275957614183426e-12,-58275.062677381335,104653.60011682134,405443,93,1.968407417065464,405443.0,0.0336404299794008,5.7157604072026515,3.1673388748895377,2.5084686279296875,True,Term-free primary specification,Approval-descriptor prediction
layer1,60,True,all three numerical criteria satisfied,5,3.231409187105634e-07,8.463106278555621e-06,7.275957614183426e-11,-56759.43273486248,385271.4746801954,405443,93,1.4774159580701962,405443.0,0.0427172532168522,4.058473891834551,2.752396374940872,2.5084686279296875,True,Term-free primary specification,Approval-descriptor prediction
layer1,61,True,all three numerical criteria satisfied,7,5.8989148273308866e-08,5.759509946745567e-07,1.0913936421275139e-10,-51019.776995963715,92661.85249688364,405443,93,1.977013916010037,405443.0,0.004531417550716,3.827576991283814,3.1481046669650823,2.5084686279296875,True,Term-free primary specification,Approval-descriptor prediction
layer1,62,True,all three numerical criteria satisfied,6,6.928792356279552e-09,1.1752495567840526e-06,7.275957614183426e-11,-56227.69716697043,766929.3539138907,405443,93,1.6923021669499576,405443.0,0.0281709416173116,4.985016487229229,2.83527562499512,2.5084686279296875,True,Term-free primary specification,Approval-descriptor prediction
layer1,63,True,all three numerical criteria satisfied,6,3.9888311852406256e-08,2.721084384482708e-07,2.037268131971359e-10,-51980.121249375894,1183522.455419847,405443,93,1.681244375067763,405442.99999999994,0.0192484970829852,4.852089139121356,2.99298350000754,2.5084686279296875,True,Term-free primary specification,Approval-descriptor prediction
layer1,64,True,all three numerical criteria satisfied,10,4.753052195577423e-07,3.7258918865745727e-06,2.1100277081131935e-10,-57534.54245073101,139043.8461763852,405443,93,2.897755999932997,405443.0,0.0006963294962809,6.0324481266896735,4.064936041017063,2.5084686279296875,True,Term-free primary specification,Approval-descriptor prediction
layer1,65,True,all three numerical criteria satisfied,6,3.3308610895496638e-09,7.249728093405849e-07,1.8917489796876907e-10,-55309.30209620244,96278.83422806177,405443,93,1.8969231250230223,405443.0,0.0400927574025411,6.484696990226783,3.2649687920929864,2.5084686279296875,True,Term-free primary specification,Approval-descriptor prediction
layer1,66,True,all three numerical criteria satisfied,6,4.343112071369948e-09,4.3544005845497225e-08,2.1827872842550278e-10,-52617.524577200114,90886.58833455034,405443,93,2.1076853750273585,405443.0,0.0253838870901149,4.116123352972819,3.3500119999516755,2.5084686279296875,True,Term-free primary specification,Approval-descriptor prediction
layer1,67,True,all three numerical criteria satisfied,5,3.162160451742403e-06,6.794248918473578e-06,1.025910023599863e-09,-58330.47418024079,106643.92978214196,405443,93,1.4344050419749692,405443.00000000006,0.0054998081620034,6.422463185492185,2.7663357079727575,2.5084686279296875,True,Term-free primary specification,Approval-descriptor prediction
layer1,68,True,all three numerical criteria satisfied,6,1.8837513942386865e-07,3.0090872579213723e-06,2.6921043172478676e-10,-55578.04116146007,100527.32003792,405443,93,1.7134863330284134,405443.0,0.0431553566054285,3.7351904210014943,2.8834675420075655,2.5084686279296875,True,Term-free primary specification,Approval-descriptor prediction
layer1,69,True,all three numerical criteria satisfied,6,2.407099079743368e-09,1.329312792619497e-07,7.275957614183426e-12,-54583.647660111405,513363.9368257572,405443,93,1.703718834090978,405443.0,0.0149089915092191,6.518151361193091,2.8898707090411335,2.5084686279296875,True,Term-free primary specification,Approval-descriptor prediction
layer1,70,True,all three numerical criteria satisfied,6,4.497472737362902e-07,6.377247960154264e-06,5.0931703299283975e-11,-52151.1308411983,185808.45035888863,405443,93,1.7149365830700845,405443.0,0.004220721369727,3.3325054468374975,2.95883033296559,2.5084686279296875,True,Term-free primary specification,Approval-descriptor prediction
layer1,71,True,all three numerical criteria satisfied,6,1.9424633350515375e-08,7.568594601048417e-07,8.731149137020111e-11,-57740.784062662686,102490.45856286833,405443,93,1.6747570000588894,405443.0,0.0575995638209718,6.110350024631149,2.8520102909533307,2.5084686279296875,True,Term-free primary specification,Approval-descriptor prediction
layer1,72,True,all three numerical criteria satisfied,8,7.540233743982827e-08,1.0106213932381536e-06,1.2369127944111824e-10,-55147.84722100819,98334.096063297,405443,93,2.362903541070409,405443.00000000006,0.001434711908907,4.422373229891629,3.5228459999198094,2.5084686279296875,True,Term-free primary specification,Approval-descriptor prediction
layer1,73,True,all three numerical criteria satisfied,10,8.855123698898716e-07,5.699223058819314e-06,1.0186340659856795e-10,-55099.52316936151,96754.26358236506,405443,93,2.871800291002728,405443.0,0.0085083832930451,3.3231195444634545,3.9847020420711488,2.5084686279296875,True,Term-free primary specification,Approval-descriptor prediction
layer1,74,True,all three numerical criteria satisfied,8,1.2301721030727464e-09,1.8020067438229148e-08,1.4551915228366852e-11,-58863.00241157066,107740.2187453557,405443,93,2.2375610830495134,405443.0,0.0096025937541978,5.8802575632075245,3.338844000012614,2.5084686279296875,True,Term-free primary specification,Approval-descriptor prediction
layer1,75,True,all three numerical criteria satisfied,6,1.151678966634261e-07,1.7848393023822684e-06,9.458744898438454e-11,-58009.168520830506,1922260.2178983504,405443,93,1.634773875004612,405443.00000000006,0.0097428763953264,4.087694481316325,2.746841707965359,2.5084686279296875,True,Term-free primary specification,Approval-descriptor prediction
layer1,76,True,all three numerical criteria satisfied,6,7.4056924872837325e-09,7.386713676837965e-08,1.673470251262188e-10,-61064.738676921006,112428.9926653174,405443,93,1.6423714580014348,405443.0,0.0394832989750544,4.38242203773097,2.7410410420270637,2.5084686279296875,True,Term-free primary specification,Approval-descriptor prediction
layer1,77,True,all three numerical criteria satisfied,6,5.1426645169612184e-08,1.30860317140713e-06,2.5465851649641985e-10,-53165.334141556224,93142.15172222574,405443,93,1.6355121249798683,405443.00000000006,0.0301167010962684,2.592888885678464,2.734846374951303,2.5084686279296875,True,Term-free primary specification,Approval-descriptor prediction
layer1,78,True,all three numerical criteria satisfied,6,5.562678932717008e-09,1.5697907107536937e-07,6.548361852765083e-11,-56571.40504821963,162410.67128592473,405443,93,1.6385449160588903,405443.0,0.026430521562719,3.147551761487198,2.7372250410262495,2.5084686279296875,True,Term-free primary specification,Approval-descriptor prediction
layer1,79,True,all three numerical criteria satisfied,6,2.168121378132166e-09,6.625801418636001e-08,5.0931703299283975e-11,-60786.4046799415,113424.00439184632,405443,93,1.641150875017047,405443.0,0.0315393051455886,3.2549050051853623,2.7447299159830436,2.5084686279296875,True,Term-free primary specification,Approval-descriptor prediction
layer1,80,True,all three numerical criteria satisfied,6,2.0445148890747034e-08,3.414412156343971e-07,1.5279510989785194e-10,-60098.77276195215,429341.2118560458,405443,93,1.6266655420185998,405443.00000000006,0.0306305647126488,3.625837035730569,2.726547541911714,2.5084686279296875,True,Term-free primary specification,Approval-descriptor prediction
layer1,81,True,all three numerical criteria satisfied,22,1.080194171234304e-06,7.640100666339578e-06,3.1286617740988726e-10,-56017.935985661185,183272.4400435586,405443,93,6.590941250091419,405443.00000000006,0.0006892125265496,4.85480404862868,7.699840291985311,2.5084686279296875,True,Term-free primary specification,Approval-descriptor prediction
layer1,82,True,all three numerical criteria satisfied,5,3.5640346127395306e-07,8.391837041155092e-06,2.9103830456733704e-11,-55613.15793112576,99842.71974529485,405443,93,1.3432053750148043,405443.0,0.0141423653014179,3.5558340774754154,2.443688708008267,2.5084686279296875,True,Term-free primary specification,Approval-descriptor prediction
layer1,83,True,all three numerical criteria satisfied,7,7.638945346264534e-07,9.121224710861853e-06,3.7107383832335467e-10,-53384.64598645397,205705.7421684409,405443,93,1.9341049999929965,405443.0,0.0051548938445405,3.3768120613519756,3.033525791950524,2.5084686279296875,True,Term-free primary specification,Approval-descriptor prediction
layer1,84,True,all three numerical criteria satisfied,7,2.516433113969318e-09,7.295745385604846e-08,1.1641532182693479e-10,-55310.76146904444,97715.21794170896,405443,93,1.9429183750180528,405443.0,0.0161291778170242,3.182131489081816,3.042720874887891,2.5084686279296875,True,Term-free primary specification,Approval-descriptor prediction
layer1,85,True,all three numerical criteria satisfied,7,3.380776941371841e-08,8.33303656910811e-07,5.529727786779404e-10,-56562.10165140989,2349009.293062037,405443,93,1.93984620901756,405443.0,0.0101489170512948,8.698034105268157,3.0383401670260355,2.5084686279296875,True,Term-free primary specification,Approval-descriptor prediction
layer1,86,True,all three numerical criteria satisfied,7,1.65569487855769e-10,1.7106057903504283e-08,2.5465851649641985e-10,-59545.02479420074,105519.60527646064,405443,93,1.9314671671018004,405442.9999999999,0.0181014015574367,5.366117627910334,3.0300934580154717,2.5084686279296875,True,Term-free primary specification,Approval-descriptor prediction
layer1,87,True,all three numerical criteria satisfied,5,4.224968034230637e-07,3.875342198145226e-06,1.0913936421275139e-10,-56178.51776372667,98450.53120670796,405443,93,1.3416280000237748,405443.0,0.0216201928885321,3.499077750301285,2.4381753749912605,2.5084686279296875,True,Term-free primary specification,Approval-descriptor prediction
layer1,88,True,all three numerical criteria satisfied,6,9.872152442746971e-09,2.2376213903996245e-07,8.731149137020111e-11,-59726.75367253947,110143.0747118894,405443,93,1.661659458070062,405443.0,0.0335272299542152,4.447390469170454,2.7678317499812692,2.5084686279296875,True,Term-free primary specification,Approval-descriptor prediction
layer1,89,True,all three numerical criteria satisfied,6,1.9140525507236763e-08,2.682921717012121e-07,3.5652192309498787e-10,-55260.90868550438,96406.1740918109,405443,93,1.6411155419191346,405443.00000000006,0.0098461993130826,4.0571341690753515,2.752792166080326,2.5084686279296875,True,Term-free primary specification,Approval-descriptor prediction
layer1,90,True,all three numerical criteria satisfied,6,6.38037741074134e-08,6.418651570250233e-07,2.037268131971359e-10,-58807.91076522823,106794.1437029539,405443,93,1.6587819999549538,405443.0,0.0192773045581888,3.691580914885479,2.7573155419668183,2.5084686279296875,True,Term-free primary specification,Approval-descriptor prediction
layer1,91,True,all three numerical criteria satisfied,6,2.5348520534447422e-08,8.224164818187996e-07,1.7462298274040222e-10,-57709.635633092985,101503.9711695214,405443,93,1.6398871659766885,405443.0,0.0098532285458994,5.728580800929579,2.736621333984658,2.5084686279296875,True,Term-free primary specification,Approval-descriptor prediction
layer1,92,True,all three numerical criteria satisfied,6,8.393609065611969e-08,2.2671775576910136e-06,1.3096723705530167e-10,-58423.7884501691,106780.05299339745,405443,93,1.6334793330170214,405442.9999999999,0.0137602135362556,5.6891505658462,2.737477167043835,2.5084686279296875,True,Term-free primary specification,Approval-descriptor prediction
layer1,93,True,all three numerical criteria satisfied,6,1.0977065902291926e-08,4.260377469700316e-07,1.6007106751203534e-10,-55511.01710772816,99389.86746536104,405443,93,1.6471710409969091,405442.99999999994,0.0433986148225755,3.5297768532881224,2.763576416997239,2.5084686279296875,True,Term-free primary specification,Approval-descriptor prediction
layer1,94,True,all three numerical criteria satisfied,6,2.5435501501469412e-08,1.0772439833495184e-06,5.0931703299283975e-11,-57979.64199554478,103168.58817408956,405443,93,1.7511902919504791,405442.99999999994,0.0117629803969253,3.9462163400983776,2.892194874933921,2.5084686279296875,True,Term-free primary specification,Approval-descriptor prediction
layer1,95,True,all three numerical criteria satisfied,6,9.089355069051865e-09,1.9610836543559887e-07,2.037268131971359e-10,-54309.102982992685,242604.9113316729,405443,93,1.6371159160044044,405443.0,0.0308013202025064,5.570490717414739,2.7344149170676246,2.5084686279296875,True,Term-free primary specification,Approval-descriptor prediction
layer1,96,True,all three numerical criteria satisfied,5,1.0344550183559106e-06,7.710159612650536e-06,1.3096723705530167e-10,-53418.02509205184,156777.6618365367,405443,93,1.3457049580756577,405443.0,0.0451545847608267,6.022856302711428,2.4432202079333365,2.5084686279296875,True,Term-free primary specification,Approval-descriptor prediction
layer1,97,True,all three numerical criteria satisfied,6,4.7662024374892956e-09,1.9003160850114553e-07,7.275957614183426e-11,-55223.13542755641,162706.4867395195,405443,93,1.6396473749773577,405442.99999999994,0.0368156667880665,3.3241025310661425,2.7344348339829594,2.5084686279296875,True,Term-free primary specification,Approval-descriptor prediction
layer1,98,True,all three numerical criteria satisfied,7,2.6045686089584322e-08,2.0800800881737305e-07,1.673470251262188e-10,-57125.49609402326,125719.18215138617,405443,93,1.9701057920465248,405443.0,0.0085113932139963,4.722680124889467,3.066368290921673,2.5084686279296875,True,Term-free primary specification,Approval-descriptor prediction
layer1,99,True,all three numerical criteria satisfied,5,1.42226298307017e-06,2.5946621335926068e-06,2.8376234695315356e-10,-59951.3874923923,155857.03289971847,405443,93,1.3513504170114174,405442.99999999994,0.03339041919393,5.776950524008391,2.448823584010825,2.5084686279296875,True,Term-free primary specification,Approval-descriptor prediction
layer1,100,True,all three numerical criteria satisfied,5,5.093974505120618e-07,3.2380667145393005e-06,5.165929906070231e-10,-58841.90202105905,306676.32347279135,405443,93,1.3422499579610303,405443.0,0.0154405004461575,4.1063115151202565,2.43978491704911,2.5084686279296875,True,Term-free primary specification,Approval-descriptor prediction
layer1,101,True,all three numerical criteria satisfied,9,7.654525800702325e-07,8.886464389235016e-06,1.8917489796876907e-10,-56073.268806502514,303262.1334148851,405443,93,2.5490795000223443,405443.0,0.0056187530969419,4.0718551228797,3.6452922499738634,2.5084686279296875,True,Term-free primary specification,Approval-descriptor prediction
layer1,102,True,all three numerical criteria satisfied,6,1.774857790295425e-07,3.3566745097357575e-06,1.5279510989785194e-10,-52987.273428645014,1839190.1003866117,405443,93,1.642966500017792,405443.0,0.0069817779370905,6.167946514209944,2.743365791975521,2.5084686279296875,True,Term-free primary specification,Approval-descriptor prediction
layer1,103,True,all three numerical criteria satisfied,5,7.672766937009519e-07,2.381616404090181e-06,2.182787284255028e-11,-57289.96915378096,101040.41115297,405443,93,1.3466885419329628,405443.0,0.0219873620221827,4.224899418838932,2.4650994170224294,2.5084686279296875,True,Term-free primary specification,Approval-descriptor prediction
layer1,104,True,all three numerical criteria satisfied,5,6.174142018929462e-07,9.421098501549707e-06,1.2369127944111824e-10,-55809.253310001965,163290.17492905256,405443,93,1.4382412920240313,405442.99999999994,0.0271291775056981,5.493703537334875,2.589595041004941,2.5084686279296875,True,Term-free primary specification,Approval-descriptor prediction
layer1,105,True,all three numerical criteria satisfied,6,1.439970857792288e-07,2.8077882444077495e-06,8.731149137020111e-11,-54682.54000081758,825430.1249822734,405443,93,1.847782416967675,405443.0,0.0103816873208641,2.5535451105558744,3.0226076670223847,2.5084686279296875,True,Term-free primary specification,Approval-descriptor prediction
layer1,106,True,all three numerical criteria satisfied,6,1.2948511027288669e-08,6.599610874180595e-07,0.0,-59755.57281648564,109987.00028380811,405443,93,1.6962027919944376,405443.0,0.0419910622645676,2.9019130448723827,2.812398249981925,2.5084686279296875,True,Term-free primary specification,Approval-descriptor prediction
layer1,107,True,all three numerical criteria satisfied,8,1.0065487465248388e-07,1.3340198989908458e-06,1.0186340659856795e-10,-52718.17785070212,419116.18397294846,405443,93,2.239089792012237,405443.0,0.0016775364999131,3.942110003963153,3.3408792089903727,2.5084686279296875,True,Term-free primary specification,Approval-descriptor prediction
layer1,108,True,all three numerical criteria satisfied,7,1.2447215807606185e-06,8.829187409631345e-06,6.111804395914078e-10,-56040.55020567264,2924574.938859899,405443,93,1.9368391659809276,405443.00000000006,0.0050009246369101,4.325060785731425,3.038856624974869,2.5084686279296875,True,Term-free primary specification,Approval-descriptor prediction
layer1,109,True,all three numerical criteria satisfied,5,1.7040831116466645e-06,2.848799497967569e-06,5.820766091346741e-11,-59381.55492996393,108898.1741991914,405443,93,1.3444011668907478,405442.99999999994,0.0243292474948763,3.8995437253222502,2.4406520419288427,2.5084686279296875,True,Term-free primary specification,Approval-descriptor prediction
layer1,110,True,all three numerical criteria satisfied,6,6.835301375471628e-08,1.951987258216187e-06,2.182787284255028e-11,-54168.484270437046,762579.1565626782,405443,93,1.6485371250892058,405442.99999999994,0.0106285768583867,4.8146828434973585,2.7497499160235748,2.5084686279296875,True,Term-free primary specification,Approval-descriptor prediction
layer1,111,True,all three numerical criteria satisfied,7,2.646513827713262e-07,4.73895773867028e-06,1.673470251262188e-10,-52617.13404933049,151057.64917234352,405443,93,1.948165583075024,405443.0,0.0150950868142308,3.956927005185334,3.0442625420400873,2.5084686279296875,True,Term-free primary specification,Approval-descriptor prediction
layer1,112,True,all three numerical criteria satisfied,5,5.425444371915242e-07,4.181921609114347e-06,5.238689482212067e-10,-57297.52538100453,105119.20825189626,405443,93,1.3508035839768129,405443.0,0.0249661745895555,2.490567465678136,2.448680166970007,2.5084686279296875,True,Term-free primary specification,Approval-descriptor prediction
layer1,113,True,all three numerical criteria satisfied,7,6.182371775978467e-10,2.8679096153449993e-08,4.074536263942718e-10,-53800.080971322546,96281.23071165264,405443,93,1.9405188750242817,405443.0,0.0612417907588191,5.512933364127903,3.044838041998446,2.5084686279296875,True,Term-free primary specification,Approval-descriptor prediction
layer1,114,True,all three numerical criteria satisfied,6,1.6557332743055708e-07,2.4114344855385994e-06,1.3096723705530167e-10,-56245.152909235345,171254.74283319167,405443,93,1.6636992919957263,405443.0,0.004643143248159,4.6499284868707065,2.772624332923442,2.5084686279296875,True,Term-free primary specification,Approval-descriptor prediction
layer1,115,True,all three numerical criteria satisfied,11,5.517665630835195e-07,4.560484875515414e-06,1.8917489796876907e-10,-57448.2997256503,125322.89276945936,405443,93,3.1353495420189574,405443.0,0.0007922201735158,5.732621343324519,4.235411082976498,2.5084686279296875,True,Term-free primary specification,Approval-descriptor prediction
layer1,116,True,all three numerical criteria satisfied,7,2.0163663185197738e-07,3.8053374987745414e-06,1.8917489796876907e-10,-56138.67430724571,96955.06276611394,405443,93,1.941053792019375,405443.0,0.0036971510380632,5.823317539734434,3.041628208011389,2.5084686279296875,True,Term-free primary specification,Approval-descriptor prediction
layer1,117,True,all three numerical criteria satisfied,6,5.14108881639133e-08,1.258723371033721e-06,1.5279510989785194e-10,-59664.02036584548,215640.24077649636,405443,93,1.647055667010136,405443.00000000006,0.0363691389304714,4.018273206472744,2.752916416968219,2.5084686279296875,True,Term-free primary specification,Approval-descriptor prediction
layer1,118,True,all three numerical criteria satisfied,6,5.695784006766303e-08,8.894503354950345e-07,2.9103830456733704e-11,-53396.59206913508,93245.59332713149,405443,93,1.6471968330442903,405443.0,0.0191251666507123,2.1683596561209604,2.7441270410781726,2.5084686279296875,True,Term-free primary specification,Approval-descriptor prediction
layer1,119,True,all three numerical criteria satisfied,6,3.9906404679899976e-08,6.051725719435908e-07,3.637978807091713e-11,-51871.10841849096,90518.98626476212,405443,93,1.6396475830115378,405443.0,0.0063318686042229,2.761670746143542,2.7441298329504207,2.5084686279296875,True,Term-free primary specification,Approval-descriptor prediction
layer1,120,True,all three numerical criteria satisfied,39,1.2971544358225673e-06,8.743506126229761e-06,7.275957614183426e-12,-57021.83268714191,1295048.2523802214,405443,93,11.58623608306516,405443.0,0.0001363709382642,3.826656921388939,12.69037279195618,2.5084686279296875,True,Term-free primary specification,Approval-descriptor prediction
layer1,121,True,all three numerical criteria satisfied,5,4.4758679917239474e-07,5.8291401821009e-06,1.0186340659856795e-10,-57094.31339524082,268205.9755145909,405443,93,1.346590125001967,405443.0,0.0053948066445654,2.8948125297866483,2.4536933329654858,2.5084686279296875,True,Term-free primary specification,Approval-descriptor prediction
layer1,122,True,all three numerical criteria satisfied,5,1.699910079955745e-06,4.502120491522987e-06,2.40106601268053e-10,-56860.10078160597,98527.72091110982,405443,93,1.345345166977495,405443.0,0.0131868827314366,5.12241050884223,2.44864962506108,2.5084686279296875,True,Term-free primary specification,Approval-descriptor prediction
layer1,123,True,all three numerical criteria satisfied,13,4.292921490893498e-07,4.291577831327942e-06,4.0017766878008837e-10,-56364.65771982003,131805.15033100042,405443,93,3.726157166995108,405443.00000000006,0.0008231254604214,4.625922516517161,4.826608332921751,2.5084686279296875,True,Term-free primary specification,Approval-descriptor prediction
layer1,124,True,all three numerical criteria satisfied,6,8.541590403697115e-09,2.935155631877962e-07,4.2928149923682213e-10,-60665.33043932196,110714.48835170578,405443,93,1.6394989170366898,405442.99999999994,0.0594584018458543,3.8424411970180814,2.740751707926393,2.5084686279296875,True,Term-free primary specification,Approval-descriptor prediction
layer1,125,True,all three numerical criteria satisfied,6,1.5392301433364224e-08,7.809296120875332e-08,1.8917489796876907e-10,-56519.739396797275,98493.91056906084,405443,93,1.6473303330130875,405443.0,0.0234702322278505,8.897185898432785,2.7505405000410974,2.5084686279296875,True,Term-free primary specification,Approval-descriptor prediction
layer1,126,True,all three numerical criteria satisfied,6,7.448075653759514e-08,1.6423941718024526e-06,1.6007106751203534e-10,-54589.2206205443,120770.6681344153,405443,93,1.6595162500161678,405443.0,0.0180088858491542,2.334631549451347,2.782848707982339,2.5084686279296875,True,Term-free primary specification,Approval-descriptor prediction
layer1,127,True,all three numerical criteria satisfied,6,1.969501001617746e-08,7.143780289542434e-07,1.1641532182693479e-10,-55323.41121140536,496506.4498828715,405443,93,1.642065207939595,405443.00000000006,0.0097377984060348,4.943975926848983,2.7462049999739975,2.5084686279296875,True,Term-free primary specification,Approval-descriptor prediction
layer1,128,True,all three numerical criteria satisfied,7,1.2477098257357433e-08,5.99162599312919e-07,3.92901711165905e-10,-60523.553220447095,2452133.8260251055,405443,93,1.942032084101811,405443.0,0.0185160277429901,2.7515377555540947,3.043628375045955,2.5084686279296875,True,Term-free primary specification,Approval-descriptor prediction
layer1,129,True,all three numerical criteria satisfied,6,1.8214227694230108e-07,1.570803991546299e-06,1.1641532182693479e-10,-57037.31314467137,101713.77337065506,405443,93,1.8189848338952288,405443.0,0.0203734370112792,4.114845318480861,3.0200357499998063,2.5084686279296875,True,Term-free primary specification,Approval-descriptor prediction
layer1,130,True,all three numerical criteria satisfied,5,2.5594728972133143e-06,4.2140876799212634e-06,1.4551915228366852e-10,-58704.033074415674,108330.96162871456,405443,93,1.4923664999660105,405443.0,0.1423199812332211,4.32349350030614,2.6999090829631314,2.5084686279296875,True,Term-free primary specification,Approval-descriptor prediction
layer1,131,True,all three numerical criteria satisfied,6,2.428632137131118e-07,1.7841251751526954e-06,8.003553375601767e-11,-54651.809189810665,94803.91595934024,405443,93,1.8705115000484511,405443.0,0.0147882332945281,3.417693487254909,3.0869862909894437,2.5084686279296875,True,Term-free primary specification,Approval-descriptor prediction
layer1,132,True,all three numerical criteria satisfied,6,1.4621986921977692e-08,1.512030097794437e-07,3.1286617740988726e-10,-56599.0797267654,100398.5650418096,405443,93,1.816171457991004,405443.00000000006,0.0333221387702783,4.745219212076086,3.031665915972553,2.5084686279296875,True,Term-free primary specification,Approval-descriptor prediction
layer1,133,True,all three numerical criteria satisfied,8,8.832962758440713e-07,5.978483845425764e-06,1.0913936421275139e-10,-53072.42191304322,126814.2093732434,405443,93,2.473532374948263,405443.0,0.0028020892948102,2.7755517555039515,3.685908042010851,2.5084686279296875,True,Term-free primary specification,Approval-descriptor prediction
layer1,134,True,all three numerical criteria satisfied,6,5.4812049958757255e-08,1.1663194776079244e-06,8.003553375601767e-11,-55210.6843483096,288404.01830828603,405443,93,1.812124542077072,405443.0,0.014947368749175,4.472407378586823,3.030076000024565,2.5084686279296875,True,Term-free primary specification,Approval-descriptor prediction
layer1,135,True,all three numerical criteria satisfied,10,1.6455992453868074e-07,2.0523812618300497e-06,5.820766091346741e-11,-55379.94312931788,99564.85882840988,405443,93,3.120125750079751,405443.0,0.000103964272564,4.191409045834261,4.3439520000247285,2.5084686279296875,True,Term-free primary specification,Approval-descriptor prediction
layer1,136,True,all three numerical criteria satisfied,8,8.68387094860991e-08,1.392912149400516e-06,2.1100277081131935e-10,-56845.46839083992,101122.41418095535,405443,93,2.4771221249829978,405443.0,0.0013583852870534,5.888656570861608,3.7047318749828264,2.5084686279296875,True,Term-free primary specification,Approval-descriptor prediction
layer1,137,True,all three numerical criteria satisfied,7,2.557761281442572e-09,1.1619186857103615e-07,5.820766091346741e-11,-56538.85756509827,99743.43523553056,405443,93,2.1648725420236588,405443.0,0.0150778269371652,6.8658006118358585,3.5971136250300333,2.5084686279296875,True,Term-free primary specification,Approval-descriptor prediction
layer1,138,True,all three numerical criteria satisfied,6,1.597948514974465e-07,1.233402803058059e-06,5.238689482212067e-10,-56505.74815201946,113210.20543166724,405443,93,1.7716593330260366,405443.0,0.0167016464634522,4.101496030129394,2.902246457990259,2.5084686279296875,True,Term-free primary specification,Approval-descriptor prediction
layer1,139,True,all three numerical criteria satisfied,6,3.230343966240776e-07,2.6041990630609746e-06,2.764863893389702e-10,-57807.50156249618,106376.00336024142,405443,93,1.688297542044893,405443.00000000006,0.0242208660504443,4.150013333973678,2.8823209579568356,2.5084686279296875,True,Term-free primary specification,Approval-descriptor prediction
layer1,140,True,all three numerical criteria satisfied,6,5.603091701160106e-07,7.756012022852588e-06,0.0,-54263.50659062517,94762.19351864222,405443,93,1.7168811250012368,405443.0,0.016713182146383,5.984247267344857,2.903536625090055,2.5084686279296875,True,Term-free primary specification,Approval-descriptor prediction
layer1,141,True,all three numerical criteria satisfied,6,6.368048759314046e-09,8.99119369512924e-08,1.3096723705530167e-10,-62101.63784804936,119863.72916481466,405443,93,1.7262433340074494,405443.0,0.028870128437404,4.466337572114612,2.9076752919936553,2.5084686279296875,True,Term-free primary specification,Approval-descriptor prediction
layer1,142,True,all three numerical criteria satisfied,6,9.871662500170185e-09,1.6647929323987398e-07,1.382431946694851e-10,-52112.68461702379,89508.98975784406,405443,93,1.708185459021479,405442.99999999994,0.0069453388577798,3.6928604741600193,2.919802458025515,2.5084686279296875,True,Term-free primary specification,Approval-descriptor prediction
layer1,143,True,all three numerical criteria satisfied,6,1.508847079919603e-07,2.7242216797951357e-06,4.365574568510055e-11,-53314.77117330928,96140.36387668138,405443,93,1.7075453749857843,405443.00000000006,0.039531000813933,5.148829380335735,2.870365208014846,2.5084686279296875,True,Term-free primary specification,Approval-descriptor prediction
layer1,144,True,all three numerical criteria satisfied,7,3.940821144986485e-07,3.033606005287126e-06,1.8917489796876907e-10,-57739.100960373595,103795.03482022812,405443,93,2.3029442499391735,405443.00000000006,0.0229373451604863,11.391357926691846,3.710497166961431,2.5084686279296875,True,Term-free primary specification,Approval-descriptor prediction
layer1,145,True,all three numerical criteria satisfied,6,1.827018485459075e-08,2.428376902653684e-07,4.365574568510055e-11,-53436.39061213906,142462.9551588915,405443,93,2.1217362079769373,405443.00000000006,0.0198439564274713,2.439953342508597,3.573483166983351,2.5084686279296875,True,Term-free primary specification,Approval-descriptor prediction
layer1,146,True,all three numerical criteria satisfied,6,4.3651182162893975e-09,1.9291036090773875e-07,1.673470251262188e-10,-58642.09232524854,109972.83812167628,405443,93,2.1387750830035657,405443.0,0.0340197013465339,3.460952708146794,3.576795333996415,2.5084686279296875,True,Term-free primary specification,Approval-descriptor prediction
layer1,147,True,all three numerical criteria satisfied,7,4.3960567130540363e-07,3.243526427221255e-06,3.201421350240707e-10,-57807.683144463605,103071.06022401634,405443,93,2.5407814170466736,405442.9999999999,0.0168665978110298,7.510594521366128,4.018139874911867,2.5084686279296875,True,Term-free primary specification,Approval-descriptor prediction
layer1,148,True,all three numerical criteria satisfied,6,3.183316859996956e-09,6.691302885108996e-07,2.2555468603968618e-10,-54549.8835398052,95671.7043187157,405443,93,2.1110964589752257,405443.0,0.0257715249331897,2.357817141844795,3.3690005829557776,2.5084686279296875,True,Term-free primary specification,Approval-descriptor prediction
layer1,149,True,all three numerical criteria satisfied,6,2.628747934759081e-08,7.165939100994834e-07,3.637978807091713e-11,-58343.09076197177,106065.72816598298,405443,93,2.1841549589298666,405443.0,0.0073814325095338,3.5892358332831793,3.693939541932195,2.5084686279296875,True,Term-free primary specification,Approval-descriptor prediction
layer1,150,False,iteration limit,100,2.208858722656075e-05,0.0001654360081202,3.1286617740988726e-10,-53456.5741646155,331678.2029016988,405443,93,39.883928916067816,405442.9999999999,7.565949923960707e-05,4.595356635704438,39.97387158393394,2.5084686279296875,True,Term-free primary specification,Approval-descriptor prediction
layer1,151,True,all three numerical criteria satisfied,8,2.947094730878439e-09,2.1268726335677002e-08,2.037268131971359e-10,-51067.06495954297,487761.6971524273,405443,93,2.6089310829993337,405443.0,0.0156913361602803,4.379723119495786,3.8988035829970618,2.5084686279296875,True,Term-free primary specification,Approval-descriptor prediction
layer1,152,True,all three numerical criteria satisfied,7,4.3987285015811846e-08,2.5077515004579e-06,7.275957614183426e-12,-58256.3959449012,305513.0894550743,405443,93,2.219673917046748,405443.0,0.0073388545264318,3.9242677308557377,3.695397000061348,2.5084686279296875,True,Term-free primary specification,Approval-descriptor prediction
layer1,153,True,all three numerical criteria satisfied,6,2.8883710277705088e-08,3.923954091433757e-06,1.0913936421275139e-10,-58478.41153643079,239455.3115471288,405443,93,2.1663468750193715,405443.0,0.0226745703639908,5.011042280734287,3.642905874992721,2.5084686279296875,True,Term-free primary specification,Approval-descriptor prediction
layer1,154,True,all three numerical criteria satisfied,6,7.20065554724519e-08,9.277556507480966e-06,7.275957614183426e-12,-53968.19610347345,91459.02020291769,405443,93,2.152960749925114,405443.0,0.0474523486852792,4.28835204038087,3.6383806669618934,2.5084686279296875,True,Term-free primary specification,Approval-descriptor prediction
layer1,155,True,all three numerical criteria satisfied,6,1.048858427887822e-08,1.2533627558042326e-07,9.458744898438454e-11,-56366.82914343698,180450.31955440945,405443,93,2.1634863750077784,405442.99999999994,0.0460364491421783,4.490177036878545,3.665936000063084,2.5084686279296875,True,Term-free primary specification,Approval-descriptor prediction
layer1,156,True,all three numerical criteria satisfied,6,3.278717576604695e-08,5.133947229563063e-07,3.055902197957039e-10,-57996.13682527111,365410.96664922504,405443,93,2.1915105829248205,405443.0,0.0374131830297497,4.686220906145795,3.726192250032909,2.5084686279296875,True,Term-free primary specification,Approval-descriptor prediction
layer1,157,True,all three numerical criteria satisfied,11,7.742662238470477e-07,6.8573010982841964e-06,1.0186340659856795e-10,-52242.561767733845,111305.69102083072,405443,93,3.904829500010237,405443.0,0.0005215454223506,5.226406153156302,5.453928791102953,2.5084686279296875,True,Term-free primary specification,Approval-descriptor prediction
layer1,158,True,all three numerical criteria satisfied,5,1.0098615314541862e-06,2.9503614439319037e-06,3.201421350240707e-10,-56578.83198442803,100746.32041225364,405443,93,1.7605570410378275,405442.99999999994,0.0116041379796775,4.777537227954831,3.266398041974753,2.5084686279296875,True,Term-free primary specification,Approval-descriptor prediction
layer1,159,True,all three numerical criteria satisfied,31,9.388433851453826e-07,6.629755329612408e-06,1.3096723705530167e-10,-57900.18514869024,223026.76872891624,405443,93,11.939007084001789,405443.0,0.0004635483745862,2.9737306503230956,13.245531165972352,2.5084686279296875,True,Term-free primary specification,Approval-descriptor prediction
layer1,160,True,all three numerical criteria satisfied,6,8.586966300312673e-09,2.097382511556667e-07,6.83940015733242e-10,-56884.72665993437,352887.63959757006,405443,93,2.2212018331047148,405442.9999999999,0.0558703499526854,3.8834133032900113,3.741538375033997,2.5084686279296875,True,Term-free primary specification,Approval-descriptor prediction
layer1,161,True,all three numerical criteria satisfied,7,3.3443638734840874e-08,5.972560740419297e-07,2.182787284255028e-11,-59376.86425646878,109146.4666555326,405443,93,2.604140958050266,405443.0,0.0030035245105165,3.6925205190854857,4.033763917046599,2.5084686279296875,True,Term-free primary specification,Approval-descriptor prediction
layer1,162,True,all three numerical criteria satisfied,6,4.9064590021061234e-08,7.250683348170028e-07,5.0931703299283975e-11,-54813.05073077032,1013662.311710682,405443,93,1.989976334036328,405443.0,0.0593797779200318,4.479621578012309,3.380589041975327,2.5084686279296875,True,Term-free primary specification,Approval-descriptor prediction
layer1,163,True,all three numerical criteria satisfied,11,3.525447766896048e-07,3.0971923550282554e-06,1.8189894035458562e-10,-52128.77398254572,563201.6829064493,405443,93,3.7561590409604833,405442.9999999999,0.0019011784199563,4.25571102763403,5.138420584029518,2.5084686279296875,True,Term-free primary specification,Approval-descriptor prediction
layer1,164,True,all three numerical criteria satisfied,5,4.5692591270534275e-07,4.9521101898042375e-06,2.182787284255028e-11,-55392.23595114339,99271.4267607065,405443,93,1.6267241250025108,405443.0,0.0238774758820484,3.326570984272529,3.11706358299125,2.5084686279296875,True,Term-free primary specification,Approval-descriptor prediction
layer1,165,True,all three numerical criteria satisfied,7,1.9456614382222945e-07,2.240174208800738e-06,2.1827872842550278e-10,-60318.04275056634,275693.97356738657,405443,93,3.001534874900244,405443.0,0.0053741630588342,5.782805443526471,4.670600041979924,2.5084686279296875,True,Term-free primary specification,Approval-descriptor prediction
layer1,166,True,all three numerical criteria satisfied,6,8.903366099102173e-08,1.6579515981773874e-06,3.055902197957039e-10,-50292.891479833874,89130.04214858792,405443,93,1.972123667015694,405442.99999999994,0.0260210222645648,3.143269198692209,3.334141666069627,2.5084686279296875,True,Term-free primary specification,Approval-descriptor prediction
layer1,167,True,all three numerical criteria satisfied,6,9.02820861827456e-08,1.7234386129882928e-06,1.7462298274040222e-10,-55829.44926767906,492207.5398094717,405443,93,2.0012437499826774,405443.0,0.0128907326400442,2.5375065536353723,3.3662809589877725,2.5084686279296875,True,Term-free primary specification,Approval-descriptor prediction
layer1,168,True,all three numerical criteria satisfied,11,6.990195041786545e-07,4.674178720298627e-06,1.673470251262188e-10,-58147.2876505052,119026.48566679456,405443,93,4.214152916916646,405443.0,0.0071153397497736,4.260940122837354,5.643953207996674,2.5084686279296875,True,Term-free primary specification,Approval-descriptor prediction
layer1,169,True,all three numerical criteria satisfied,8,6.837014966387679e-07,6.59643194822479e-06,1.8189894035458562e-10,-52167.34789288134,91288.4332325247,405443,93,2.745086165959947,405443.0,0.0032271167537967,3.3397592319465823,4.141668084077537,2.5084686279296875,True,Term-free primary specification,Approval-descriptor prediction
layer1,170,True,all three numerical criteria satisfied,5,1.2275164909687166e-06,5.228042015748002e-06,1.4551915228366852e-10,-56609.07426643732,137239.14124463673,405443,93,1.6578754580114037,405443.0,0.0282986629716549,3.8233470994619463,3.0089013329707086,2.5084686279296875,True,Term-free primary specification,Approval-descriptor prediction
layer1,171,True,all three numerical criteria satisfied,6,2.711957506008977e-07,4.199642171798246e-06,3.6379788070917124e-10,-49632.15027948864,1738839.5302633103,405443,93,1.8663133750669656,405443.0,0.0269131648187124,3.2684171919937475,3.170383624965325,2.5084686279296875,True,Term-free primary specification,Approval-descriptor prediction
layer1,172,True,all three numerical criteria satisfied,6,6.392965185974493e-09,9.042826052407804e-07,2.764863893389702e-10,-53258.49114874486,91689.17770779211,405443,93,1.7729101669974623,405443.0,0.0260570727330313,3.4408567585145855,2.9583059159340337,2.5084686279296875,True,Term-free primary specification,Approval-descriptor prediction
layer1,173,True,all three numerical criteria satisfied,6,3.7015632781134404e-09,1.835158669472037e-07,4.365574568510055e-10,-59651.12292251954,237753.77381706043,405443,93,1.759987875004299,405443.0,0.0104811297763637,3.327092529881765,3.031190083012916,2.5084686279296875,True,Term-free primary specification,Approval-descriptor prediction
layer1,174,True,all three numerical criteria satisfied,6,2.7669324671741883e-08,6.209714517868559e-07,2.764863893389702e-10,-59416.29716810869,104264.6237646807,405443,93,1.7928902079584077,405443.0,0.0208641827432193,3.7236484117248647,3.0528402079362422,2.5084686279296875,True,Term-free primary specification,Approval-descriptor prediction
layer1,175,True,all three numerical criteria satisfied,6,3.208384980990517e-07,6.712319054802407e-06,3.637978807091713e-11,-52643.432832554834,92660.44542249224,405443,93,2.0820132499793544,405443.0,0.0083527339854813,4.26665755956219,3.638344042003155,2.5084686279296875,True,Term-free primary specification,Approval-descriptor prediction
layer1,176,True,all three numerical criteria satisfied,6,8.095122449868768e-08,4.510150400760526e-06,1.2369127944111824e-10,-56877.64434948666,147560.56765560556,405443,93,2.129855209030211,405443.0,0.010369313616814,4.547056570774962,3.450552250025794,2.5084686279296875,True,Term-free primary specification,Approval-descriptor prediction
layer1,177,True,all three numerical criteria satisfied,6,7.417722376528038e-09,4.739883950222179e-06,2.40106601268053e-10,-52673.97336882959,184122.51139134032,405443,93,2.178043417050503,405443.0,0.0234925552086484,5.639125344985503,3.7277879579924047,2.5084686279296875,True,Term-free primary specification,Approval-descriptor prediction
layer1,178,True,all three numerical criteria satisfied,7,4.8452785259557396e-08,6.680821393878489e-07,8.003553375601767e-11,-54007.47395104191,92498.43379045278,405443,93,2.429580791038461,405443.0,0.0074951995706878,4.342564518718519,3.766142374952324,2.5084686279296875,True,Term-free primary specification,Approval-descriptor prediction
layer1,179,True,all three numerical criteria satisfied,6,1.0189892437718173e-07,9.647745591312429e-06,8.731149137020111e-11,-57987.83438366833,103708.78520887576,405443,93,1.842187125002965,405443.0,0.0031232880992225,5.085311465290601,3.2248489999910817,2.5084686279296875,True,Term-free primary specification,Approval-descriptor prediction
layer1,180,True,all three numerical criteria satisfied,11,5.235817779542385e-07,4.318472466069423e-06,3.055902197957039e-10,-56150.39062935641,322009.10952043295,405443,93,3.4755931670079008,405443.0,0.0012896811392235,4.58519641058661,4.85245533392299,2.5084686279296875,True,Term-free primary specification,Approval-descriptor prediction
layer1,181,True,all three numerical criteria satisfied,6,1.0328854737075656e-08,4.747538038252231e-07,1.382431946694851e-10,-55876.157965989216,98924.2122902653,405443,93,2.084861541981809,405442.99999999994,0.0144696047189925,4.039848935868879,3.6085363751044497,2.5084686279296875,True,Term-free primary specification,Approval-descriptor prediction
layer1,182,True,all three numerical criteria satisfied,6,2.0352677405984652e-08,1.3419596953667678e-06,7.275957614183426e-11,-53110.40038846426,156315.29402887478,405443,93,2.1389651249628514,405443.0,0.0162425881479842,2.9114283014070415,3.45923495804891,2.5084686279296875,True,Term-free primary specification,Approval-descriptor prediction
layer1,183,True,all three numerical criteria satisfied,6,2.3585969925027973e-08,9.158100842121542e-06,1.4551915228366852e-11,-52732.197714721784,621803.7490426967,405443,93,2.146193458000198,405443.0,0.0319169389372949,3.5473078437898993,3.7049112080130726,2.5084686279296875,True,Term-free primary specification,Approval-descriptor prediction
layer1,184,True,all three numerical criteria satisfied,37,1.3199040757722047e-06,8.715475356080304e-06,3.055902197957039e-10,-57012.43391210161,228927.901291378,405443,93,12.82312929094769,405443.0,0.0010097443825391,5.164854991339508,14.203249666956252,2.5084686279296875,True,Term-free primary specification,Approval-descriptor prediction
layer1,185,True,all three numerical criteria satisfied,5,4.712661900833399e-07,5.774678973669012e-06,4.074536263942718e-10,-55336.81735625891,232861.57158882183,405443,93,1.6624301669653505,405443.0000000001,0.0461607054355291,4.895075267795942,3.028817000100389,2.5084686279296875,True,Term-free primary specification,Approval-descriptor prediction
layer1,186,True,all three numerical criteria satisfied,12,3.506048612471162e-07,3.112978887997997e-06,3.7834979593753815e-10,-56836.40225756955,117871.65593930098,405443,93,4.250635209027678,405443.0,0.000714019515354,4.364679555477472,5.621338165947236,2.5084686279296875,True,Term-free primary specification,Approval-descriptor prediction
layer1,187,True,all three numerical criteria satisfied,5,1.3391408199789968e-06,1.8695214308583896e-06,1.2369127944111824e-10,-59991.22985936882,141266.30119406513,405443,93,1.676467499928549,405443.0,0.0262499767760279,5.956165688125385,3.0478937909938395,2.5084686279296875,True,Term-free primary specification,Approval-descriptor prediction
layer1,188,True,all three numerical criteria satisfied,13,5.458197794633081e-07,3.5419139075010264e-06,4.4383341446518903e-10,-51958.999106504,128848.62635621749,405443,93,4.597916958038695,405443.0,0.0008603724297164,3.04551752806194,5.972855958039872,2.5084686279296875,True,Term-free primary specification,Approval-descriptor prediction
layer1,189,True,all three numerical criteria satisfied,5,3.767553494511802e-07,1.672028597576869e-06,3.5652192309498787e-10,-55025.985984977655,106826.35321714502,405443,93,1.6344035420333969,405443.0,0.0282297413427981,3.385406753293565,3.0035665000323206,2.5084686279296875,True,Term-free primary specification,Approval-descriptor prediction
layer1,190,True,all three numerical criteria satisfied,6,7.452552240399287e-07,8.94290895242511e-06,2.9103830456733704e-11,-56322.78587747593,104953.96213955837,405443,93,1.9894764999626204,405443.0,0.0208248985663784,3.5490743914262732,3.357979124994017,2.5084686279296875,True,Term-free primary specification,Approval-descriptor prediction
layer1,191,True,all three numerical criteria satisfied,6,2.957980902911279e-07,3.946495752082946e-06,4.656612873077393e-10,-58396.1575585684,229101.8870490113,405443,93,1.990053458022885,405443.0,0.0030769246796135,3.710101536076851,3.3570336250122637,2.5084686279296875,True,Term-free primary specification,Approval-descriptor prediction
layer1,192,True,all three numerical criteria satisfied,8,1.422400236743976e-08,2.01986890990824e-07,7.275957614183426e-11,-56538.783318145644,99375.03775513209,405443,93,2.7264127500820905,405443.0,0.0224697428807,4.924847531942437,4.097289125085808,2.5084686279296875,True,Term-free primary specification,Approval-descriptor prediction
layer1,193,True,all three numerical criteria satisfied,8,4.320050941003517e-07,5.833613857780806e-06,5.602487362921238e-10,-57736.393409089775,3937211.0908939834,405443,93,2.725656958995387,405443.0,0.0062021395695605,6.149651806023285,4.096457250067033,2.5084686279296875,True,Term-free primary specification,Approval-descriptor prediction
layer1,194,True,all three numerical criteria satisfied,7,1.4728371884728184e-09,3.1239706155261615e-08,1.8189894035458562e-10,-52755.28127618109,90966.34232503852,405443,93,2.385186833096668,405443.0,0.0391566057767597,6.782193994389978,3.764060665969737,2.5084686279296875,True,Term-free primary specification,Approval-descriptor prediction
layer1,195,True,all three numerical criteria satisfied,6,1.953359814052991e-07,3.1347461193764747e-06,1.1641532182693479e-10,-51929.10655743387,133769.44733397377,405443,93,2.002992209047079,405443.0,0.0166907954608393,2.8191948484927467,3.3778462499612942,2.5084686279296875,True,Term-free primary specification,Approval-descriptor prediction
layer1,196,True,all three numerical criteria satisfied,7,1.3463296641424982e-07,2.584818942774625e-06,5.0931703299283975e-11,-59866.49773880235,160821.38782438988,405443,93,2.371331834001466,405443.0,0.0151094846837192,3.924785476117761,3.7492819579783823,2.5084686279296875,True,Term-free primary specification,Approval-descriptor prediction
layer1,197,True,all three numerical criteria satisfied,5,5.202561459466244e-07,4.2135457634095985e-06,4.2928149923682213e-10,-57267.43033315946,99500.94579427838,405443,93,1.6645489999791607,405443.0,0.0249257616929815,3.7032058670720462,3.046697999932803,2.5084686279296875,True,Term-free primary specification,Approval-descriptor prediction
layer1,198,True,all three numerical criteria satisfied,11,8.466968951789871e-07,8.654041973255033e-06,1.3096723705530167e-10,-57779.01811783924,149939.91863578276,405443,93,3.8386296670651063,405443.0,0.0020990737781386,5.05982121076881,5.213024999946356,2.5084686279296875,True,Term-free primary specification,Approval-descriptor prediction
layer1,199,True,all three numerical criteria satisfied,6,2.5571368574700548e-08,1.5413980598566468e-06,1.8189894035458562e-10,-56220.49957053082,99466.30791343132,405443,93,2.1406061670277268,405443.0,0.015965739349532,3.609328711790885,3.4839480420341715,2.5084686279296875,True,Term-free primary specification,Approval-descriptor prediction
layer1_term,1,True,all three numerical criteria satisfied,6,1.0622831466024617e-07,3.092207122690205e-06,1.0186340659856795e-10,-55101.245156623605,774238.2348638489,405443,94,1.734920167014934,405443.0,0.0258667507350146,3.2234361447679594,2.82368662499357,2.5084686279296875,True,With-Term sensitivity; reported-term timing unverified,Approval-descriptor prediction
layer1_term,2,True,all three numerical criteria satisfied,7,1.1999162096933042e-09,4.3811333227949945e-08,5.820766091346741e-11,-52560.43203534434,1654638.4558562003,405443,94,2.054280374897644,405443.0,0.0229505848397153,3.864967636571808,3.143179540988058,2.5084686279296875,True,With-Term sensitivity; reported-term timing unverified,Approval-descriptor prediction
layer1_term,3,True,all three numerical criteria satisfied,11,6.177946560870923e-07,4.580895932360107e-06,8.003553375601767e-11,-53389.64109875591,119125.26531452264,405443,94,3.308100000023842,405443.0,0.0019595938532736,6.228788603694162,4.401545000029728,2.5084686279296875,True,With-Term sensitivity; reported-term timing unverified,Approval-descriptor prediction
layer1_term,4,True,all three numerical criteria satisfied,5,2.672090538456692e-07,7.030736254298731e-06,5.0931703299283975e-11,-55483.01703552043,152861.32642422424,405443,94,1.433197540929541,405443.0,0.0235576316720897,3.3425118662247137,2.524047916987911,2.5084686279296875,True,With-Term sensitivity; reported-term timing unverified,Approval-descriptor prediction
layer1_term,5,True,all three numerical criteria satisfied,9,8.281141160824956e-07,9.719182386458414e-06,1.2369127944111824e-10,-57033.205956184,125263.05600646256,405443,94,2.6820602089865133,405443.00000000006,0.003760313347367,4.6988553730144025,3.767435041954741,2.5084686279296875,True,With-Term sensitivity; reported-term timing unverified,Approval-descriptor prediction
layer1_term,6,True,all three numerical criteria satisfied,7,2.417898197314302e-07,4.375410622481368e-06,1.0913936421275139e-10,-56960.33976637673,129725.1776883792,405443,94,2.4882386249955744,405443.0,0.0885941139254984,4.653758312197172,3.7234860829776153,2.5084686279296875,True,With-Term sensitivity; reported-term timing unverified,Approval-descriptor prediction
layer1_term,7,True,all three numerical criteria satisfied,7,1.786288149410731e-07,1.825895657336929e-06,1.2369127944111824e-10,-54617.60460642347,115728.75220722445,405443,94,2.394872042001225,405443.0,0.0227751555439945,5.85915783879545,3.6783701670356095,2.5084686279296875,True,With-Term sensitivity; reported-term timing unverified,Approval-descriptor prediction
layer1_term,8,True,all three numerical criteria satisfied,6,4.7742499340970984e-08,1.5386111993365148e-06,1.2369127944111824e-10,-57361.59592000968,296095.981410942,405443,94,2.073937500012107,405443.0,0.0355319399372608,3.648072308845472,3.3360200420720503,2.5084686279296875,True,With-Term sensitivity; reported-term timing unverified,Approval-descriptor prediction
layer1_term,9,True,all three numerical criteria satisfied,6,5.980588990422749e-08,1.3206959705858168e-06,5.820766091346741e-11,-59011.46554182983,130088.14458708424,405443,94,2.393573416979052,405443.0,0.0229737081832273,2.8843565075272855,3.886166624957696,2.5084686279296875,True,With-Term sensitivity; reported-term timing unverified,Approval-descriptor prediction
layer1_term,10,True,all three numerical criteria satisfied,7,1.1886371259484109e-07,2.0405858282002143e-06,3.637978807091713e-11,-58067.26642845399,184745.94939546476,405443,94,2.9172922499710694,405443.0,0.0215204974488602,3.818180642903401,4.472013709018938,2.5084686279296875,True,With-Term sensitivity; reported-term timing unverified,Approval-descriptor prediction
layer1_term,11,True,all three numerical criteria satisfied,6,4.676138677635647e-08,1.4581302834049126e-06,2.1100277081131935e-10,-53132.87160313465,108879.06721583144,405443,94,2.4576775409514084,405443.0,0.0218775747448263,9.07779678509119,3.9873227500356734,2.5084686279296875,True,With-Term sensitivity; reported-term timing unverified,Approval-descriptor prediction
layer1_term,12,True,all three numerical criteria satisfied,8,9.28694237227672e-08,2.6131499257786572e-06,1.8189894035458562e-10,-54175.39101422433,177174.79903372566,405443,94,3.4674377919873223,405442.99999999994,0.0087195044603823,6.207036329784517,5.008871875004843,2.5084686279296875,True,With-Term sensitivity; reported-term timing unverified,Approval-descriptor prediction
layer1_term,13,True,all three numerical criteria satisfied,7,1.0265823473002107e-07,2.038333102860612e-06,3.2741809263825417e-10,-52578.14746455394,359500.69962404494,405443,94,2.955451250076294,405443.00000000006,0.0169974779766837,3.9334717943173887,4.498447917052545,2.5084686279296875,True,With-Term sensitivity; reported-term timing unverified,Approval-descriptor prediction
layer1_term,14,True,all three numerical criteria satisfied,8,6.670355852464048e-08,9.343714619802768e-07,8.731149137020111e-11,-53460.31978608438,181470.85829498523,405443,94,3.372825084021315,405442.99999999994,0.002748117719246,5.955934513798983,4.94313933304511,2.5084686279296875,True,With-Term sensitivity; reported-term timing unverified,Approval-descriptor prediction
layer1_term,15,True,all three numerical criteria satisfied,6,7.059349294509948e-08,2.023146220553329e-06,8.731149137020111e-11,-55873.48950345685,119612.95554337084,405443,94,2.510967999929562,405443.0,0.0162571556344677,4.132469693330616,4.081040374934673,2.5084686279296875,True,With-Term sensitivity; reported-term timing unverified,Approval-descriptor prediction
layer1_term,16,True,all three numerical criteria satisfied,7,8.488028065878252e-07,9.40262640192202e-06,1.9645085558295247e-10,-53561.51736393129,116506.41333953691,405443,94,2.9106066250242293,405443.00000000006,0.0038599170371044,3.4139756799943837,4.295764207956381,2.5084686279296875,True,With-Term sensitivity; reported-term timing unverified,Approval-descriptor prediction
layer1_term,17,True,all three numerical criteria satisfied,12,4.490287207788157e-07,4.286493170191363e-06,9.458744898438454e-11,-50545.41004802508,170616.2901399056,405443,94,5.318429167033173,405443.0,0.0009429512914217,3.744712770219565,6.906532707973383,2.5084686279296875,True,With-Term sensitivity; reported-term timing unverified,Approval-descriptor prediction
layer1_term,18,True,all three numerical criteria satisfied,6,3.277147745988065e-07,7.78457097294627e-06,3.8562575355172157e-10,-53489.396906912385,114318.54731769647,405443,94,2.5012954169651493,405443.0000000001,0.0235290990412237,4.364018410274161,4.094178583007306,2.5084686279296875,True,With-Term sensitivity; reported-term timing unverified,Approval-descriptor prediction
layer1_term,19,True,all three numerical criteria satisfied,6,1.1807853015667957e-07,2.7378396867394628e-06,2.6193447411060333e-10,-52718.8087329592,212665.5744207904,405443,94,2.5172421250026673,405443.0,0.0135142346024277,5.963000512468254,4.0889669170137495,2.5084686279296875,True,With-Term sensitivity; reported-term timing unverified,Approval-descriptor prediction
layer1_term,20,True,all three numerical criteria satisfied,7,1.785746239292632e-09,2.74966072133509e-08,1.1641532182693479e-10,-53613.18396891682,113412.0279316675,405443,94,2.9637846250552684,405443.0,0.0607179202871676,4.742748588053414,4.532701083924621,2.5084686279296875,True,With-Term sensitivity; reported-term timing unverified,Approval-descriptor prediction
layer1_term,21,True,all three numerical criteria satisfied,6,1.1621369267916759e-07,3.502107419839362e-06,1.5279510989785194e-10,-53275.25075423947,109683.91366662589,405443,94,2.510515999980271,405443.0,0.056717864657528,4.387576138783856,4.08266370894853,2.5084686279296875,True,With-Term sensitivity; reported-term timing unverified,Approval-descriptor prediction
layer1_term,22,True,all three numerical criteria satisfied,6,1.9644931016481427e-07,4.9982244439972234e-06,1.673470251262188e-10,-56807.270422015594,125177.07821584924,405443,94,2.5124806670937687,405443.0,0.0287651364707069,4.853973037020652,4.10891254094895,2.5084686279296875,True,With-Term sensitivity; reported-term timing unverified,Approval-descriptor prediction
layer1_term,23,True,all three numerical criteria satisfied,6,2.705165588102941e-07,5.429414819263512e-06,2.9103830456733704e-11,-52755.59601186384,1086886.2949311575,405443,94,2.769045582972467,405443.00000000006,0.0320214799578131,5.986733520494296,4.347321250010282,2.5084686279296875,True,With-Term sensitivity; reported-term timing unverified,Approval-descriptor prediction
layer1_term,24,True,all three numerical criteria satisfied,6,2.629933365493138e-07,2.87055375547407e-06,1.8917489796876907e-10,-52645.068556474114,112963.33483876928,405443,94,2.452955291955732,405443.0,0.064628401043151,3.754013915694468,3.774353791959584,2.5084686279296875,True,With-Term sensitivity; reported-term timing unverified,Approval-descriptor prediction
layer1_term,25,True,all three numerical criteria satisfied,7,8.252378280965777e-08,1.1863177855619966e-06,1.7462298274040222e-10,-55121.598172427606,119616.83283298009,405443,94,2.705534624983557,405443.0,0.016667663153917,3.886301453756179,4.092397790984251,2.5084686279296875,True,With-Term sensitivity; reported-term timing unverified,Approval-descriptor prediction
layer1_term,26,True,all three numerical criteria satisfied,6,6.228773694145673e-08,1.8370606678086432e-06,1.4551915228366852e-11,-58518.00178937951,126742.46874796182,405443,94,2.4968468750594184,405443.0000000001,0.0185605402062293,4.939448746643323,3.930563707952387,2.5084686279296875,True,With-Term sensitivity; reported-term timing unverified,Approval-descriptor prediction
layer1_term,27,True,all three numerical criteria satisfied,6,3.086374194883583e-07,7.326875978375114e-06,1.673470251262188e-10,-53357.425926805656,111840.09330790718,405443,94,2.111717166029848,405443.0,0.0203453499767404,4.87958752607091,3.557498875074089,2.5084686279296875,True,With-Term sensitivity; reported-term timing unverified,Approval-descriptor prediction
layer1_term,28,True,all three numerical criteria satisfied,6,3.031982271084477e-07,2.2546651932131567e-06,1.382431946694851e-10,-54466.355451215226,113913.22774548718,405443,94,2.473987333010882,405442.99999999994,0.0104428571056513,4.671772829334624,4.052829458960332,2.5084686279296875,True,With-Term sensitivity; reported-term timing unverified,Approval-descriptor prediction
layer1_term,29,True,all three numerical criteria satisfied,5,1.4778016272929084e-06,9.82054761122786e-06,1.8189894035458562e-10,-50932.738056547736,103347.92411481631,405443,94,1.97961124998983,405443.0,0.0201770856467447,5.094244702462038,3.362741583958268,2.5084686279296875,True,With-Term sensitivity; reported-term timing unverified,Approval-descriptor prediction
layer1_term,30,True,all three numerical criteria satisfied,6,9.95446954726864e-09,1.318265117067341e-07,2.5465851649641985e-10,-52453.21926212597,107209.38725904844,405443,94,2.51267349999398,405442.99999999994,0.0450865721212613,4.354641099324493,4.122042665956542,2.5084686279296875,True,With-Term sensitivity; reported-term timing unverified,Approval-descriptor prediction
layer1_term,31,True,all three numerical criteria satisfied,7,5.9262213540800285e-08,1.1169916438458216e-06,1.7462298274040222e-10,-53015.07818696644,172860.5113190619,405443,94,2.909247083007358,405443.0,0.0293434633345396,4.120082672600311,4.501112874946557,2.5084686279296875,True,With-Term sensitivity; reported-term timing unverified,Approval-descriptor prediction
layer1_term,32,False,iteration limit,100,0.0001572827951811,0.0016424007607298,9.327777661383152e-09,-54595.25700909957,1076947.5759680502,405443,94,65.32409170898609,405443.00000000006,2.7153619333573727e-05,3.889012027402576,65.4184846249409,2.5084686279296875,True,With-Term sensitivity; reported-term timing unverified,Approval-descriptor prediction
layer1_term,33,True,all three numerical criteria satisfied,6,3.5013003609266076e-08,1.1198679352730778e-06,3.41970007866621e-10,-56033.32227353061,166946.33456332437,405443,94,2.410189124988392,405443.0,0.0425494485642561,6.402135807233793,4.011017875047401,2.5084686279296875,True,With-Term sensitivity; reported-term timing unverified,Approval-descriptor prediction
layer1_term,34,True,all three numerical criteria satisfied,6,3.5963569634868646e-08,7.967753238302677e-07,2.1827872842550278e-10,-54477.52584193141,113820.78859160104,405443,94,2.1176830840995535,405443.0,0.1548620110234204,4.59202090178262,3.538723750039935,2.5084686279296875,True,With-Term sensitivity; reported-term timing unverified,Approval-descriptor prediction
layer1_term,35,True,all three numerical criteria satisfied,7,2.9570947295839244e-08,6.219252151051791e-07,7.275957614183426e-12,-53899.11662700244,144516.87375413493,405443,94,2.9163182079792023,405443.0,0.0168097003384355,5.602453441501699,4.497088875039481,2.5084686279296875,True,With-Term sensitivity; reported-term timing unverified,Approval-descriptor prediction
layer1_term,36,True,all three numerical criteria satisfied,25,7.946646020939863e-07,5.729444758184599e-06,5.820766091346741e-11,-60997.24816977163,1536050.022100195,405443,94,9.752507207915189,405443.0,0.0019019563247068,3.8403285052927374,11.079571999958716,2.5084686279296875,True,With-Term sensitivity; reported-term timing unverified,Approval-descriptor prediction
layer1_term,37,True,all three numerical criteria satisfied,8,6.890790235861838e-07,7.887089505942413e-06,1.9645085558295247e-10,-50806.47607762436,104319.67239980932,405443,94,2.8445369160035625,405443.0,0.00251571097537,3.714450360000075,4.1353448330191895,2.5084686279296875,True,With-Term sensitivity; reported-term timing unverified,Approval-descriptor prediction
layer1_term,38,True,all three numerical criteria satisfied,7,5.6774755598441696e-08,9.830431651064453e-07,2.473825588822365e-10,-49901.82567878761,105107.97157654792,405443,94,2.1108628750080243,405443.00000000006,0.0223986165225544,3.0274090334148953,3.252577667008154,2.5084686279296875,True,With-Term sensitivity; reported-term timing unverified,Approval-descriptor prediction
layer1_term,39,True,all three numerical criteria satisfied,6,1.1277238558914657e-07,3.3287052004782325e-06,2.9103830456733704e-11,-54896.68330323663,116629.4004033723,405443,94,1.772403790964745,405443.00000000006,0.0186192817407482,2.8423982410308217,2.8844412500038743,2.5084686279296875,True,With-Term sensitivity; reported-term timing unverified,Approval-descriptor prediction
layer1_term,40,True,all three numerical criteria satisfied,8,2.052190101187179e-07,1.9032337159607948e-06,3.055902197957039e-10,-55224.34441733412,190541.30278620543,405443,94,2.3820836670929566,405443.0,0.0030939955320004,3.861588709287601,3.5113947089994326,2.5084686279296875,True,With-Term sensitivity; reported-term timing unverified,Approval-descriptor prediction
layer1_term,41,True,all three numerical criteria satisfied,9,1.7806703009800706e-07,1.6422201110088963e-06,1.5279510989785194e-10,-52214.7765547955,108349.74709117954,405443,94,2.744429499958642,405443.0,0.0031602747620372,6.357222470664603,3.8667341249529272,2.5084686279296875,True,With-Term sensitivity; reported-term timing unverified,Approval-descriptor prediction
layer1_term,42,False,iteration limit,100,4.829875135539017e-05,0.0003909402187516,3.776222001761198e-09,-55551.58322873865,847702.8444312407,405443,94,45.3256630419055,405442.99999999994,5.263524167098025e-05,5.491789695396058,45.39576720807236,2.5084686279296875,True,With-Term sensitivity; reported-term timing unverified,Approval-descriptor prediction
layer1_term,43,True,all three numerical criteria satisfied,6,2.6129457713385053e-08,7.658097735396829e-07,1.9645085558295247e-10,-53120.76256132206,186822.88245732756,405443,94,2.0314554169308394,405443.0,0.0194285253705561,2.5071934972617034,3.275635458994657,2.5084686279296875,True,With-Term sensitivity; reported-term timing unverified,Approval-descriptor prediction
layer1_term,44,True,all three numerical criteria satisfied,12,3.16110400494507e-07,3.1093909416135546e-06,1.673470251262188e-10,-58243.6078009959,1301603.2287464684,405443,94,4.233647542074323,405443.0,0.0004587166688436,4.5561517133648195,5.492350499960594,2.5084686279296875,True,With-Term sensitivity; reported-term timing unverified,Approval-descriptor prediction
layer1_term,45,True,all three numerical criteria satisfied,6,6.486283806155653e-08,1.8065066431649512e-06,1.2369127944111824e-10,-53520.15469756612,108237.9231801176,405443,94,2.0223561249440536,405443.0,0.0069790700718924,5.385334948760297,3.348989167017862,2.5084686279296875,True,With-Term sensitivity; reported-term timing unverified,Approval-descriptor prediction
layer1_term,46,True,all three numerical criteria satisfied,6,6.08544146607689e-08,1.831631765258912e-06,5.0931703299283975e-11,-53391.008085908434,150170.6967288387,405443,94,1.9966400420526045,405443.0,0.0515743233040739,2.7128737953440205,3.2380100829759613,2.5084686279296875,True,With-Term sensitivity; reported-term timing unverified,Approval-descriptor prediction
layer1_term,47,True,all three numerical criteria satisfied,6,1.6540134466354776e-07,3.936548168104181e-06,4.074536263942718e-10,-57571.6408216399,126033.540757734,405443,94,2.2285081250593066,405443.0,0.0112763653166812,4.426352259162991,3.5868722499581054,2.5084686279296875,True,With-Term sensitivity; reported-term timing unverified,Approval-descriptor prediction
layer1_term,48,True,all three numerical criteria satisfied,6,8.628973916166571e-07,9.248333261879791e-06,1.6007106751203534e-10,-53196.753786182846,109383.0152213352,405443,94,2.4361083330586553,405443.0000000001,0.0133583074827143,4.005855572455264,3.8254798750858754,2.5084686279296875,True,With-Term sensitivity; reported-term timing unverified,Approval-descriptor prediction
layer1_term,49,True,all three numerical criteria satisfied,8,1.3921077905941884e-07,2.2846971445833475e-06,3.346940502524376e-10,-58033.59949080743,219264.1336956463,405443,94,3.0357754579745233,405443.0,0.0589837631994445,7.073441667808002,4.426692249951884,2.5084686279296875,True,With-Term sensitivity; reported-term timing unverified,Approval-descriptor prediction
layer1_term,50,True,all three numerical criteria satisfied,6,2.2127113729851714e-07,3.6572030880366313e-06,2.473825588822365e-10,-53208.097990129325,212510.3486261225,405443,94,2.267643583007157,405442.9999999999,0.0081893903437096,4.223897740575655,3.665185624966398,2.5084686279296875,True,With-Term sensitivity; reported-term timing unverified,Approval-descriptor prediction
layer1_term,51,True,all three numerical criteria satisfied,7,5.7478348703224427e-08,1.1410242334308762e-06,1.6007106751203534e-10,-55646.14021633489,132111.35176395677,405443,94,2.7728669999632984,405443.0,0.0023837940074243,5.581214878743742,4.182869290933013,2.5084686279296875,True,With-Term sensitivity; reported-term timing unverified,Approval-descriptor prediction
layer1_term,52,True,all three numerical criteria satisfied,6,5.963707160135423e-08,1.1173473034586934e-06,2.5465851649641985e-10,-56058.558823444146,196740.9555822444,405443,94,2.241757791955024,405443.0,0.0239971011427636,5.969258612379418,3.826400958932936,2.5084686279296875,True,With-Term sensitivity; reported-term timing unverified,Approval-descriptor prediction
layer1_term,53,True,all three numerical criteria satisfied,6,1.358574393232508e-07,3.579323712532556e-06,2.5465851649641985e-10,-56868.188474102855,539476.6240836577,405443,94,2.450383250019513,405443.0,0.0307578221926409,6.002739342317302,3.872228374937549,2.5084686279296875,True,With-Term sensitivity; reported-term timing unverified,Approval-descriptor prediction
layer1_term,54,True,all three numerical criteria satisfied,7,4.614224383389054e-08,6.359358801777404e-07,1.4551915228366852e-11,-53427.05352850298,114371.61838411204,405443,94,2.6620486250612885,405443.00000000006,0.0091716504831201,7.17053954849752,4.088657499989495,2.5084686279296875,True,With-Term sensitivity; reported-term timing unverified,Approval-descriptor prediction
layer1_term,55,True,all three numerical criteria satisfied,9,4.486473150350223e-07,5.148680571220865e-06,3.41970007866621e-10,-55149.55770679094,1395671.401331081,405443,94,3.6036397500429302,405443.00000000006,0.0028548216986815,4.5866114382217775,5.097114042029716,2.5084686279296875,True,With-Term sensitivity; reported-term timing unverified,Approval-descriptor prediction
layer1_term,56,True,all three numerical criteria satisfied,6,6.553402836434985e-08,5.8556935327302995e-06,3.055902197957039e-10,-56809.58100542302,127656.93576971826,405443,94,2.3739545000717044,405443.00000000006,0.0350860837008704,4.644445290411603,4.02022120798938,2.5084686279296875,True,With-Term sensitivity; reported-term timing unverified,Approval-descriptor prediction
layer1_term,57,True,all three numerical criteria satisfied,6,4.275206415203668e-09,6.551308068258876e-08,1.2369127944111824e-10,-49734.82600965694,893487.3511400376,405443,94,2.58553379192017,405443.0,0.0391526937698668,3.052821963511722,4.061276874970645,2.5084686279296875,True,With-Term sensitivity; reported-term timing unverified,Approval-descriptor prediction
layer1_term,58,True,all three numerical criteria satisfied,6,2.651565137747631e-07,6.804001019933281e-06,5.820766091346741e-11,-58828.545173335944,501033.41121945943,405443,94,2.306047082995065,405443.0,0.088744268442206,4.501115595600668,3.75380787497852,2.5084686279296875,True,With-Term sensitivity; reported-term timing unverified,Approval-descriptor prediction
layer1_term,59,True,all three numerical criteria satisfied,6,1.502910104241568e-07,4.381693984756296e-06,6.548361852765083e-11,-56012.31969578645,117301.75322687486,405443,94,2.2715661670081317,405443.0,0.0336404299794008,5.7157604072026515,3.693894415977411,2.5084686279296875,True,With-Term sensitivity; reported-term timing unverified,Approval-descriptor prediction
layer1_term,60,True,all three numerical criteria satisfied,7,4.0867797606740385e-08,9.791770360090268e-07,7.275957614183426e-11,-54529.89037016976,424869.27828105935,405443,94,2.672861292026937,405443.0,0.0427172532168522,4.058473891834551,4.107244667015038,2.5084686279296875,True,With-Term sensitivity; reported-term timing unverified,Approval-descriptor prediction
layer1_term,61,True,all three numerical criteria satisfied,7,1.1890967182778823e-07,1.1641693136166251e-06,8.003553375601767e-11,-48934.78632979478,102209.45514363542,405443,94,2.664333957945928,405443.0,0.004531417550716,3.827576991283814,4.092787624918856,2.5084686279296875,True,With-Term sensitivity; reported-term timing unverified,Approval-descriptor prediction
layer1_term,62,True,all three numerical criteria satisfied,7,1.0371262384842409e-07,1.499806669746917e-06,5.0931703299283975e-11,-53957.04113842648,845339.0029152632,405443,94,3.249846041901037,405443.0,0.0281709416173116,4.985016487229229,5.061055917060003,2.5084686279296875,True,With-Term sensitivity; reported-term timing unverified,Approval-descriptor prediction
layer1_term,63,True,all three numerical criteria satisfied,6,2.149357147978071e-07,4.184031020842971e-06,2.037268131971359e-10,-49854.87795508921,1272011.7625450308,405443,94,2.7913989999797195,405442.99999999994,0.0192484970829852,4.852089139121356,4.3948688339442015,2.5084686279296875,True,With-Term sensitivity; reported-term timing unverified,Approval-descriptor prediction
layer1_term,64,True,all three numerical criteria satisfied,11,4.989647776898476e-07,4.525139391420296e-06,1.3096723705530167e-10,-55308.81536188302,156167.34852996658,405443,94,4.397426625015214,405443.0,0.0006963294962809,6.0324481266896735,5.722741541918367,2.5084686279296875,True,With-Term sensitivity; reported-term timing unverified,Approval-descriptor prediction
layer1_term,65,True,all three numerical criteria satisfied,6,2.390903570251283e-07,6.412043028647396e-06,1.9645085558295247e-10,-53058.85708871916,112131.95558348978,405443,94,2.1113231669878587,405443.0,0.0400927574025411,6.484696990226783,3.3951532499631867,2.5084686279296875,True,With-Term sensitivity; reported-term timing unverified,Approval-descriptor prediction
layer1_term,66,True,all three numerical criteria satisfied,6,6.743467816350288e-08,2.1340532180280647e-06,9.458744898438454e-11,-50571.50186949881,103740.5077306418,405443,94,2.222544208052568,405443.0,0.0253838870901149,4.116123352972819,3.798500415985473,2.5084686279296875,True,With-Term sensitivity; reported-term timing unverified,Approval-descriptor prediction
layer1_term,67,True,all three numerical criteria satisfied,6,5.7236597160381426e-08,1.6288824442600711e-06,7.275957614183426e-12,-56279.668168555494,122080.79786943084,405443,94,2.5529692909913138,405443.00000000006,0.0054998081620034,6.422463185492185,3.98958262510132,2.5084686279296875,True,With-Term sensitivity; reported-term timing unverified,Approval-descriptor prediction
layer1_term,68,True,all three numerical criteria satisfied,7,1.2860249599643198e-07,1.5972001086161924e-06,3.7107383832335467e-10,-53408.44045505912,115385.34196226273,405443,94,2.470157957985066,405443.0,0.0431553566054285,3.7351904210014943,3.869380916003138,2.5084686279296875,True,With-Term sensitivity; reported-term timing unverified,Approval-descriptor prediction
layer1_term,69,True,all three numerical criteria satisfied,7,3.4122101958295e-08,8.195086050877265e-07,5.820766091346741e-11,-52476.436283096984,561751.9843683754,405443,94,3.1253005829639733,405443.0,0.0149089915092191,6.518151361193091,4.7552576669259,2.5084686279296875,True,With-Term sensitivity; reported-term timing unverified,Approval-descriptor prediction
layer1_term,70,True,all three numerical criteria satisfied,6,8.016832254292838e-08,9.506683682491968e-07,7.275957614183426e-12,-49956.87277792064,200735.25999735197,405443,94,2.550084749935195,405443.0,0.004220721369727,3.3325054468374975,4.195363249978982,2.5084686279296875,True,With-Term sensitivity; reported-term timing unverified,Approval-descriptor prediction
layer1_term,71,True,all three numerical criteria satisfied,6,3.89427314520649e-07,9.085917661244558e-06,1.382431946694851e-10,-55467.306695892665,117995.35833395094,405443,94,2.614716708078049,405443.0,0.0575995638209718,6.110350024631149,4.308158042025752,2.5084686279296875,True,With-Term sensitivity; reported-term timing unverified,Approval-descriptor prediction
layer1_term,72,True,all three numerical criteria satisfied,8,1.0944790046832353e-07,1.5522271954448996e-06,3.637978807091713e-11,-53107.15294245702,113797.54822305177,405443,94,3.3981833750149235,405443.00000000006,0.001434711908907,4.422373229891629,4.9476462920429185,2.5084686279296875,True,With-Term sensitivity; reported-term timing unverified,Approval-descriptor prediction
layer1_term,73,True,all three numerical criteria satisfied,8,6.590236428100082e-07,5.449074309549218e-06,2.3283064365386963e-10,-52919.835533260055,107819.37349920196,405443,94,3.4798967089736834,405443.0,0.0085083832930451,3.3231195444634545,4.9789698329987,2.5084686279296875,True,With-Term sensitivity; reported-term timing unverified,Approval-descriptor prediction
layer1_term,74,True,all three numerical criteria satisfied,8,2.9748857127698262e-09,3.0382091953384815e-08,9.458744898438454e-11,-56863.106806770506,123323.2879699663,405443,94,2.884395582950674,405443.0,0.0096025937541978,5.8802575632075245,4.193254208075814,2.5084686279296875,True,With-Term sensitivity; reported-term timing unverified,Approval-descriptor prediction
layer1_term,75,True,all three numerical criteria satisfied,6,5.200081018445235e-08,2.232994726070192e-06,2.6193447411060333e-10,-55724.510343188,2110393.592018649,405443,94,2.105208875029348,405443.00000000006,0.0097428763953264,4.087694481316325,3.4839775420259684,2.5084686279296875,True,With-Term sensitivity; reported-term timing unverified,Approval-descriptor prediction
layer1_term,76,True,all three numerical criteria satisfied,6,1.551481163814503e-08,1.4256223712649785e-07,1.382431946694851e-10,-58808.68701145148,127714.52296622423,405443,94,2.1062188339419663,405443.0,0.0394832989750544,4.38242203773097,3.588985250098631,2.5084686279296875,True,With-Term sensitivity; reported-term timing unverified,Approval-descriptor prediction
layer1_term,77,True,all three numerical criteria satisfied,6,2.5321916083837713e-07,5.151073743644985e-06,4.0017766878008837e-10,-51018.22403687276,104733.76053428758,405443,94,2.4959564589662477,405443.00000000006,0.0301167010962684,2.592888885678464,4.079537124955095,2.5084686279296875,True,With-Term sensitivity; reported-term timing unverified,Approval-descriptor prediction
layer1_term,78,True,all three numerical criteria satisfied,6,5.0499071239025406e-08,1.7923235908767763e-06,1.4551915228366852e-10,-54422.09914096135,177668.75290372255,405443,94,2.291952667059377,405443.0,0.026430521562719,3.147551761487198,3.744263458997011,2.5084686279296875,True,With-Term sensitivity; reported-term timing unverified,Approval-descriptor prediction
layer1_term,79,True,all three numerical criteria satisfied,6,3.623092275932418e-09,1.2822643302712322e-07,1.1641532182693479e-10,-58477.90819814296,126852.66218523691,405443,94,2.344491665950045,405443.0,0.0315393051455886,3.2549050051853623,3.785978459054604,2.5084686279296875,True,With-Term sensitivity; reported-term timing unverified,Approval-descriptor prediction
layer1_term,80,True,all three numerical criteria satisfied,6,2.590064789944046e-07,4.345558605844957e-06,1.1641532182693479e-10,-57849.47686435096,473622.3641532463,405443,94,2.270024041994475,405443.00000000006,0.0306305647126488,3.625837035730569,3.80906875000801,2.5084686279296875,True,With-Term sensitivity; reported-term timing unverified,Approval-descriptor prediction
layer1_term,81,True,all three numerical criteria satisfied,23,1.2154953520325529e-06,8.64248249188293e-06,1.0913936421275139e-10,-53786.58439168362,208884.79342345687,405443,94,9.75100983295124,405443.00000000006,0.0006892125265496,4.85480404862868,11.206138833076691,2.5084686279296875,True,With-Term sensitivity; reported-term timing unverified,Approval-descriptor prediction
layer1_term,82,True,all three numerical criteria satisfied,6,2.248937491964453e-07,6.211781834741803e-06,1.5279510989785194e-10,-53427.71256906922,111079.88053069131,405443,94,2.3358705000719056,405443.0,0.0141423653014179,3.5558340774754154,4.0049031670205295,2.5084686279296875,True,With-Term sensitivity; reported-term timing unverified,Approval-descriptor prediction
layer1_term,83,True,all three numerical criteria satisfied,7,6.540563262213783e-07,9.473889356792498e-06,3.8562575355172157e-10,-51230.71706614403,221759.29188885895,405443,94,2.896096416050568,405443.0,0.0051548938445405,3.3768120613519756,4.369452374987304,2.5084686279296875,True,With-Term sensitivity; reported-term timing unverified,Approval-descriptor prediction
layer1_term,84,True,all three numerical criteria satisfied,7,5.034420420129445e-08,9.87768787319432e-07,3.055902197957039e-10,-53278.72823877954,113013.1099371004,405443,94,3.1298180000158027,405443.0,0.0161291778170242,3.182131489081816,4.898764166980982,2.5084686279296875,True,With-Term sensitivity; reported-term timing unverified,Approval-descriptor prediction
layer1_term,85,True,all three numerical criteria satisfied,7,3.202919004704212e-08,1.1319577146728932e-06,5.0931703299283975e-11,-54473.28522196376,2594126.2506057997,405443,94,3.4641306250123307,405443.0,0.0101489170512948,8.698034105268157,5.266670958022587,2.5084686279296875,True,With-Term sensitivity; reported-term timing unverified,Approval-descriptor prediction
layer1_term,86,True,all three numerical criteria satisfied,7,2.422149987072051e-09,7.009806779478822e-08,1.0913936421275139e-10,-57204.09821453632,119074.8942997906,405443,94,3.315274125081487,405442.9999999999,0.0181014015574367,5.366117627910334,5.105555125046521,2.5084686279296875,True,With-Term sensitivity; reported-term timing unverified,Approval-descriptor prediction
layer1_term,87,True,all three numerical criteria satisfied,6,2.405340820561139e-07,6.033144502426424e-06,8.003553375601767e-11,-53997.57069668039,114169.5808260302,405443,94,2.896576291997917,405443.0,0.0216201928885321,3.499077750301285,4.693689292063937,2.5084686279296875,True,With-Term sensitivity; reported-term timing unverified,Approval-descriptor prediction
layer1_term,88,True,all three numerical criteria satisfied,6,2.4627464920863712e-08,6.118885049755107e-07,1.673470251262188e-10,-57583.35233679175,123073.03191013876,405443,94,2.810064666089602,405443.0,0.0335272299542152,4.447390469170454,4.496845999965444,2.5084686279296875,True,With-Term sensitivity; reported-term timing unverified,Approval-descriptor prediction
layer1_term,89,True,all three numerical criteria satisfied,6,6.758287228683242e-08,1.0416759004261422e-06,6.548361852765083e-11,-52948.95064680095,111583.91216175136,405443,94,2.576366457971744,405443.00000000006,0.0098461993130826,4.0571341690753515,4.07222279207781,2.5084686279296875,True,With-Term sensitivity; reported-term timing unverified,Approval-descriptor prediction
layer1_term,90,True,all three numerical criteria satisfied,6,8.833246267683088e-08,8.74405806428058e-07,1.0913936421275139e-10,-56521.19414124418,122015.27255900308,405443,94,2.3507974999956787,405443.0,0.0192773045581888,3.691580914885479,3.7089270419673994,2.5084686279296875,True,With-Term sensitivity; reported-term timing unverified,Approval-descriptor prediction
layer1_term,91,True,all three numerical criteria satisfied,6,3.606025313772231e-07,9.05404171014368e-06,2.182787284255028e-11,-55515.2334918584,117665.28560527004,405443,94,2.09877066698391,405443.0,0.0098532285458994,5.728580800929579,3.404165624990128,2.5084686279296875,True,With-Term sensitivity; reported-term timing unverified,Approval-descriptor prediction
layer1_term,92,True,all three numerical criteria satisfied,7,3.0025979981774956e-07,5.528121885034487e-06,1.6007106751203534e-10,-56166.90225685534,125633.50089948215,405443,94,2.431357584078796,405442.9999999999,0.0137602135362556,5.6891505658462,3.740545541979373,2.5084686279296875,True,With-Term sensitivity; reported-term timing unverified,Approval-descriptor prediction
layer1_term,93,True,all three numerical criteria satisfied,6,2.2532024084191227e-07,5.586560912207439e-06,1.2369127944111824e-10,-53485.68787463644,113439.66622868057,405443,94,2.076960542006418,405442.99999999994,0.0433986148225755,3.5297768532881224,3.3847567500779405,2.5084686279296875,True,With-Term sensitivity; reported-term timing unverified,Approval-descriptor prediction
layer1_term,94,True,all three numerical criteria satisfied,7,3.248775603163612e-07,6.668379118224266e-06,1.0913936421275139e-10,-55655.74100766332,122346.34107465186,405443,94,2.412102707894519,405442.99999999994,0.0117629803969253,3.9462163400983776,3.7088282080367208,2.5084686279296875,True,With-Term sensitivity; reported-term timing unverified,Approval-descriptor prediction
layer1_term,95,True,all three numerical criteria satisfied,6,8.053891681821254e-09,2.736419474347329e-07,5.820766091346741e-11,-52291.80351404167,265995.81963951734,405443,94,2.0294610830023885,405443.0,0.0308013202025064,5.570490717414739,3.329722166061402,2.5084686279296875,True,With-Term sensitivity; reported-term timing unverified,Approval-descriptor prediction
layer1_term,96,True,all three numerical criteria satisfied,5,1.1882685475497062e-06,2.8166217989067377e-06,7.130438461899756e-10,-51337.22627028007,170830.8452874833,405443,94,1.682417541043833,405443.0,0.0451545847608267,6.022856302711428,2.9811182090779766,2.5084686279296875,True,With-Term sensitivity; reported-term timing unverified,Approval-descriptor prediction
layer1_term,97,True,all three numerical criteria satisfied,6,2.0868985134784905e-07,5.2281422952757395e-06,1.1641532182693479e-10,-53059.45148359517,177146.53502504335,405443,94,2.0203432079870254,405442.99999999994,0.0368156667880665,3.3241025310661425,3.301125750062056,2.5084686279296875,True,With-Term sensitivity; reported-term timing unverified,Approval-descriptor prediction
layer1_term,98,True,all three numerical criteria satisfied,7,3.9673351565073086e-08,4.1912849102487826e-07,2.6921043172478676e-10,-54963.02508619502,138088.04598209998,405443,94,2.4283420409774408,405443.0,0.0085113932139963,4.722680124889467,3.708544041961431,2.5084686279296875,True,With-Term sensitivity; reported-term timing unverified,Approval-descriptor prediction
layer1_term,99,True,all three numerical criteria satisfied,5,1.6908903902054477e-06,3.95894244031858e-06,1.2369127944111824e-10,-57574.93363420859,170368.57131582097,405443,94,1.6467745410045609,405442.99999999994,0.03339041919393,5.776950524008391,2.96145029203035,2.5084686279296875,True,With-Term sensitivity; reported-term timing unverified,Approval-descriptor prediction
layer1_term,100,True,all three numerical criteria satisfied,7,2.7236898936804564e-08,7.043185494826076e-07,1.382431946694851e-10,-56665.10145929099,335627.6586407806,405443,94,2.4083481250563636,405443.0,0.0154405004461575,4.1063115151202565,3.6908087919000536,2.5084686279296875,True,With-Term sensitivity; reported-term timing unverified,Approval-descriptor prediction
layer1_term,101,True,all three numerical criteria satisfied,10,2.0953852897243053e-07,2.4606731314769092e-06,8.731149137020111e-11,-54048.82900781889,334150.6397722545,405443,94,3.599344375077635,405443.0,0.0056187530969419,4.0718551228797,4.948283583042212,2.5084686279296875,True,With-Term sensitivity; reported-term timing unverified,Approval-descriptor prediction
layer1_term,102,True,all three numerical criteria satisfied,7,6.753261489327159e-08,1.066764815982335e-06,3.055902197957039e-10,-51108.338056444314,2030086.232525496,405443,94,2.3866285829572007,405443.0,0.0069817779370905,6.167946514209944,3.682508417055942,2.5084686279296875,True,With-Term sensitivity; reported-term timing unverified,Approval-descriptor prediction
layer1_term,103,True,all three numerical criteria satisfied,6,6.049959444248138e-08,1.3334851975965734e-06,1.2369127944111824e-10,-55061.28264832256,116258.1744465911,405443,94,2.0568548750597984,405443.0,0.0219873620221827,4.224899418838932,3.3584735409822315,2.5084686279296875,True,With-Term sensitivity; reported-term timing unverified,Approval-descriptor prediction
layer1_term,104,True,all three numerical criteria satisfied,5,6.739107592467139e-07,4.141973432236767e-06,1.9645085558295247e-10,-53728.49749316958,179869.36494616835,405443,94,1.7009155829437077,405442.99999999994,0.0271291775056981,5.493703537334875,3.012580292066559,2.5084686279296875,True,With-Term sensitivity; reported-term timing unverified,Approval-descriptor prediction
layer1_term,105,True,all three numerical criteria satisfied,8,1.297826380541013e-07,1.1837069961717628e-06,1.382431946694851e-10,-52506.393872789595,910112.554652663,405443,94,2.8265664579812437,405443.0,0.0103816873208641,2.5535451105558744,4.11660879093688,2.5084686279296875,True,With-Term sensitivity; reported-term timing unverified,Approval-descriptor prediction
layer1_term,106,True,all three numerical criteria satisfied,6,2.080802611564669e-07,5.869827660487381e-06,2.182787284255028e-11,-57419.87060671115,123646.89308878974,405443,94,1.9982361249858511,405443.0,0.0419910622645676,2.9019130448723827,3.28085108299274,2.5084686279296875,True,With-Term sensitivity; reported-term timing unverified,Approval-descriptor prediction
layer1_term,107,True,all three numerical criteria satisfied,8,1.2398332116959204e-07,1.9698179856142417e-06,6.548361852765083e-11,-50684.49416069357,457231.8602493956,405443,94,2.752700167009607,405443.0,0.0016775364999131,3.942110003963153,4.029414082993753,2.5084686279296875,True,With-Term sensitivity; reported-term timing unverified,Approval-descriptor prediction
layer1_term,108,True,all three numerical criteria satisfied,8,9.978098570659345e-08,8.099435322844739e-07,9.458744898438454e-11,-53851.793871187496,3287423.2247631764,405443,94,2.592961832997389,405443.00000000006,0.0050009246369101,4.325060785731425,3.757111708982848,2.5084686279296875,True,With-Term sensitivity; reported-term timing unverified,Approval-descriptor prediction
layer1_term,109,True,all three numerical criteria satisfied,5,2.0858251317370625e-06,4.873702309615702e-06,2.3283064365386963e-10,-57267.98227465481,123903.632349896,405443,94,1.4573160420404747,405442.99999999994,0.0243292474948763,3.8995437253222502,2.580028041964397,2.5084686279296875,True,With-Term sensitivity; reported-term timing unverified,Approval-descriptor prediction
layer1_term,110,True,all three numerical criteria satisfied,6,1.2120175193596622e-07,2.634323826994356e-06,4.365574568510055e-11,-52116.24367603061,844474.2713087177,405443,94,1.7597066250164062,405442.99999999994,0.0106285768583867,4.8146828434973585,2.8970329579897225,2.5084686279296875,True,With-Term sensitivity; reported-term timing unverified,Approval-descriptor prediction
layer1_term,111,True,all three numerical criteria satisfied,7,2.444313486000063e-07,4.46710282486773e-06,5.0931703299283975e-11,-50563.02096920587,163641.58949524962,405443,94,2.0775214169407263,405443.0,0.0150950868142308,3.956927005185334,3.2371192080900073,2.5084686279296875,True,With-Term sensitivity; reported-term timing unverified,Approval-descriptor prediction
layer1_term,112,True,all three numerical criteria satisfied,7,8.584243731972962e-08,1.775414272264797e-06,3.7834979593753815e-10,-55079.38317908062,120583.89085312374,405443,94,2.0820090000052005,405443.0,0.0249661745895555,2.490567465678136,3.2103200840065256,2.5084686279296875,True,With-Term sensitivity; reported-term timing unverified,Approval-descriptor prediction
layer1_term,113,True,all three numerical criteria satisfied,6,1.0369302470877677e-07,8.491893671802586e-06,2.037268131971359e-10,-51817.16382003404,109028.26506823052,405443,94,1.7528381660813466,405443.0,0.0612417907588191,5.512933364127903,2.8948372500017285,2.5084686279296875,True,With-Term sensitivity; reported-term timing unverified,Approval-descriptor prediction
layer1_term,114,True,all three numerical criteria satisfied,6,2.222136848569056e-07,2.691899600337777e-06,5.820766091346741e-11,-54095.69930286798,186982.25459708043,405443,94,1.7947047910420224,405443.0,0.004643143248159,4.6499284868707065,2.934369459049776,2.5084686279296875,True,With-Term sensitivity; reported-term timing unverified,Approval-descriptor prediction
layer1_term,115,True,all three numerical criteria satisfied,13,5.653440868988446e-07,4.433594148256503e-06,7.275957614183426e-12,-55317.06613129499,148744.84576354886,405443,94,3.9713822909398,405443.0,0.0007922201735158,5.732621343324519,5.117659624898806,2.5084686279296875,True,With-Term sensitivity; reported-term timing unverified,Approval-descriptor prediction
layer1_term,116,True,all three numerical criteria satisfied,7,3.434367063888042e-07,5.577151005464742e-06,2.40106601268053e-10,-53881.375831737074,109974.13059711324,405443,94,2.064689666032791,405443.0,0.0036971510380632,5.823317539734434,3.18780504190363,2.5084686279296875,True,With-Term sensitivity; reported-term timing unverified,Approval-descriptor prediction
layer1_term,117,True,all three numerical criteria satisfied,6,3.1481618244085475e-08,6.572377065916513e-07,1.673470251262188e-10,-57356.53376730365,236724.85866694193,405443,94,1.89426145888865,405443.00000000006,0.0363691389304714,4.018273206472744,3.1040027079870924,2.5084686279296875,True,With-Term sensitivity; reported-term timing unverified,Approval-descriptor prediction
layer1_term,118,True,all three numerical criteria satisfied,6,6.153544772908944e-08,9.121898189579092e-07,1.4551915228366852e-11,-51248.189865887136,105064.19492782932,405443,94,1.8969668329227716,405443.0,0.0191251666507123,2.1683596561209604,3.135076417005621,2.5084686279296875,True,With-Term sensitivity; reported-term timing unverified,Approval-descriptor prediction
layer1_term,119,True,all three numerical criteria satisfied,6,8.981504615122178e-08,1.126620870040007e-06,1.0913936421275139e-10,-49745.10629825412,100124.21389636373,405443,94,1.8736202080035584,405443.0,0.0063318686042229,2.761670746143542,3.048800459015183,2.5084686279296875,True,With-Term sensitivity; reported-term timing unverified,Approval-descriptor prediction
layer1_term,120,True,all three numerical criteria satisfied,48,1.3211048641437184e-06,9.050305325608576e-06,2.5465851649641985e-10,-54863.894151435205,1426468.206414411,405443,94,15.733851124998182,405443.0,0.0001363709382642,3.826656921388939,16.858918542042375,2.5084686279296875,True,With-Term sensitivity; reported-term timing unverified,Approval-descriptor prediction
layer1_term,121,True,all three numerical criteria satisfied,6,2.4546300967170644e-08,3.082781914187649e-07,1.673470251262188e-10,-54925.75907370354,292854.0075341812,405443,94,1.7538917500060052,405443.0,0.0053948066445654,2.8948125297866483,2.8635572080966085,2.5084686279296875,True,With-Term sensitivity; reported-term timing unverified,Approval-descriptor prediction
layer1_term,122,True,all three numerical criteria satisfied,5,1.0333824148633367e-06,5.641320242277814e-06,3.8562575355172157e-10,-54636.607259766635,112267.80789314042,405443,94,1.4495296250097454,405443.0,0.0131868827314366,5.12241050884223,2.550625709001906,2.5084686279296875,True,With-Term sensitivity; reported-term timing unverified,Approval-descriptor prediction
layer1_term,123,True,all three numerical criteria satisfied,14,1.053163742270602e-06,9.13244740718966e-06,4.874891601502894e-10,-54167.528561977495,153981.6141631702,405443,94,4.2640570000512525,405443.00000000006,0.0008231254604214,4.625922516517161,5.412216833094135,2.5084686279296875,True,With-Term sensitivity; reported-term timing unverified,Approval-descriptor prediction
layer1_term,124,True,all three numerical criteria satisfied,6,7.162582873240086e-08,2.592555029989896e-06,9.458744898438454e-11,-58401.78034384111,124323.63811011983,405443,94,1.799102958990261,405442.99999999994,0.0594584018458543,3.8424411970180814,2.922812042059377,2.5084686279296875,True,With-Term sensitivity; reported-term timing unverified,Approval-descriptor prediction
layer1_term,125,True,all three numerical criteria satisfied,7,2.0465498329428544e-07,4.09789034971908e-06,1.3096723705530167e-10,-54338.74053500678,116454.77726898572,405443,94,2.0581677090376616,405443.0,0.0234702322278505,8.897185898432785,3.1588865410303697,2.5084686279296875,True,With-Term sensitivity; reported-term timing unverified,Approval-descriptor prediction
layer1_term,126,True,all three numerical criteria satisfied,6,2.831546744813134e-07,6.022239322334144e-06,3.637978807091713e-11,-52381.48150128991,132265.62657187026,405443,94,1.743247792008333,405443.0,0.0180088858491542,2.334631549451347,2.8428018329432234,2.5084686279296875,True,With-Term sensitivity; reported-term timing unverified,Approval-descriptor prediction
layer1_term,127,True,all three numerical criteria satisfied,6,1.7054692669876305e-07,3.859435827424651e-06,7.275957614183426e-11,-53295.05455389495,542354.0674505847,405443,94,1.7455666250316426,405443.00000000006,0.0097377984060348,4.943975926848983,2.879581458051689,2.5084686279296875,True,With-Term sensitivity; reported-term timing unverified,Approval-descriptor prediction
layer1_term,128,True,all three numerical criteria satisfied,7,2.1410800681020973e-08,7.866637788955799e-07,1.6007106751203534e-10,-58255.73553461883,2728287.9810474184,405443,94,2.058104375028051,405443.0,0.0185160277429901,2.7515377555540947,3.1573604590957984,2.5084686279296875,True,With-Term sensitivity; reported-term timing unverified,Approval-descriptor prediction
layer1_term,129,True,all three numerical criteria satisfied,6,2.1742645819541886e-07,2.180045437727429e-06,1.7462298274040222e-10,-54897.04744550935,116114.97460139007,405443,94,1.7466633750591427,405443.0,0.0203734370112792,4.114845318480861,2.8492103749886155,2.5084686279296875,True,With-Term sensitivity; reported-term timing unverified,Approval-descriptor prediction
layer1_term,130,True,all three numerical criteria satisfied,5,2.288734382488066e-06,8.480894339246703e-06,1.0622898116707802e-09,-56438.60291247521,121308.26563090188,405443,94,1.4776724999537691,405443.0,0.1423199812332211,4.32349350030614,2.601506792008877,2.5084686279296875,True,With-Term sensitivity; reported-term timing unverified,Approval-descriptor prediction
layer1_term,131,True,all three numerical criteria satisfied,6,2.123405696066727e-07,2.130249251441896e-06,2.182787284255028e-11,-52548.11080249773,106917.2962634094,405443,94,1.7435799579834566,405443.0,0.0147882332945281,3.417693487254909,2.8671092079021037,2.5084686279296875,True,With-Term sensitivity; reported-term timing unverified,Approval-descriptor prediction
layer1_term,132,True,all three numerical criteria satisfied,6,1.6149926662488717e-07,4.231932790199622e-06,7.275957614183426e-12,-54423.66496796949,114652.12979618134,405443,94,1.7414132499834525,405443.00000000006,0.0333221387702783,4.745219212076086,2.860198082984425,2.5084686279296875,True,With-Term sensitivity; reported-term timing unverified,Approval-descriptor prediction
layer1_term,133,True,all three numerical criteria satisfied,8,6.526268748641839e-07,6.507948209222292e-06,2.1827872842550278e-10,-50907.02512048568,137658.80480536795,405443,94,2.3776173329679295,405443.0,0.0028020892948102,2.7755517555039515,3.490423875045962,2.5084686279296875,True,With-Term sensitivity; reported-term timing unverified,Approval-descriptor prediction
layer1_term,134,True,all three numerical criteria satisfied,7,5.05467542031294e-08,8.100428893764722e-07,2.40106601268053e-10,-52951.476212452144,314115.48434386315,405443,94,2.068073541042395,405443.0,0.014947368749175,4.472407378586823,3.1659907089779153,2.5084686279296875,True,With-Term sensitivity; reported-term timing unverified,Approval-descriptor prediction
layer1_term,135,True,all three numerical criteria satisfied,11,5.732359041549576e-07,5.988531061262847e-06,1.673470251262188e-10,-53215.17466349977,123899.32568579412,405443,94,3.3269178749760613,405443.0,0.000103964272564,4.191409045834261,4.437608834006824,2.5084686279296875,True,With-Term sensitivity; reported-term timing unverified,Approval-descriptor prediction
layer1_term,136,True,all three numerical criteria satisfied,8,1.9465561366828985e-07,2.6381331954539178e-06,2.6921043172478676e-10,-54796.97607400532,114989.76704912736,405443,94,2.3828374589793384,405443.0,0.0013583852870534,5.888656570861608,3.4918208750896156,2.5084686279296875,True,With-Term sensitivity; reported-term timing unverified,Approval-descriptor prediction
layer1_term,137,True,all three numerical criteria satisfied,7,6.585568301691066e-09,1.8473415774877824e-07,1.0913936421275139e-10,-54287.911528908,112977.91500423788,405443,94,2.0776548329740763,405443.0,0.0150778269371652,6.8658006118358585,3.1950037078931928,2.5084686279296875,True,With-Term sensitivity; reported-term timing unverified,Approval-descriptor prediction
layer1_term,138,True,all three numerical criteria satisfied,6,3.611584848976168e-07,4.537269159721191e-06,1.0186340659856795e-10,-54391.71356258658,123536.85888443192,405443,94,1.7560824169777334,405443.0,0.0167016464634522,4.101496030129394,2.8624026249162853,2.5084686279296875,True,With-Term sensitivity; reported-term timing unverified,Approval-descriptor prediction
layer1_term,139,True,all three numerical criteria satisfied,6,3.433273721951957e-07,3.47795991451072e-06,7.275957614183426e-11,-55729.11008975768,119762.2383560481,405443,94,1.7528199579101056,405443.00000000006,0.0242208660504443,4.150013333973678,2.851553958025761,2.5084686279296875,True,With-Term sensitivity; reported-term timing unverified,Approval-descriptor prediction
layer1_term,140,True,all three numerical criteria satisfied,7,9.274723061739341e-08,1.6880470534719194e-06,2.182787284255028e-11,-52234.00538012101,111340.54731782062,405443,94,2.0672026670072228,405443.0,0.016713182146383,5.984247267344857,3.220550082973205,2.5084686279296875,True,With-Term sensitivity; reported-term timing unverified,Approval-descriptor prediction
layer1_term,141,True,all three numerical criteria satisfied,6,2.797445322414059e-07,7.40690223954843e-06,7.275957614183426e-12,-59705.8056545441,137076.23889429687,405443,94,1.7805025830166414,405443.0,0.028870128437404,4.466337572114612,2.9049708750098944,2.5084686279296875,True,With-Term sensitivity; reported-term timing unverified,Approval-descriptor prediction
layer1_term,142,True,all three numerical criteria satisfied,7,2.8911342170557906e-08,7.171616625833988e-07,4.0017766878008837e-10,-50140.21418484518,104046.20123081168,405443,94,2.0563437080709264,405442.99999999994,0.0069453388577798,3.6928604741600193,3.167901917011477,2.5084686279296875,True,With-Term sensitivity; reported-term timing unverified,Approval-descriptor prediction
layer1_term,143,True,all three numerical criteria satisfied,6,3.658063159120495e-07,8.777798529813197e-06,1.4551915228366852e-10,-51398.106785202064,106930.34312301084,405443,94,1.749093500082381,405443.00000000006,0.039531000813933,5.148829380335735,2.85519995901268,2.5084686279296875,True,With-Term sensitivity; reported-term timing unverified,Approval-descriptor prediction
layer1_term,144,True,all three numerical criteria satisfied,7,6.796639773209989e-07,6.875330291533643e-06,2.764863893389702e-10,-55376.98378563616,120459.80230461304,405443,94,2.0676922920392826,405443.00000000006,0.0229373451604863,11.391357926691846,3.176996332942508,2.5084686279296875,True,With-Term sensitivity; reported-term timing unverified,Approval-descriptor prediction
layer1_term,145,True,all three numerical criteria satisfied,6,2.5119142303375256e-07,5.93545667010309e-06,1.7462298274040222e-10,-51246.62745264167,155406.82044714823,405443,94,1.7475647908868268,405443.00000000006,0.0198439564274713,2.439953342508597,2.851228333078325,2.5084686279296875,True,With-Term sensitivity; reported-term timing unverified,Approval-descriptor prediction
layer1_term,146,True,all three numerical criteria satisfied,6,2.0499376907406914e-07,5.131855414952646e-06,1.4551915228366852e-11,-56470.11092817774,122089.45455503192,405443,94,1.74648683401756,405443.0,0.0340197013465339,3.460952708146794,2.8495514169335365,2.5084686279296875,True,With-Term sensitivity; reported-term timing unverified,Approval-descriptor prediction
layer1_term,147,True,all three numerical criteria satisfied,8,2.8815995101530434e-07,2.82194850531603e-06,1.5279510989785194e-10,-55775.1663568493,119551.72344630495,405443,94,2.3749057919485494,405442.9999999999,0.0168665978110298,7.510594521366128,3.4825089169899,2.5084686279296875,True,With-Term sensitivity; reported-term timing unverified,Approval-descriptor prediction
layer1_term,148,True,all three numerical criteria satisfied,6,3.066923780434569e-07,7.897266658923874e-06,3.92901711165905e-10,-52332.96620599531,108107.51163228712,405443,94,1.7477118340320883,405443.0,0.0257715249331897,2.357817141844795,2.8674879579339176,2.5084686279296875,True,With-Term sensitivity; reported-term timing unverified,Approval-descriptor prediction
layer1_term,149,True,all three numerical criteria satisfied,6,1.61117204977379e-07,3.117711333766593e-06,2.40106601268053e-10,-56233.210130157226,119344.44100059764,405443,94,1.744931666064076,405443.0,0.0073814325095338,3.5892358332831793,2.8516361659858376,2.5084686279296875,True,With-Term sensitivity; reported-term timing unverified,Approval-descriptor prediction
layer1_term,150,False,iteration limit,100,7.196273771369055e-05,0.0006423960321373,7.588823791593313e-09,-51325.794697592224,426074.2740259689,405443,94,36.775204750010744,405442.9999999999,7.565949923960707e-05,4.595356635704438,36.84529558301438,2.5084686279296875,True,With-Term sensitivity; reported-term timing unverified,Approval-descriptor prediction
layer1_term,151,True,all three numerical criteria satisfied,8,8.61599010360771e-10,5.400609737193918e-09,8.731149137020111e-11,-49145.643843693535,531082.1371778577,405443,94,2.6605250829597935,405443.0,0.0156913361602803,4.379723119495786,3.930098042008467,2.5084686279296875,True,With-Term sensitivity; reported-term timing unverified,Approval-descriptor prediction
layer1_term,152,True,all three numerical criteria satisfied,7,8.061780826934539e-08,4.6701182809805175e-06,2.5465851649641985e-10,-56031.66228945482,336731.5456949322,405443,94,2.3227401670301333,405443.0,0.0073388545264318,3.9242677308557377,3.5414291250053793,2.5084686279296875,True,With-Term sensitivity; reported-term timing unverified,Approval-descriptor prediction
layer1_term,153,True,all three numerical criteria satisfied,6,5.096725788720363e-08,4.223659722413231e-06,1.4551915228366852e-11,-56309.78154734204,262483.953353559,405443,94,1.9744892090093344,405443.0,0.0226745703639908,5.011042280734287,3.2099350000498816,2.5084686279296875,True,With-Term sensitivity; reported-term timing unverified,Approval-descriptor prediction
layer1_term,154,True,all three numerical criteria satisfied,7,3.832502690946584e-08,8.526362146321631e-07,1.8189894035458562e-10,-51856.72557734315,105702.47330534871,405443,94,2.3361337919486687,405443.0,0.0474523486852792,4.28835204038087,3.5653422080213204,2.5084686279296875,True,With-Term sensitivity; reported-term timing unverified,Approval-descriptor prediction
layer1_term,155,True,all three numerical criteria satisfied,6,1.9290664995201746e-07,4.978779951092527e-06,5.0931703299283975e-11,-54210.93230902462,199716.3055207492,405443,94,2.052663292037323,405442.99999999994,0.0460364491421783,4.490177036878545,3.2912154590012506,2.5084686279296875,True,With-Term sensitivity; reported-term timing unverified,Approval-descriptor prediction
layer1_term,156,True,all three numerical criteria satisfied,6,1.3748469310091893e-07,3.893313908043261e-06,1.6007106751203534e-10,-55860.020017346935,400695.59612275154,405443,94,1.9624748750356955,405443.0,0.0374131830297497,4.686220906145795,3.1968045419780537,2.5084686279296875,True,With-Term sensitivity; reported-term timing unverified,Approval-descriptor prediction
layer1_term,157,True,all three numerical criteria satisfied,10,5.491943934204935e-07,4.770754237659602e-06,3.6379788070917124e-10,-50152.37051376688,125055.1410252316,405443,94,3.4208256249548867,405443.0,0.0005215454223506,5.226406153156302,4.664139457978308,2.5084686279296875,True,With-Term sensitivity; reported-term timing unverified,Approval-descriptor prediction
layer1_term,158,True,all three numerical criteria satisfied,6,3.1861368150743656e-08,8.699316054183726e-07,2.9103830456733704e-11,-54406.07221817875,115185.9165192466,405443,94,1.9800500409910455,405442.99999999994,0.0116041379796775,4.777537227954831,3.216511124977842,2.5084686279296875,True,With-Term sensitivity; reported-term timing unverified,Approval-descriptor prediction
layer1_term,159,True,all three numerical criteria satisfied,34,1.2690196639794616e-06,9.114396624099186e-06,3.1286617740988726e-10,-55636.15771102408,271031.18678018067,405443,94,12.38736512500327,405443.0,0.0004635483745862,2.9737306503230956,13.635514291934667,2.5084686279296875,True,With-Term sensitivity; reported-term timing unverified,Approval-descriptor prediction
layer1_term,160,True,all three numerical criteria satisfied,6,1.9946353501790423e-08,3.674137745712791e-07,7.275957614183426e-11,-54773.08970912621,385628.8237975516,405443,94,2.035724416957237,405442.9999999999,0.0558703499526854,3.8834133032900113,3.30509224999696,2.5084686279296875,True,With-Term sensitivity; reported-term timing unverified,Approval-descriptor prediction
layer1_term,161,True,all three numerical criteria satisfied,7,4.256963376247924e-08,6.980208606677252e-07,1.9645085558295247e-10,-57116.91139956498,121709.21314068748,405443,94,2.6790250410558656,405443.0,0.0030035245105165,3.6925205190854857,4.118315499974415,2.5084686279296875,True,With-Term sensitivity; reported-term timing unverified,Approval-descriptor prediction
layer1_term,162,True,all three numerical criteria satisfied,6,8.09849934769319e-08,2.149801979600685e-06,4.874891601502894e-10,-52873.138385907194,1112960.7044248094,405443,94,2.3264742500614375,405443.0,0.0593797779200318,4.479621578012309,3.795222999993712,2.5084686279296875,True,With-Term sensitivity; reported-term timing unverified,Approval-descriptor prediction
layer1_term,163,True,all three numerical criteria satisfied,11,4.906194952588737e-07,4.413024953686673e-06,7.275957614183426e-11,-50042.56175044608,612950.5279205776,405443,94,4.266948207980022,405442.9999999999,0.0019011784199563,4.25571102763403,5.55412708397489,2.5084686279296875,True,With-Term sensitivity; reported-term timing unverified,Approval-descriptor prediction
layer1_term,164,True,all three numerical criteria satisfied,5,5.094708633964693e-07,6.8429062357600046e-06,2.037268131971359e-10,-53231.63783612567,111247.71411090111,405443,94,1.681075125001371,405443.0,0.0238774758820484,3.326570984272529,2.9694374159444124,2.5084686279296875,True,With-Term sensitivity; reported-term timing unverified,Approval-descriptor prediction
layer1_term,165,True,all three numerical criteria satisfied,6,8.464338961617528e-07,8.577203133519617e-06,1.3096723705530167e-10,-58050.61952913673,300763.88327337394,405443,94,2.083804666996002,405443.0,0.0053741630588342,5.782805443526471,3.3968620829982683,2.5084686279296875,True,With-Term sensitivity; reported-term timing unverified,Approval-descriptor prediction
layer1_term,166,True,all three numerical criteria satisfied,6,3.935575901605542e-07,7.292508412873322e-06,3.2741809263825417e-10,-48176.767493012856,99803.50860715505,405443,94,2.090614374959842,405442.99999999994,0.0260210222645648,3.143269198692209,3.388846082962118,2.5084686279296875,True,With-Term sensitivity; reported-term timing unverified,Approval-descriptor prediction
layer1_term,167,True,all three numerical criteria satisfied,6,5.012323135621719e-07,9.369516835902592e-06,8.003553375601767e-11,-53582.831400545954,532949.6010422488,405443,94,2.0861947080120444,405443.0,0.0128907326400442,2.5375065536353723,3.390301707899198,2.5084686279296875,True,With-Term sensitivity; reported-term timing unverified,Approval-descriptor prediction
layer1_term,168,True,all three numerical criteria satisfied,11,7.558526118542352e-07,5.949859086973319e-06,1.3096723705530167e-10,-55899.166264512234,132534.23866206664,405443,94,4.003081042086706,405443.0,0.0071153397497736,4.260940122837354,5.3199937919853255,2.5084686279296875,True,With-Term sensitivity; reported-term timing unverified,Approval-descriptor prediction
layer1_term,169,True,all three numerical criteria satisfied,9,1.237753052193437e-07,1.2820679342606669e-06,1.3096723705530167e-10,-50230.65170128274,103186.1774031923,405443,94,3.443631500005722,405443.0,0.0032271167537967,3.3397592319465823,4.831365999998525,2.5084686279296875,True,With-Term sensitivity; reported-term timing unverified,Approval-descriptor prediction
layer1_term,170,True,all three numerical criteria satisfied,6,3.5126991860395806e-08,5.413047630131729e-07,7.275957614183426e-12,-54447.12949232073,151127.564352609,405443,94,2.1092294169357046,405443.0,0.0282986629716549,3.8233470994619463,3.4378400839632377,2.5084686279296875,True,With-Term sensitivity; reported-term timing unverified,Approval-descriptor prediction
layer1_term,171,True,all three numerical criteria satisfied,6,2.2070704737728658e-07,4.191932407415777e-06,1.4551915228366852e-11,-47585.85627256234,1880014.630152917,405443,94,2.142617832985706,405443.0,0.0269131648187124,3.2684171919937475,3.483549249940552,2.5084686279296875,True,With-Term sensitivity; reported-term timing unverified,Approval-descriptor prediction
layer1_term,172,True,all three numerical criteria satisfied,6,7.055195926055888e-08,1.972219984658352e-06,1.2369127944111824e-10,-51189.09692454619,104393.47559237551,405443,94,2.1583228750387207,405443.0,0.0260570727330313,3.4408567585145855,3.5591532910475507,2.5084686279296875,True,With-Term sensitivity; reported-term timing unverified,Approval-descriptor prediction
layer1_term,173,True,all three numerical criteria satisfied,6,2.4134710921585393e-07,5.5809903345416245e-06,3.2741809263825417e-10,-57434.56685569919,261605.42024835065,405443,94,2.147746834089048,405443.0,0.0104811297763637,3.327092529881765,3.5029076660284773,2.5084686279296875,True,With-Term sensitivity; reported-term timing unverified,Approval-descriptor prediction
layer1_term,174,True,all three numerical criteria satisfied,6,1.3910412208564818e-07,1.286028514013715e-06,8.731149137020111e-11,-57178.41823350494,119630.22878488604,405443,94,2.164769332972355,405443.0,0.0208641827432193,3.7236484117248647,3.522579708020203,2.5084686279296875,True,With-Term sensitivity; reported-term timing unverified,Approval-descriptor prediction
layer1_term,175,True,all three numerical criteria satisfied,6,1.4921930404394158e-07,9.72712386637653e-06,8.731149137020111e-11,-50593.790362528955,104523.67959452144,405443,94,2.136906125000678,405443.0,0.0083527339854813,4.26665755956219,3.498038334073499,2.5084686279296875,True,With-Term sensitivity; reported-term timing unverified,Approval-descriptor prediction
layer1_term,176,True,all three numerical criteria satisfied,7,9.349411495933479e-08,1.912376887402978e-06,4.365574568510055e-11,-54583.05506675368,163031.4054117806,405443,94,2.5517397499643266,405443.0,0.010369313616814,4.547056570774962,3.918141625006683,2.5084686279296875,True,With-Term sensitivity; reported-term timing unverified,Approval-descriptor prediction
layer1_term,177,True,all three numerical criteria satisfied,6,1.7904691503647389e-07,6.2388908235178064e-06,3.7107383832335467e-10,-50623.39446433738,203433.7261652377,405443,94,2.1644182909512892,405443.0,0.0234925552086484,5.639125344985503,3.5368453330593184,2.5084686279296875,True,With-Term sensitivity; reported-term timing unverified,Approval-descriptor prediction
layer1_term,178,True,all three numerical criteria satisfied,7,3.740335791093724e-08,6.379607853101987e-07,7.275957614183426e-12,-51910.08697728907,103912.65741646524,405443,94,2.5583991250023246,405443.0,0.0074951995706878,4.342564518718519,3.9287896249443297,2.5084686279296875,True,With-Term sensitivity; reported-term timing unverified,Approval-descriptor prediction
layer1_term,179,True,all three numerical criteria satisfied,6,5.4038871613593116e-08,7.972202896944225e-06,8.731149137020111e-11,-55750.508124909094,117251.2341656336,405443,94,2.1936567090451717,405443.0,0.0031232880992225,5.085311465290601,3.5770091670565307,2.5084686279296875,True,With-Term sensitivity; reported-term timing unverified,Approval-descriptor prediction
layer1_term,180,True,all three numerical criteria satisfied,11,5.66334814520314e-07,4.840111213821885e-06,1.673470251262188e-10,-53996.672505742805,352751.2606364006,405443,94,4.161731291911565,405443.0,0.0012896811392235,4.58519641058661,5.54598429100588,2.5084686279296875,True,With-Term sensitivity; reported-term timing unverified,Approval-descriptor prediction
layer1_term,181,True,all three numerical criteria satisfied,7,4.4252508815437144e-08,1.0384574240518418e-06,1.382431946694851e-10,-53642.909500836,114443.12339508868,405443,94,2.5973177079577,405442.99999999994,0.0144696047189925,4.039848935868879,3.985167916980572,2.5084686279296875,True,With-Term sensitivity; reported-term timing unverified,Approval-descriptor prediction
layer1_term,182,True,all three numerical criteria satisfied,6,1.4936692184835341e-07,3.574921174809287e-06,1.6007106751203534e-10,-50842.63539398088,170624.81866795695,405443,94,2.2172586660599336,405443.0,0.0162425881479842,2.9114283014070415,3.619008834008127,2.5084686279296875,True,With-Term sensitivity; reported-term timing unverified,Approval-descriptor prediction
layer1_term,183,True,all three numerical criteria satisfied,7,5.582197541307837e-09,1.022774521186598e-07,8.731149137020111e-11,-50564.96170693816,681533.4561058911,405443,94,2.62243333295919,405443.0,0.0319169389372949,3.5473078437898993,4.019216582993977,2.5084686279296875,True,With-Term sensitivity; reported-term timing unverified,Approval-descriptor prediction
layer1_term,184,True,all three numerical criteria satisfied,37,1.25971142710124e-06,8.185097899460203e-06,6.548361852765083e-11,-54726.50049465684,247432.689209085,405443,94,14.923075334052555,405443.0,0.0010097443825391,5.164854991339508,16.334422791958787,2.5084686279296875,True,With-Term sensitivity; reported-term timing unverified,Approval-descriptor prediction
layer1_term,185,True,all three numerical criteria satisfied,6,3.3232519232948526e-08,9.06575040593438e-07,1.7462298274040222e-10,-53189.567541921206,257260.98484294472,405443,94,2.228007166995667,405443.0000000001,0.0461607054355291,4.895075267795942,3.5623016669414937,2.5084686279296875,True,With-Term sensitivity; reported-term timing unverified,Approval-descriptor prediction
layer1_term,186,True,all three numerical criteria satisfied,10,4.113617482902517e-07,3.5039407093595543e-06,3.41970007866621e-10,-54650.53285325699,133053.7137404274,405443,94,3.8628502500941977,405443.0,0.000714019515354,4.364679555477472,5.286322333035059,2.5084686279296875,True,With-Term sensitivity; reported-term timing unverified,Approval-descriptor prediction
layer1_term,187,True,all three numerical criteria satisfied,6,2.4447146615259895e-08,8.335575358842107e-07,1.8917489796876907e-10,-57713.3581661696,155959.39242028334,405443,94,2.2495732080424204,405443.0,0.0262499767760279,5.956165688125385,3.604125584010035,2.5084686279296875,True,With-Term sensitivity; reported-term timing unverified,Approval-descriptor prediction
layer1_term,188,True,all three numerical criteria satisfied,10,8.984216133776924e-07,6.292146619291117e-06,8.731149137020111e-11,-49833.40889672013,145411.42528508388,405443,94,3.1456091250292957,405443.0,0.0008603724297164,3.04551752806194,4.282643208978698,2.5084686279296875,True,With-Term sensitivity; reported-term timing unverified,Approval-descriptor prediction
layer1_term,189,True,all three numerical criteria satisfied,6,1.7056760024761153e-08,6.456627759110489e-07,3.2741809263825417e-10,-52873.03943873442,117233.43929330136,405443,94,1.806742750108242,405443.0,0.0282297413427981,3.385406753293565,2.949590416974388,2.5084686279296875,True,With-Term sensitivity; reported-term timing unverified,Approval-descriptor prediction
layer1_term,190,True,all three numerical criteria satisfied,7,8.2988800764163e-08,9.668483645364212e-07,3.41970007866621e-10,-54073.334476887874,116644.8948595932,405443,94,2.1364181669196114,405443.0,0.0208248985663784,3.5490743914262732,3.277159916004166,2.5084686279296875,True,With-Term sensitivity; reported-term timing unverified,Approval-descriptor prediction
layer1_term,191,True,all three numerical criteria satisfied,6,6.552098609182045e-07,7.1944959074699e-06,2.5465851649641985e-10,-56295.84578018104,252418.35887293756,405443,94,1.853526332997717,405443.0,0.0030769246796135,3.710101536076851,2.998797249980271,2.5084686279296875,True,With-Term sensitivity; reported-term timing unverified,Approval-descriptor prediction
layer1_term,192,True,all three numerical criteria satisfied,8,6.250475550334533e-09,9.721460481060262e-08,3.637978807091713e-11,-54371.667744237115,114637.2674046464,405443,94,2.490982749965042,405443.0,0.0224697428807,4.924847531942437,3.6324785839533433,2.5084686279296875,True,With-Term sensitivity; reported-term timing unverified,Approval-descriptor prediction
layer1_term,193,True,all three numerical criteria satisfied,9,8.618017664382925e-08,1.2272829259529772e-06,7.275957614183426e-11,-55676.70742353481,4449795.556979429,405443,94,2.889946624985896,405443.0,0.0062021395695605,6.149651806023285,4.15675166703295,2.5084686279296875,True,With-Term sensitivity; reported-term timing unverified,Approval-descriptor prediction
layer1_term,194,True,all three numerical criteria satisfied,7,1.2591622211652452e-08,3.468402919315494e-07,9.458744898438454e-11,-50757.27145350498,105701.4343218458,405443,94,2.2115584169514477,405443.0,0.0391566057767597,6.782193994389978,3.3761297090677544,2.5084686279296875,True,With-Term sensitivity; reported-term timing unverified,Approval-descriptor prediction
layer1_term,195,True,all three numerical criteria satisfied,7,1.4284149043613888e-07,1.7018803425139506e-06,5.820766091346741e-11,-49795.63622015272,145990.52878753064,405443,94,2.1722977090394124,405443.0,0.0166907954608393,2.8191948484927467,3.3173732919385657,2.5084686279296875,True,With-Term sensitivity; reported-term timing unverified,Approval-descriptor prediction
layer1_term,196,True,all three numerical criteria satisfied,7,1.279143010679551e-07,2.5131447589088474e-06,1.6007106751203534e-10,-57562.61877257201,175801.6986667705,405443,94,2.176083041005768,405443.0,0.0151094846837192,3.924785476117761,3.3617412919411436,2.5084686279296875,True,With-Term sensitivity; reported-term timing unverified,Approval-descriptor prediction
layer1_term,197,True,all three numerical criteria satisfied,6,2.4079455752993593e-07,6.257303127865654e-06,9.458744898438454e-11,-55105.63688435722,115186.96275436044,405443,94,1.9413413750007749,405443.0,0.0249257616929815,3.7032058670720462,3.1857335830572993,2.5084686279296875,True,With-Term sensitivity; reported-term timing unverified,Approval-descriptor prediction
layer1_term,198,True,all three numerical criteria satisfied,12,2.960960258264762e-07,2.8383629695483137e-06,8.731149137020111e-11,-55559.46454152114,166045.61912833786,405443,94,4.213231667061336,405443.0,0.0020990737781386,5.05982121076881,5.483362291008234,2.5084686279296875,True,With-Term sensitivity; reported-term timing unverified,Approval-descriptor prediction
layer1_term,199,True,all three numerical criteria satisfied,6,4.3107302828050833e-08,1.250474995773132e-06,7.275957614183426e-12,-54048.26411300187,113387.7085923087,405443,94,1.9176837910199536,405443.0,0.015965739349532,3.609328711790885,3.102892874972895,2.5084686279296875,True,With-Term sensitivity; reported-term timing unverified,Approval-descriptor prediction
layer2,1,True,all three numerical criteria satisfied,6,7.612340357592309e-08,1.849306914936122e-06,4.074536263942718e-10,-181484.49174653468,2773651.5173459942,888703,107,6.784415708039887,888703.0,0.0255912964305113,3.1891098634942128,7.770455499994568,2.59417724609375,True,Term-free primary specification,Retrospective conditional validation using realized macro paths.
layer2,2,True,all three numerical criteria satisfied,6,4.003666762517838e-07,3.446566431253295e-06,1.164153218269348e-09,-180959.77211689425,7374670.202479401,888703,107,6.811781040974893,888702.9999999999,0.022491892583479,3.7877220788711714,7.7887636659434065,2.594207763671875,True,Term-free primary specification,Retrospective conditional validation using realized macro paths.
layer2,3,True,all three numerical criteria satisfied,8,1.0632885991377344e-06,7.56639356858102e-06,5.238689482212067e-10,-162572.7923049665,290160.037355572,888703,107,9.264116624952294,888703.0,0.0020298463658355,6.45209408553951,10.24253420799505,2.594207763671875,True,Term-free primary specification,Retrospective conditional validation using realized macro paths.
layer2,4,True,all three numerical criteria satisfied,5,2.8022497920293625e-08,4.2013885281910746e-07,3.201421350240707e-10,-183635.62049444273,511693.98112803354,888703,107,5.562162375077605,888703.0,0.0236279970881875,3.352495774690242,6.539246333064511,2.594207763671875,True,Term-free primary specification,Retrospective conditional validation using realized macro paths.
layer2,5,True,all three numerical criteria satisfied,6,1.2613659534304365e-06,8.974165238151421e-06,2.9103830456733704e-11,-183504.41161373424,372420.1199564299,888703,107,6.783685582922772,888703.0,0.0038049355119007,4.754614847878853,7.760069667012431,2.59429931640625,True,Term-free primary specification,Retrospective conditional validation using realized macro paths.
layer2,6,True,all three numerical criteria satisfied,7,2.765665839122557e-07,2.4247957707557166e-06,6.984919309616089e-10,-181577.3841798318,105927.01192764046,888703,107,8.753048124955967,888703.0,0.0877924779300857,4.611649192169792,9.889452584087849,2.736328125,True,Term-free primary specification,Retrospective conditional validation using realized macro paths.
layer2,7,True,all three numerical criteria satisfied,6,1.2538088497608313e-07,4.881840109494107e-06,6.402842700481415e-10,-175131.24166582816,350539.8379275254,888703,107,7.425019541988149,888702.9999999999,0.0232272759834576,5.975470766355622,8.514962458051741,2.736358642578125,True,Term-free primary specification,Retrospective conditional validation using realized macro paths.
layer2,8,True,all three numerical criteria satisfied,5,2.6853479866492533e-07,2.334539733750418e-06,1.6880221664905546e-09,-188091.4117325356,938157.0822402224,888703,107,6.095964332926087,888703.0,0.0346499985143249,3.5575231835031085,7.204084041994065,2.736358642578125,True,Term-free primary specification,Retrospective conditional validation using realized macro paths.
layer2,9,True,all three numerical criteria satisfied,6,5.815862291269612e-08,1.2339972936814547e-06,1.367880031466484e-09,-187786.47960812133,265021.0213102641,888703,107,7.465931250015274,888702.9999999999,0.0230305464654023,2.891492572274013,8.562785541056655,2.7363739013671875,True,Term-free primary specification,Retrospective conditional validation using realized macro paths.
layer2,10,True,all three numerical criteria satisfied,6,2.8408410748153104e-08,2.2417253577877716e-06,1.7462298274040222e-10,-182122.8294584601,465970.40446614375,888703,107,7.485325791989453,888703.0000000001,0.0220904574191982,3.919303311240676,8.589277166989632,2.7363739013671875,True,Term-free primary specification,Retrospective conditional validation using realized macro paths.
layer2,11,True,all three numerical criteria satisfied,6,1.0607845667898717e-07,2.9545225219695936e-06,6.984919309616089e-10,-186096.45977652224,411024.89850102743,888703,107,7.45919787499588,888703.0,0.0212667188314366,8.82433058002044,8.55699466704391,2.7363739013671875,True,Term-free primary specification,Retrospective conditional validation using realized macro paths.
layer2,12,True,all three numerical criteria satisfied,8,5.984566775303315e-08,4.618540200007626e-07,4.074536263942718e-10,-185812.8430821022,707245.4009753324,888703,107,10.197105375002138,888703.0,0.0085766868891075,6.105370706759464,11.305297625018284,2.7363739013671875,True,Term-free primary specification,Retrospective conditional validation using realized macro paths.
layer2,13,True,all three numerical criteria satisfied,6,1.1391155914423668e-07,2.970268337065818e-06,2.3283064365386963e-10,-184542.90949027776,1622095.1347871716,888703,107,7.525279916008003,888703.0,0.0173448075464601,4.013849075460037,8.77991074998863,2.7363739013671875,True,Term-free primary specification,Retrospective conditional validation using realized macro paths.
layer2,14,True,all three numerical criteria satisfied,6,4.678396656149618e-08,2.6446640717381342e-06,4.94765117764473e-10,-180594.41784821823,633118.0663634513,888703,107,8.999574332963675,888703.0,0.0028175765548729,6.1064711059912575,10.358118082978764,2.7363739013671875,True,Term-free primary specification,Retrospective conditional validation using realized macro paths.
layer2,15,True,all three numerical criteria satisfied,6,1.1522128518175054e-08,4.7559995741686123e-07,4.94765117764473e-10,-180881.1518552347,313073.33652142703,888703,107,7.651678874972276,888703.0,0.0162991238525442,4.1431377581006075,8.804109207936563,2.7363739013671875,True,Term-free primary specification,Retrospective conditional validation using realized macro paths.
layer2,16,True,all three numerical criteria satisfied,7,2.618461774628323e-07,3.641458500069916e-06,3.201421350240707e-10,-183915.47958714617,329652.4245880005,888703,107,8.951316499966197,888702.9999999998,0.00374381726009,3.311289064875493,10.066343166981824,2.7363739013671875,True,Term-free primary specification,Retrospective conditional validation using realized macro paths.
layer2,17,True,all three numerical criteria satisfied,7,1.995190719750787e-07,1.4639526639825815e-06,1.7462298274040222e-10,-182089.1799989089,813635.6000246726,888703,107,8.984334458014928,888702.9999999998,0.0009703428566543,3.853492030671344,10.108040874940343,2.7363739013671875,True,Term-free primary specification,Retrospective conditional validation using realized macro paths.
layer2,18,True,all three numerical criteria satisfied,6,9.977760397458077e-08,2.9223347532969512e-06,1.746229827404022e-09,-170916.63853261204,308177.530561545,888703,107,7.606031458941288,888703.0000000001,0.0232503350347506,4.3123151447033345,8.731769792037085,2.7363739013671875,True,Term-free primary specification,Retrospective conditional validation using realized macro paths.
layer2,19,True,all three numerical criteria satisfied,6,1.181315248005637e-07,7.775531734033336e-06,3.7834979593753815e-10,-174936.80376526486,764041.5225316449,888703,107,7.642247624928132,888703.0000000001,0.0130391255613709,5.7533641150957555,8.772748208022676,2.7363739013671875,True,Term-free primary specification,Retrospective conditional validation using realized macro paths.
layer2,20,True,all three numerical criteria satisfied,6,1.2161491991085936e-07,5.669595522839188e-06,1.746229827404022e-09,-177301.46985487817,443033.08467579354,888703,107,7.670191625016741,888703.0000000001,0.06123845843915,4.783408438945315,8.807402665959671,2.7363739013671875,True,Term-free primary specification,Retrospective conditional validation using realized macro paths.
layer2,21,True,all three numerical criteria satisfied,6,8.177790691595719e-08,3.633680797143768e-06,2.3283064365386963e-10,-177733.6652158222,370755.94272766897,888703,107,7.719511249917559,888703.0,0.0562356793870129,4.350275288334712,8.892581584048457,2.7363739013671875,True,Term-free primary specification,Retrospective conditional validation using realized macro paths.
layer2,22,True,all three numerical criteria satisfied,5,7.830262695155849e-07,9.918075774661972e-06,1.367880031466484e-09,-181623.189572185,229188.6958636406,888703,107,7.161669332999736,888703.0,0.0290267380601609,4.898116997990359,8.302741875057109,2.7363739013671875,True,Term-free primary specification,Retrospective conditional validation using realized macro paths.
layer2,23,True,all three numerical criteria satisfied,5,2.1349062638564842e-07,4.91770902073807e-06,6.984919309616089e-10,-178489.00840827657,4030601.4919717847,888703,107,6.290870125056244,888703.0,0.0322968720972172,6.038220814473942,7.429733542026952,2.7363739013671875,True,Term-free primary specification,Retrospective conditional validation using realized macro paths.
layer2,24,True,all three numerical criteria satisfied,6,1.841072017557442e-07,2.114210312820219e-06,1.164153218269348e-09,-180916.60581530663,437011.5087354345,888703,107,7.935454333084635,888703.0,0.0637971635286604,3.705730542652923,9.075935332919473,2.7363739013671875,True,Term-free primary specification,Retrospective conditional validation using realized macro paths.
layer2,25,True,all three numerical criteria satisfied,6,1.5412139436124879e-07,2.422052115536033e-06,1.0186340659856794e-09,-179538.103753819,261359.68720847333,888703,107,7.728848709026352,888703.0,0.0164759862738707,3.841609277612688,8.92842320795171,2.7363739013671875,True,Term-free primary specification,Retrospective conditional validation using realized macro paths.
layer2,26,True,all three numerical criteria satisfied,6,2.237234481540926e-08,4.419517383169591e-07,2.3283064365386963e-10,-182401.66144293285,116200.54678677232,888703,107,7.882150750025176,888703.0000000001,0.0193852490522728,5.158925498433544,9.034026333945803,2.7363739013671875,True,Term-free primary specification,Retrospective conditional validation using realized macro paths.
layer2,27,True,all three numerical criteria satisfied,6,1.700322780291605e-07,5.025328898788928e-06,1.1641532182693479e-10,-188956.33328591264,437589.0463716148,888703,107,7.776304041035473,888703.0,0.0204685608022255,4.909138160874508,8.929929042002186,2.7363739013671875,True,Term-free primary specification,Retrospective conditional validation using realized macro paths.
layer2,28,True,all three numerical criteria satisfied,6,9.75386060395982e-08,4.563908429844332e-06,8.440110832452773e-10,-174043.4316290436,342047.03054994764,888703,107,7.75856620806735,888702.9999999999,0.0104024499447088,4.653696064068932,8.917733207927085,2.7363739013671875,True,Term-free primary specification,Retrospective conditional validation using realized macro paths.
layer2,29,True,all three numerical criteria satisfied,5,1.2874889036422605e-07,2.2321528323487883e-06,4.656612873077393e-10,-180515.0923873635,289760.2716037864,888703,107,6.346194082987495,888703.0,0.0200202853449038,5.054656274232979,7.497069084085524,2.7363739013671875,True,Term-free primary specification,Retrospective conditional validation using realized macro paths.
layer2,30,True,all three numerical criteria satisfied,7,9.484963370263008e-09,3.167038755691465e-07,5.529727786779404e-10,-183157.5426258872,475856.04904576624,888703,107,9.197592500015162,888703.0,0.0427973723352767,4.133541046612516,10.359551540925168,2.7363739013671875,True,Term-free primary specification,Retrospective conditional validation using realized macro paths.
layer2,31,True,all three numerical criteria satisfied,5,2.359068801569689e-07,3.876484786058398e-06,7.275957614183425e-10,-179732.51586231845,613712.8803768499,888703,107,6.3566114999121055,888703.0,0.028494212807836,4.000840361633909,7.510995917022228,2.7363739013671875,True,Term-free primary specification,Retrospective conditional validation using realized macro paths.
layer2,32,False,iteration limit,100,1.8244193496996797e-05,0.0001748787673983,1.7462298274040222e-10,-189259.1453166276,2927228.1768493643,888703,107,200.2758230419131,888703.0,2.671933141012403e-05,3.826812180785324,200.43754195806105,2.7363739013671875,True,Term-free primary specification,Retrospective conditional validation using realized macro paths.
layer2,33,True,all three numerical criteria satisfied,6,1.4871184387108336e-08,2.568685462112086e-07,5.820766091346741e-11,-193192.7004074455,711720.9087392652,888703,107,8.185890624998137,888703.0000000001,0.040875980516176,6.150340071345556,9.464579625055194,2.7363739013671875,True,Term-free primary specification,Retrospective conditional validation using realized macro paths.
layer2,34,True,all three numerical criteria satisfied,5,6.0016220475295e-07,7.836528198579273e-06,1.0477378964424131e-09,-176889.41977181376,222329.21239731,888703,107,6.673880917020142,888703.0000000001,0.1547970530232914,4.590094745119928,7.89658049994614,2.7363739013671875,True,Term-free primary specification,Retrospective conditional validation using realized macro paths.
layer2,35,True,all three numerical criteria satisfied,6,1.324758786813379e-07,4.692467202360717e-06,1.8044374883174894e-09,-179970.2177968167,506417.4542578807,888703,107,8.155539624975063,888703.0000000001,0.0173031654038404,5.766918898843453,9.37928537488915,2.7363739013671875,True,Term-free primary specification,Retrospective conditional validation using realized macro paths.
layer2,36,True,all three numerical criteria satisfied,10,7.088189269668556e-07,5.6247003621390235e-06,1.0186340659856794e-09,-188752.17821025383,4037770.7119196015,888703,107,14.25629133405164,888703.0,0.0019584810858192,3.9544602803156783,15.4848274999531,2.7363739013671875,True,Term-free primary specification,Retrospective conditional validation using realized macro paths.
layer2,37,True,all three numerical criteria satisfied,6,1.0172742380613668e-06,8.48403072128967e-06,6.693881005048752e-10,-178100.41371736204,309913.79898669827,888703,107,8.26488795899786,888702.9999999999,0.0025234457213548,3.725870721992768,9.49359262501821,2.7363739013671875,True,Term-free primary specification,Retrospective conditional validation using realized macro paths.
layer2,38,True,all three numerical criteria satisfied,6,1.743090161214977e-07,6.010175932047446e-06,3.7834979593753815e-10,-188342.99733205733,495402.79086582654,888703,107,8.178341874969192,888702.9999999999,0.0221780714671427,2.9976000453304827,9.45940575003624,2.7363739013671875,True,Term-free primary specification,Retrospective conditional validation using realized macro paths.
layer2,39,True,all three numerical criteria satisfied,5,1.2109994596518293e-07,1.6537771114766286e-06,1.1059455573558807e-09,-182155.45440014807,217213.04894884533,888703,107,6.651235915953293,888703.0,0.0185047888100038,2.824919881258972,7.878057583002374,2.7363739013671875,True,Term-free primary specification,Retrospective conditional validation using realized macro paths.
layer2,40,True,all three numerical criteria satisfied,6,2.1758302065686086e-07,1.305465447742904e-06,7.275957614183425e-10,-177536.05618429824,565694.8208630834,888703,107,8.183931374922395,888703.0,0.0030345536648835,3.7873998358572663,9.417380333063193,2.7363739013671875,True,Term-free primary specification,Retrospective conditional validation using realized macro paths.
layer2,41,True,all three numerical criteria satisfied,7,5.6222270949923825e-08,8.470249391878681e-07,5.820766091346741e-10,-174842.57812612702,323523.7639613748,888703,107,9.643397709005512,888703.0,0.0031706513051884,6.378095970045363,10.878610124927944,2.7363739013671875,True,Term-free primary specification,Retrospective conditional validation using realized macro paths.
layer2,42,True,all three numerical criteria satisfied,46,1.659864814531327e-06,8.606152903212205e-06,7.858034223318101e-10,-185946.5699786959,1944725.2379340031,888703,107,68.15423370804638,888702.9999999999,5.187298326835802e-05,5.41225813616209,69.37023645895533,2.7363739013671875,True,Term-free primary specification,Retrospective conditional validation using realized macro paths.
layer2,43,True,all three numerical criteria satisfied,6,1.5459162812284684e-07,1.4437609971995613e-06,2.9103830456733704e-10,-191998.23052069856,933982.758086206,888703,107,8.073813374969177,888702.9999999999,0.0197522588223817,2.548970337746632,9.28334199998062,2.7363739013671875,True,Term-free primary specification,Retrospective conditional validation using realized macro paths.
layer2,44,True,all three numerical criteria satisfied,7,9.351054257937512e-07,6.824472279287619e-06,1.164153218269348e-09,-190130.1038979198,4242221.897403649,888703,107,9.529218333074825,888703.0,0.000479501732171,4.762597016802985,10.7383194580907,2.7363739013671875,True,Term-free primary specification,Retrospective conditional validation using realized macro paths.
layer2,45,True,all three numerical criteria satisfied,6,8.51629783647283e-08,3.6201555526638174e-06,2.037268131971359e-10,-183061.235591779,370450.585348141,888703,107,8.081566083012149,888703.0,0.0068451297606912,5.281981144954133,9.28942845808342,2.7363739013671875,True,Term-free primary specification,Retrospective conditional validation using realized macro paths.
layer2,46,True,all three numerical criteria satisfied,6,8.631172167300674e-08,1.2105092280778609e-06,2.037268131971359e-10,-180960.89569576285,544058.2894961969,888703,107,8.078144166967832,888703.0,0.0522069847741842,2.746152578537486,9.28574591607321,2.7363739013671875,True,Term-free primary specification,Retrospective conditional validation using realized macro paths.
layer2,47,True,all three numerical criteria satisfied,5,4.6108197457749924e-07,3.4162446691521353e-06,9.022187441587447e-10,-178019.38462963369,245309.1583795134,888703,107,6.567243208992295,888703.0,0.0115604522562769,4.537865927935141,7.782962500001304,2.7363739013671875,True,Term-free primary specification,Retrospective conditional validation using realized macro paths.
layer2,48,True,all three numerical criteria satisfied,6,3.719431884251859e-07,4.0817785192936995e-06,2.9103830456733704e-10,-190225.94721982325,139433.43949637012,888703,107,8.023784665972926,888703.0,0.0134604863364911,4.036496709539327,9.233212499995716,2.7363739013671875,True,Term-free primary specification,Retrospective conditional validation using realized macro paths.
layer2,49,True,all three numerical criteria satisfied,6,9.809467576835009e-08,1.0933727578876784e-06,6.693881005048752e-10,-188484.526556837,713237.8336226696,888703,107,8.005433791084215,888703.0000000001,0.0593979422331642,7.1231107814103165,9.210270292009229,2.7363739013671875,True,Term-free primary specification,Retrospective conditional validation using realized macro paths.
layer2,50,True,all three numerical criteria satisfied,5,9.505936847731969e-08,4.017129272559927e-07,1.1641532182693479e-10,-185036.6165048275,902474.0149988438,888703,107,6.532812417019159,888703.0,0.0081399967078582,4.198421647958856,7.740061457967386,2.7363739013671875,True,Term-free primary specification,Retrospective conditional validation using realized macro paths.
layer2,51,True,all three numerical criteria satisfied,5,8.156768392987247e-07,9.751075659814036e-06,2.6193447411060333e-10,-188268.0875998202,537561.6410475081,888703,107,6.550687124952674,888703.0,0.002307849387545,5.4034045305716605,7.75565833307337,2.7363739013671875,True,Term-free primary specification,Retrospective conditional validation using realized macro paths.
layer2,52,True,all three numerical criteria satisfied,5,1.9029735326027473e-07,3.278862949374073e-06,3.201421350240707e-10,-185828.66746213404,671388.1245649398,888703,107,6.570192957995459,888703.0000000001,0.0245021277259365,6.094883547789354,7.773646167013794,2.7363739013671875,True,Term-free primary specification,Retrospective conditional validation using realized macro paths.
layer2,53,True,all three numerical criteria satisfied,6,2.2231629199633143e-08,7.105406147900339e-07,2.3283064365386963e-10,-183412.99640811863,1813166.6878482555,888703,107,8.3567139999941,888703.0,0.0315353097140118,6.15447488794414,9.56121008307673,2.7363739013671875,True,Term-free primary specification,Retrospective conditional validation using realized macro paths.
layer2,54,True,all three numerical criteria satisfied,6,4.7894410427299995e-08,2.2776351955577923e-06,4.656612873077393e-10,-180893.1136986379,351874.47363036475,888703,107,8.012511209002696,888703.0,0.0088121303120892,6.889461065447542,9.21981874993071,2.7363739013671875,True,Term-free primary specification,Retrospective conditional validation using realized macro paths.
layer2,55,True,all three numerical criteria satisfied,8,2.112128790537472e-07,2.188746457965074e-06,1.4551915228366852e-10,-179433.5973905579,5032419.428703301,888703,107,10.990018457989208,888703.0,0.0028353195488317,4.55527890925418,12.202269583009183,2.7363739013671875,True,Term-free primary specification,Retrospective conditional validation using realized macro paths.
layer2,56,True,all three numerical criteria satisfied,6,1.279234059017379e-07,1.476348710505171e-06,9.022187441587447e-10,-185532.2872593608,414704.23829872103,888703,107,8.040438208030537,888702.9999999999,0.0351454425270131,4.652302788070034,9.252255916944703,2.7363739013671875,True,Term-free primary specification,Retrospective conditional validation using realized macro paths.
layer2,57,True,all three numerical criteria satisfied,5,2.0988159329152998e-07,2.7793745360771283e-06,3.201421350240707e-10,-181260.20801717645,4780763.230515409,888703,107,6.583967334008776,888703.0,0.0379422529590586,2.9584412214231617,7.788461499963887,2.7363739013671875,True,Term-free primary specification,Retrospective conditional validation using realized macro paths.
layer2,58,True,all three numerical criteria satisfied,6,8.994276106732299e-08,4.83841361997861e-06,6.693881005048752e-10,-178668.88449948785,1256259.0124896914,888703,107,8.05652141594328,888703.0,0.092734666010339,4.7035088435462225,9.266137290978804,2.7363739013671875,True,Term-free primary specification,Retrospective conditional validation using realized macro paths.
layer2,59,True,all three numerical criteria satisfied,5,5.046048001817853e-07,6.24677500615789e-06,2.9103830456733704e-10,-190450.39984809415,409549.2554357828,888703,107,6.57897116697859,888703.0,0.0334369810411836,5.681192912474982,7.847652374999598,2.7363739013671875,True,Term-free primary specification,Retrospective conditional validation using realized macro paths.
layer2,60,True,all three numerical criteria satisfied,5,2.76009211304055e-07,4.865042412260934e-06,9.022187441587447e-10,-187976.3977928332,1818176.7547853503,888703,107,6.571228084038012,888703.0,0.0408257569654563,3.8787669215894542,7.784395582973957,2.7363739013671875,True,Term-free primary specification,Retrospective conditional validation using realized macro paths.
layer2,61,True,all three numerical criteria satisfied,6,7.034598626019166e-08,1.5103821691120345e-06,4.365574568510055e-10,-180964.3005811589,692139.7194099803,888703,107,8.02958195807878,888703.0,0.0045925093605477,3.879179740986448,9.242687792051584,2.7363739013671875,True,Term-free primary specification,Retrospective conditional validation using realized macro paths.
layer2,62,True,all three numerical criteria satisfied,7,7.4015215530151134e-09,2.900689191065453e-07,2.9103830456733704e-10,-184609.3620855468,3509809.9976527947,888703,107,9.689945792080836,888702.9999999999,0.0281595840496906,4.98300669775842,10.903851750073954,2.7363739013671875,True,Term-free primary specification,Retrospective conditional validation using realized macro paths.
layer2,63,True,all three numerical criteria satisfied,6,5.5390902781012974e-08,1.7220747916546486e-06,4.074536263942718e-10,-187638.2806196319,7446171.453408765,888703,107,8.174551874981262,888703.0,0.0197211978187364,4.971245772291472,9.41586341697257,2.7363739013671875,True,Term-free primary specification,Retrospective conditional validation using realized macro paths.
layer2,64,True,all three numerical criteria satisfied,7,5.857719283959423e-07,3.251623956423977e-06,8.731149137020111e-11,-178082.6177417116,481317.6525797972,888703,107,9.556443166104144,888703.0,0.000700392366435,6.067645620952144,10.808853166061454,2.7363739013671875,True,Term-free primary specification,Retrospective conditional validation using realized macro paths.
layer2,65,True,all three numerical criteria satisfied,7,6.546317814607705e-09,3.557829799660795e-07,6.111804395914078e-10,-179607.8334257706,517126.47839042294,888703,107,9.545188458985647,888703.0,0.0391195797255609,6.3272929411735435,10.774751499993728,2.7363739013671875,True,Term-free primary specification,Retrospective conditional validation using realized macro paths.
layer2,66,True,all three numerical criteria satisfied,5,1.8997821704000119e-07,2.684825025633941e-06,8.149072527885436e-10,-169756.82939428752,231477.81353306255,888703,107,6.628418417065404,888703.0,0.0251045107193874,4.070821087022079,7.852405874989927,2.7363739013671875,True,Term-free primary specification,Retrospective conditional validation using realized macro paths.
layer2,67,True,all three numerical criteria satisfied,5,1.8124523143149793e-07,7.849393609538069e-07,1.7462298274040222e-10,-185475.19114303077,179026.11105907516,888703,107,6.590559917036444,888703.0,0.0053429353341781,6.239273166525244,7.800115374964662,2.7363739013671875,True,Term-free primary specification,Retrospective conditional validation using realized macro paths.
layer2,68,True,all three numerical criteria satisfied,6,2.564111718239948e-07,8.71160784488012e-06,3.7834979593753815e-10,-181907.5763039498,533907.494747932,888703,107,8.086023375042714,888702.9999999999,0.0432571901824387,3.7440043396272262,9.297315625008196,2.7363739013671875,True,Term-free primary specification,Retrospective conditional validation using realized macro paths.
layer2,69,True,all three numerical criteria satisfied,5,1.35421364322308e-07,2.5276432962240136e-06,5.820766091346741e-11,-178626.58975156143,2251811.5617640666,888703,107,6.604392832960002,888703.0000000001,0.014943410514381,6.533199212364526,7.828997791046277,2.7363739013671875,True,Term-free primary specification,Retrospective conditional validation using realized macro paths.
layer2,70,True,all three numerical criteria satisfied,6,1.565605240411713e-07,3.657491993491746e-06,1.1641532182693479e-10,-191401.19866766033,1186700.6202784523,888703,107,8.069115083897486,888703.0,0.0043142984536517,3.406390006978063,9.287448959075846,2.7363739013671875,True,Term-free primary specification,Retrospective conditional validation using realized macro paths.
layer2,71,True,all three numerical criteria satisfied,5,2.705621777732148e-07,6.400963097119572e-06,4.656612873077393e-10,-180622.22418429895,317103.321820405,888703,107,6.764786000014283,888703.0,0.0591801175072972,6.27802032654848,8.028133457992226,2.7363739013671875,True,Term-free primary specification,Retrospective conditional validation using realized macro paths.
layer2,72,True,all three numerical criteria satisfied,6,1.3923918128616906e-07,4.228974566533594e-06,4.074536263942718e-10,-177921.43897209258,328986.2766822649,888703,107,8.24893870903179,888703.0,0.0014315642310456,4.412670789824132,9.478802209021524,2.7363739013671875,True,Term-free primary specification,Retrospective conditional validation using realized macro paths.
layer2,73,True,all three numerical criteria satisfied,7,2.789415434466034e-07,1.533729550917684e-06,7.566995918750762e-10,-183870.71742282665,226699.44729230617,888703,107,9.56147808302194,888703.0000000001,0.0085275395435091,3.330601401841403,10.77312687493395,2.7363739013671875,True,Term-free primary specification,Retrospective conditional validation using realized macro paths.
layer2,74,True,all three numerical criteria satisfied,7,2.1068625223313673e-08,1.5245082143899857e-07,1.4551915228366852e-10,-190674.34808170004,104430.66710024672,888703,107,9.562889624969102,888703.0000000001,0.0095703441429333,5.860509146748072,10.779836874920877,2.7363739013671875,True,Term-free primary specification,Retrospective conditional validation using realized macro paths.
layer2,75,True,all three numerical criteria satisfied,6,1.5479770556681025e-07,1.8167604399765835e-06,2.3283064365386963e-10,-178471.52081088064,7363914.491262963,888703,107,8.088541500037536,888703.0,0.0099659255569614,4.18127637541845,9.308929792023264,2.7363739013671875,True,Term-free primary specification,Retrospective conditional validation using realized macro paths.
layer2,76,True,all three numerical criteria satisfied,5,2.1745442975178002e-07,6.732648296647881e-07,4.94765117764473e-10,-179637.35818020726,162400.1612931863,888703,107,6.633596166968346,888702.9999999999,0.0404919873208118,4.4943807177400155,7.852022666949779,2.7363739013671875,True,Term-free primary specification,Retrospective conditional validation using realized macro paths.
layer2,77,True,all three numerical criteria satisfied,5,3.9186295359965e-07,3.4685899998887493e-06,5.238689482212067e-10,-189635.39476287185,470278.1729931327,888703,107,6.64115275000222,888703.0,0.0300817154112731,2.5898768029974275,7.86839058296755,2.7363739013671875,True,Term-free primary specification,Retrospective conditional validation using realized macro paths.
layer2,78,True,all three numerical criteria satisfied,5,1.8922023051373666e-07,1.709605715882745e-06,4.074536263942718e-10,-185386.82844655885,712763.0434907397,888703,107,6.653252874966711,888703.0,0.0263152120475424,3.133819808950843,7.865456333034672,2.7363739013671875,True,Term-free primary specification,Retrospective conditional validation using realized macro paths.
layer2,79,True,all three numerical criteria satisfied,5,2.261773965663301e-07,2.836539767070434e-06,6.402842700481415e-10,-179340.67430774114,223879.3003355895,888703,107,6.625675583025441,888703.0,0.0324258167914218,3.3463943763004704,7.840003667050041,2.7363739013671875,True,Term-free primary specification,Retrospective conditional validation using realized macro paths.
layer2,80,True,all three numerical criteria satisfied,6,1.4219843584508428e-08,2.1128585747653974e-07,1.1641532182693479e-10,-185719.7315183392,1447455.7316092057,888703,107,8.072205291944556,888703.0,0.030652585851742,3.6284437477661537,9.28726320900023,2.7363739013671875,True,Term-free primary specification,Retrospective conditional validation using realized macro paths.
layer2,81,True,all three numerical criteria satisfied,15,9.575389370853653e-07,5.424937689069154e-06,3.201421350240707e-10,-181107.2705263917,759422.4801689179,888703,107,22.34881799994037,888703.0,0.0006849317215522,4.824650114055133,23.569698792067356,2.7363739013671875,True,Term-free primary specification,Retrospective conditional validation using realized macro paths.
layer2,82,True,all three numerical criteria satisfied,6,3.411251564013296e-07,3.9940576466168665e-06,5.820766091346741e-11,-184431.26504384543,426073.9357031861,888703,107,8.087725375080481,888703.0,0.0142088005086448,3.5725379716802843,9.305170791922135,2.7363739013671875,True,Term-free primary specification,Retrospective conditional validation using realized macro paths.
layer2,83,True,all three numerical criteria satisfied,6,1.1784080309755735e-07,1.3865986157046706e-06,1.2223608791828156e-09,-185708.29455578045,1087906.9419452297,888703,107,8.164141291985288,888703.0,0.0053413387253527,3.4989463557314724,9.37953491602093,2.7363739013671875,True,Term-free primary specification,Retrospective conditional validation using realized macro paths.
layer2,84,True,all three numerical criteria satisfied,6,3.047664696617913e-07,2.6621630904166693e-06,3.7834979593753815e-10,-185204.66390211965,310518.84273755125,888703,107,8.1211351249367,888703.0000000001,0.015694586669838,3.096390840052718,9.338894541957416,2.7363739013671875,True,Term-free primary specification,Retrospective conditional validation using realized macro paths.
layer2,85,True,all three numerical criteria satisfied,7,7.281748291324353e-09,2.416116373638033e-07,1.8917489796876907e-09,-187669.844992432,12855329.186774489,888703,107,9.681461375090294,888703.0,0.0097799736471651,8.38183462350918,10.900567417033017,2.7363739013671875,True,Term-free primary specification,Retrospective conditional validation using realized macro paths.
layer2,86,True,all three numerical criteria satisfied,6,1.8561810025779237e-07,7.411050579886336e-06,6.402842700481415e-10,-185914.3504437405,530256.7222826884,888703,107,8.067062583053485,888703.0000000001,0.0182713370892536,5.416494613913193,9.279136124998333,2.7363739013671875,True,Term-free primary specification,Retrospective conditional validation using realized macro paths.
layer2,87,True,all three numerical criteria satisfied,6,6.645040854292496e-08,9.43770415817724e-07,1.251464709639549e-09,-179795.33903698644,139352.98782592808,888703,107,8.052285041077994,888703.0000000001,0.0212301210958535,3.4359473454145726,9.267074084025808,2.7363739013671875,True,Term-free primary specification,Retrospective conditional validation using realized macro paths.
layer2,88,True,all three numerical criteria satisfied,6,1.1252813877455954e-08,3.501190888322015e-07,0.0,-181715.09551568728,220457.35256738868,888703,107,8.052799500059336,888703.0,0.0340067679665858,4.511001235366601,9.263240957981909,2.7363739013671875,True,Term-free primary specification,Retrospective conditional validation using realized macro paths.
layer2,89,True,all three numerical criteria satisfied,5,1.9562563866629813e-07,9.793910161759456e-07,3.7834979593753815e-10,-178388.53479843846,205579.7359615289,888703,107,6.628057875088416,888703.0,0.0096138169503189,3.9613808337750864,7.846539583057165,2.7363739013671875,True,Term-free primary specification,Retrospective conditional validation using realized macro paths.
layer2,90,True,all three numerical criteria satisfied,6,4.768171681568654e-07,4.544792114868912e-06,2.9103830456733704e-10,-187867.80962775412,167932.4223400517,888703,107,8.213471541996114,888703.0,0.0191243092315084,3.6622824916367698,9.43359816703014,2.7363739013671875,True,Term-free primary specification,Retrospective conditional validation using realized macro paths.
layer2,91,True,all three numerical criteria satisfied,6,1.4135434383019124e-08,2.1050883702855574e-07,2.9103830456733704e-10,-179639.6511041216,276448.1329410553,888703,107,8.109189125010744,888703.0,0.0100920136056389,5.867408343841085,9.326256333035415,2.7363739013671875,True,Term-free primary specification,Retrospective conditional validation using realized macro paths.
layer2,92,True,all three numerical criteria satisfied,6,1.2476161657591485e-07,1.5022484368687472e-06,4.656612873077393e-10,-185885.51119483003,312549.121099535,888703,107,8.085700084106065,888703.0,0.0140864224001076,5.824021390159898,9.313225999940189,2.7363739013671875,True,Term-free primary specification,Retrospective conditional validation using realized macro paths.
layer2,93,True,all three numerical criteria satisfied,6,3.9800064814226156e-08,6.625358650591551e-07,8.440110832452773e-10,-176963.8842735482,120285.18858780872,888703,107,8.104163959040307,888703.0,0.0431477559783131,3.5093735352204765,9.323628209065646,2.7363739013671875,True,Term-free primary specification,Retrospective conditional validation using realized macro paths.
layer2,94,True,all three numerical criteria satisfied,6,2.366723023198518e-07,6.171044221847666e-06,4.365574568510055e-10,-189084.2323432963,463949.65444598714,888703,107,8.13784633402247,888703.0,0.0113851780592075,3.819472121531172,9.376636083004996,2.7363739013671875,True,Term-free primary specification,Retrospective conditional validation using realized macro paths.
layer2,95,True,all three numerical criteria satisfied,5,1.215701814460539e-07,2.5296632593097e-06,4.94765117764473e-10,-169690.53409982412,887777.1860888995,888703,107,6.769547667005099,888703.0,0.0303362466375399,5.4863810766744185,8.004532999941148,2.7363739013671875,True,Term-free primary specification,Retrospective conditional validation using realized macro paths.
layer2,96,True,all three numerical criteria satisfied,6,1.4135514207714297e-08,2.65602009053012e-07,2.6193447411060333e-10,-182438.43019406113,792198.9037717469,888703,107,8.079860124969855,888702.9999999999,0.0453614815749454,6.050452831115487,9.289005541941153,2.7363739013671875,True,Term-free primary specification,Retrospective conditional validation using realized macro paths.
layer2,97,True,all three numerical criteria satisfied,6,4.236604905781725e-07,9.43696010757833e-06,1.4551915228366852e-10,-192751.49101136037,918484.0263568712,888703,107,8.077138792024925,888703.0,0.036029456282602,3.253115243338606,9.284456708002836,2.7363739013671875,True,Term-free primary specification,Retrospective conditional validation using realized macro paths.
layer2,98,True,all three numerical criteria satisfied,7,2.7020616151022445e-08,1.2177315262817956e-06,1.0186340659856794e-09,-183970.80612770095,513150.2988975779,888703,107,9.491492124972863,888703.0,0.0082906950869292,4.600222304871662,10.702294750022702,2.7363739013671875,True,Term-free primary specification,Retrospective conditional validation using realized macro paths.
layer2,99,True,all three numerical criteria satisfied,5,2.4182462176006724e-07,3.953648301635582e-06,2.037268131971359e-10,-183777.27398454497,523405.95205279696,888703,107,6.568846083013341,888703.0,0.0338918030673935,5.863696060616122,7.768867582897656,2.7363739013671875,True,Term-free primary specification,Retrospective conditional validation using realized macro paths.
layer2,100,True,all three numerical criteria satisfied,5,3.081737366656457e-07,5.187370849091266e-06,2.9103830456733704e-10,-181137.1999989661,998587.270764427,888703,107,6.663438917021267,888703.0,0.015484030306419,4.117888028916992,7.863318374962546,2.7363739013671875,True,Term-free primary specification,Retrospective conditional validation using realized macro paths.
layer2,101,True,all three numerical criteria satisfied,7,1.3082699878374998e-07,1.127812825796326e-06,6.402842700481415e-10,-177056.69256912929,1034269.2678337328,888703,107,9.451471749925986,888703.0,0.0055732068700913,4.038848220115023,10.652092040982096,2.7363739013671875,True,Term-free primary specification,Retrospective conditional validation using realized macro paths.
layer2,102,True,all three numerical criteria satisfied,6,1.5054900263545432e-07,2.0779400398129866e-06,3.201421350240707e-10,-170362.68121389725,7373447.818931778,888703,107,8.019017250044271,888703.0,0.0068909011662529,6.087662800382199,9.225270958035251,2.7363739013671875,True,Term-free primary specification,Retrospective conditional validation using realized macro paths.
layer2,103,True,all three numerical criteria satisfied,5,2.0713001844788007e-07,3.952958171793419e-06,1.7462298274040222e-10,-185752.69746512632,329484.1481093594,888703,107,6.569423499982804,888703.0000000001,0.0213259240636828,4.0978032786268805,7.766602291027084,2.7363739013671875,True,Term-free primary specification,Retrospective conditional validation using realized macro paths.
layer2,104,True,all three numerical criteria satisfied,6,1.6556599505423814e-08,2.974527510968273e-07,5.529727786779404e-10,-176377.12032781125,565790.4324453429,888703,107,8.01657629199326,888703.0,0.0271657323980849,5.501105963802476,9.219301959034055,2.7363739013671875,True,Term-free primary specification,Retrospective conditional validation using realized macro paths.
layer2,105,True,all three numerical criteria satisfied,5,3.599360045029103e-07,5.603887883509628e-06,1.164153218269348e-09,-183557.3439414291,4118215.129384488,888703,107,6.905259124934673,888703.0,0.0103036235802852,2.534344061929952,8.106264999951236,2.7363739013671875,True,Term-free primary specification,Retrospective conditional validation using realized macro paths.
layer2,106,True,all three numerical criteria satisfied,7,6.119868633945506e-08,6.160992566117685e-07,4.074536263942718e-10,-191059.62810198983,280153.32432967913,888703,107,9.596281333942898,888703.0,0.0429513295724538,2.9682750771011035,10.797810291987844,2.7363739013671875,True,Term-free primary specification,Retrospective conditional validation using realized macro paths.
layer2,107,True,all three numerical criteria satisfied,6,1.3661516868009473e-07,1.3781700937132155e-06,2.9103830456733704e-10,-183536.32865434457,2067961.4421967247,888703,107,8.00745354196988,888703.0000000002,0.0016131474057185,3.7907995005052446,9.21029700001236,2.7363739013671875,True,Term-free primary specification,Retrospective conditional validation using realized macro paths.
layer2,108,True,all three numerical criteria satisfied,7,1.222092018693388e-07,1.5712739320217215e-06,1.1641532182693479e-10,-191074.20141548893,15572565.817975014,888703,107,9.42630995903164,888703.0,0.0049589709022988,4.28877700511946,10.629787459038198,2.7363739013671875,True,Term-free primary specification,Retrospective conditional validation using realized macro paths.
layer2,109,True,all three numerical criteria satisfied,5,3.4560440478755097e-07,3.13996885070722e-06,1.2223608791828156e-09,-180711.5102892715,157113.27555782886,888703,107,6.552921333000995,888703.0,0.0246809968862673,3.9559228686711583,7.7555591251002625,2.7363739013671875,True,Term-free primary specification,Retrospective conditional validation using realized macro paths.
layer2,110,True,all three numerical criteria satisfied,6,6.674393780018612e-08,2.6627893650044143e-06,6.984919309616089e-10,-169487.29395693837,2686412.7845120034,888703,107,8.139999708975665,888702.9999999999,0.0103697102246764,4.697417780009981,9.34394541697111,2.7363739013671875,True,Term-free primary specification,Retrospective conditional validation using realized macro paths.
layer2,111,True,all three numerical criteria satisfied,5,1.023523678897354e-06,7.113284804904918e-06,3.201421350240707e-10,-180853.19802226292,742031.400246513,888703,107,6.517778750043362,888703.0,0.0149553995969178,3.9203103146510343,7.723612374975346,2.7363739013671875,True,Term-free primary specification,Retrospective conditional validation using realized macro paths.
layer2,112,True,all three numerical criteria satisfied,6,4.5450100580495314e-07,5.955347772146347e-06,0.0,-184331.4963200442,182898.43718524085,888703,107,7.976752583053894,888703.0,0.0253627084113051,2.530124756762035,9.176568540977314,2.7363739013671875,True,Term-free primary specification,Retrospective conditional validation using realized macro paths.
layer2,113,True,all three numerical criteria satisfied,8,3.8371432827816574e-08,3.106857788051643e-07,1.1350493878126142e-09,-183308.0672495872,350808.44728057884,888703,107,10.900835749926046,888703.0,0.0618435178769395,5.56710032209049,12.108940582955256,2.7363739013671875,True,Term-free primary specification,Retrospective conditional validation using realized macro paths.
layer2,114,True,all three numerical criteria satisfied,5,6.054031597265621e-07,8.051123683738837e-06,3.4924596548080444e-10,-177487.00804849883,644882.6420987238,888703,107,6.526852709008381,888703.0000000002,0.0047347279875341,4.741647063236372,7.729090083041228,2.7363739013671875,True,Term-free primary specification,Retrospective conditional validation using realized macro paths.
layer2,115,True,all three numerical criteria satisfied,8,1.405536578182238e-06,7.045760878288121e-06,5.238689482212067e-10,-178021.20988224208,453106.7225179965,888703,107,11.050830874941312,888703.0,0.0008256862452304,5.974786745572165,12.260653375065884,2.7363739013671875,True,Term-free primary specification,Retrospective conditional validation using realized macro paths.
layer2,116,True,all three numerical criteria satisfied,6,4.639203709987593e-07,9.077971692694751e-06,9.022187441587447e-10,-184765.94145684747,310752.202430583,888703,107,7.966819791006856,888703.0,0.0035023079728657,5.516423656477068,9.176771583035588,2.7363739013671875,True,Term-free primary specification,Retrospective conditional validation using realized macro paths.
layer2,117,True,all three numerical criteria satisfied,7,2.588101294586633e-08,8.703705121071437e-07,2.6193447411060333e-10,-189023.45995862636,851128.310884284,888703,107,9.413299374980852,888703.0,0.0361759574793272,3.996929400379222,10.611833999981172,2.7363739013671875,True,Term-free primary specification,Retrospective conditional validation using realized macro paths.
layer2,118,True,all three numerical criteria satisfied,6,3.407479138960243e-09,8.093281800292118e-08,8.149072527885436e-10,-190523.95386381197,294693.73971301346,888703,107,7.96149199991487,888702.9999999999,0.0188508947383557,2.1372634486775093,9.167008915916083,2.7363739013671875,True,Term-free primary specification,Retrospective conditional validation using realized macro paths.
layer2,119,True,all three numerical criteria satisfied,6,1.1387648264762777e-07,4.214036650740383e-06,5.820766091346741e-11,-183322.22763319415,515095.0495610932,888703,107,8.134930290980265,888703.0000000001,0.0064006965387821,2.791690335189165,9.33114879205823,2.7363739013671875,True,Term-free primary specification,Retrospective conditional validation using realized macro paths.
layer2,120,True,all three numerical criteria satisfied,14,8.591331257523649e-07,6.854025438540745e-06,3.4924596548080444e-10,-180813.5042611516,4980698.680672109,888703,107,19.66772749996744,888702.9999999999,0.0001375316851396,3.8592282310921737,20.869740791036747,2.7363739013671875,True,Term-free primary specification,Retrospective conditional validation using realized macro paths.
layer2,121,True,all three numerical criteria satisfied,5,2.3821558364470427e-07,3.9074524804671995e-06,8.440110832452773e-10,-180099.19911043555,959108.1535005752,888703,107,6.484745458001271,888703.0,0.0054403167913724,2.9192329310890788,7.681507917004637,2.7363739013671875,True,Term-free primary specification,Retrospective conditional validation using realized macro paths.
layer2,122,True,all three numerical criteria satisfied,6,2.5027283517332722e-08,3.586289669677001e-07,2.9103830456733704e-11,-182558.69595356967,190712.03739904013,888703,107,8.044908041949384,888703.0,0.0130938377360736,5.086267420915437,9.242742917034777,2.7363739013671875,True,Term-free primary specification,Retrospective conditional validation using realized macro paths.
layer2,123,True,all three numerical criteria satisfied,8,3.1751651974638434e-07,2.310868721044912e-06,5.820766091346741e-10,-187493.7646475772,492744.4604306047,888703,107,10.980519790900871,888703.0000000001,0.0008288680207551,4.658195408594489,12.1806669998914,2.7363739013671875,True,Term-free primary specification,Retrospective conditional validation using realized macro paths.
layer2,124,True,all three numerical criteria satisfied,5,3.926851775422843e-07,4.67428694639338e-07,8.440110832452773e-10,-182784.36392527563,145752.90425686748,888703,107,6.489353333017789,888702.9999999999,0.0605923468123077,3.915721283918968,7.685826166998595,2.7363739013671875,True,Term-free primary specification,Retrospective conditional validation using realized macro paths.
layer2,125,True,all three numerical criteria satisfied,5,1.4538399468566306e-07,1.8304714066719183e-06,8.731149137020111e-11,-182144.26065577005,250990.09488778055,888703,107,6.515935332980007,888703.0,0.0224083828909052,8.494655967956877,7.735452125081792,2.7363739013671875,True,Term-free primary specification,Retrospective conditional validation using realized macro paths.
layer2,126,True,all three numerical criteria satisfied,5,4.959024560413137e-07,7.349012477897432e-06,1.1350493878126142e-09,-193865.85630261977,685400.2257433853,888703,107,6.5831824579508975,888702.9999999999,0.0180015291297211,2.3336778408525567,7.778631292050704,2.7363739013671875,True,Term-free primary specification,Retrospective conditional validation using realized macro paths.
layer2,127,True,all three numerical criteria satisfied,6,1.137843354498532e-07,1.7658571865863948e-06,5.529727786779404e-10,-181729.90085692023,2080413.2363819208,888703,107,8.292535832966678,888703.0000000001,0.0097634653155279,4.957007268981905,9.492482500034384,2.7363739013671875,True,Term-free primary specification,Retrospective conditional validation using realized macro paths.
layer2,128,True,all three numerical criteria satisfied,6,4.95031741162262e-08,1.2240474247526834e-06,4.365574568510055e-10,-184975.79081911864,8444908.907210143,888703,107,7.969276792020537,888703.0,0.0189619534381729,2.8178036633123944,9.17361579206772,2.7363739013671875,True,Term-free primary specification,Retrospective conditional validation using realized macro paths.
layer2,129,True,all three numerical criteria satisfied,6,7.199443780055925e-08,1.0649776913673747e-06,7.275957614183425e-10,-170454.2880050457,167191.49945966605,888703,107,7.940983250038698,888703.0,0.0204680802308805,4.133960512882605,9.138603708008304,2.7363739013671875,True,Term-free primary specification,Retrospective conditional validation using realized macro paths.
layer2,130,True,all three numerical criteria satisfied,6,2.7228693370884e-07,5.427328509277629e-06,3.7834979593753815e-10,-191943.61710170656,503024.17143997544,888703,107,7.975392292020842,888703.0,0.1391739291263143,4.2279205827300315,9.17775991698727,2.7363739013671875,True,Term-free primary specification,Retrospective conditional validation using realized macro paths.
layer2,131,True,all three numerical criteria satisfied,5,1.6199717887671857e-07,3.5496612540431016e-06,2.3283064365386963e-10,-181787.2551462273,269371.74527962937,888703,107,6.508618458057754,888703.0,0.0148537845506371,3.432842971079191,7.709199625067413,2.7363739013671875,True,Term-free primary specification,Retrospective conditional validation using realized macro paths.
layer2,132,True,all three numerical criteria satisfied,6,1.6933677379763626e-07,2.296362554776721e-06,6.111804395914078e-10,-181115.31402704053,206258.8088375475,888703,107,8.093269709032029,888703.0,0.0340698574438372,4.851697641910992,9.290826875017956,2.7363739013671875,True,Term-free primary specification,Retrospective conditional validation using realized macro paths.
layer2,133,True,all three numerical criteria satisfied,6,1.9062446933550745e-07,3.7478247296718337e-06,1.920852810144424e-09,-188525.13698637945,770133.7401300516,888703,107,8.003270082990639,888702.9999999999,0.0027880600226777,2.7616553493586755,9.203830875107087,2.7363739013671875,True,Term-free primary specification,Retrospective conditional validation using realized macro paths.
layer2,134,True,all three numerical criteria satisfied,5,3.033930785292379e-07,3.3228761695536235e-06,2.9103830456733704e-11,-190500.1677536468,1565876.1800314093,888703,107,6.544507583021186,888703.0,0.0149377685325867,4.469534894457602,7.744095333968289,2.7363739013671875,True,Term-free primary specification,Retrospective conditional validation using realized macro paths.
layer2,135,True,all three numerical criteria satisfied,7,1.3022883956706175e-06,4.715574729363681e-06,2.9103830456733704e-11,-179907.99430041373,277855.67184624827,888703,107,9.46432395791635,888703.0,0.0001001560892308,4.0378788601526105,10.667744791018777,2.7363739013671875,True,Term-free primary specification,Retrospective conditional validation using realized macro paths.
layer2,136,True,all three numerical criteria satisfied,6,8.106570647051227e-08,2.1719089711158546e-06,2.9103830456733704e-11,-174144.82303792544,97251.96805095348,888703,107,7.979142834083177,888703.0,0.0013355451340094,5.789643559911159,9.186060625012033,2.7363739013671875,True,Term-free primary specification,Retrospective conditional validation using realized macro paths.
layer2,137,True,all three numerical criteria satisfied,5,1.4766330223786628e-07,3.2136514324099252e-06,4.656612873077393e-10,-177674.80480968265,128869.36604094262,888703,107,6.515166458091699,888703.0,0.0151072207457042,6.879185301121108,7.715000165975653,2.7363739013671875,True,Term-free primary specification,Retrospective conditional validation using realized macro paths.
layer2,138,True,all three numerical criteria satisfied,7,5.05959780187202e-08,1.595391288855552e-06,1.1641532182693479e-10,-188240.92682073303,611466.9583647397,888703,107,9.412982875015588,888703.0,0.0164233976691432,4.033165262396758,10.612305624992588,2.7363739013671875,True,Term-free primary specification,Retrospective conditional validation using realized macro paths.
layer2,139,True,all three numerical criteria satisfied,5,4.40248260392034e-07,1.5945792006810675e-06,4.074536263942718e-10,-171849.36849398282,157762.11968974635,888703,107,6.502189583028667,888703.0,0.0246507365030487,4.2236675173738005,7.708955417037941,2.7363739013671875,True,Term-free primary specification,Retrospective conditional validation using realized macro paths.
layer2,140,True,all three numerical criteria satisfied,5,6.834536639489252e-07,4.631371253838168e-06,7.275957614183425e-10,-185487.3067547996,269301.17356151115,888703,107,6.495849000057206,888703.0,0.016064028671406,5.751814276745343,7.731190500082448,2.7363739013671875,True,Term-free primary specification,Retrospective conditional validation using realized macro paths.
layer2,141,True,all three numerical criteria satisfied,5,1.3066585945759134e-06,7.871802137904282e-06,3.1141098588705063e-09,-176502.28522971037,246517.39041950143,888703,107,6.489459750009701,888702.9999999999,0.030306235327244,4.688509710128193,7.692762832972221,2.7363739013671875,True,Term-free primary specification,Retrospective conditional validation using realized macro paths.
layer2,142,True,all three numerical criteria satisfied,5,3.796157411775336e-07,3.8584549335585194e-06,5.238689482212067e-10,-178447.27329309136,172156.44909493363,888703,107,6.526500915992074,888703.0,0.0068042207109848,3.617827471860569,7.72711066599004,2.7363739013671875,True,Term-free primary specification,Retrospective conditional validation using realized macro paths.
layer2,143,True,all three numerical criteria satisfied,6,2.1721491986860749e-07,4.528907108003466e-06,1.4551915228366852e-10,-173702.18045665976,450251.22425041365,888703,107,7.959586750017479,888703.0000000001,0.038483126452485,5.0123459575021245,9.161305958055893,2.7363739013671875,True,Term-free primary specification,Retrospective conditional validation using realized macro paths.
layer2,144,True,all three numerical criteria satisfied,6,2.991026353247586e-08,1.7510869443349009e-07,7.275957614183425e-10,-182895.44106183288,365186.9022116611,888703,107,7.950817542034201,888703.0,0.0229367635663095,11.39106908997646,9.16354920901358,2.7363739013671875,True,Term-free primary specification,Retrospective conditional validation using realized macro paths.
layer2,145,True,all three numerical criteria satisfied,6,5.8058837693740897e-08,1.3528203499646452e-06,6.111804395914078e-10,-183312.03004695507,718918.1817655142,888703,107,7.970346458023414,888703.0,0.0199070461874233,2.4477106700977567,9.172339000040663,2.7363739013671875,True,Term-free primary specification,Retrospective conditional validation using realized macro paths.
layer2,146,True,all three numerical criteria satisfied,6,1.52947508456843e-08,2.39272384572331e-07,1.1059455573558807e-09,-188696.54891788447,423936.81581891974,888703,107,7.947843916947022,888703.0,0.0329343439299244,3.35053519883187,9.150695415912196,2.7363739013671875,True,Term-free primary specification,Retrospective conditional validation using realized macro paths.
layer2,147,True,all three numerical criteria satisfied,7,6.193736054613913e-08,7.169488972502691e-07,8.149072527885436e-10,-183197.3723857871,234558.6384101404,888703,107,9.437269250047391,888703.0,0.0164316797294496,7.316928116477811,10.6756235830253,2.7363739013671875,True,Term-free primary specification,Retrospective conditional validation using realized macro paths.
layer2,148,True,all three numerical criteria satisfied,6,1.3431361836433938e-07,6.539441603337082e-06,5.820766091346741e-11,-184950.70904779137,540170.5678925382,888703,107,8.036888291011564,888703.0,0.0258527626243056,2.3652495161871565,9.307661917060614,2.7363739013671875,True,Term-free primary specification,Retrospective conditional validation using realized macro paths.
layer2,149,True,all three numerical criteria satisfied,7,7.395778622177093e-08,8.493021166344761e-07,8.731149137020111e-11,-177329.54953066236,143098.82737575562,888703,107,9.42664479103405,888703.0,0.0073307048262395,3.5645693991751353,10.629425833933055,2.7363739013671875,True,Term-free primary specification,Retrospective conditional validation using realized macro paths.
layer2,150,True,all three numerical criteria satisfied,27,1.2072506777593972e-06,8.894070920639763e-06,1.3387762010097504e-09,-181347.57023320303,1370806.7142282715,888703,107,39.57158874999732,888703.0000000001,7.747853228735493e-05,4.70583986214057,40.78749533405062,2.7363739013671875,True,Term-free primary specification,Retrospective conditional validation using realized macro paths.
layer2,151,True,all three numerical criteria satisfied,7,6.844758371912074e-08,7.163552060429623e-07,4.365574568510055e-10,-170638.99846266166,2209100.064995391,888703,107,9.435933207976632,888702.9999999999,0.0157842500624143,4.405656995434847,10.643089915974995,2.7363739013671875,True,Term-free primary specification,Retrospective conditional validation using realized macro paths.
layer2,152,True,all three numerical criteria satisfied,7,5.975202508441672e-08,5.184345644448918e-07,4.656612873077393e-10,-184265.7126788983,1168438.8932171972,888703,107,9.401160749956034,888703.0,0.0072005329310722,3.850303739446064,10.605160041013733,2.7363739013671875,True,Term-free primary specification,Retrospective conditional validation using realized macro paths.
layer2,153,True,all three numerical criteria satisfied,6,1.1215014942960536e-07,5.465744853605514e-06,3.7834979593753815e-10,-175355.56258093627,675406.0949584129,888703,107,7.9641925420146435,888702.9999999999,0.0232811136681863,5.145087340624228,9.259322292055003,2.7363739013671875,True,Term-free primary specification,Retrospective conditional validation using realized macro paths.
layer2,154,True,all three numerical criteria satisfied,6,3.0074836256576e-08,2.6303502931313005e-07,1.4551915228366852e-10,-189050.8900857983,138139.6280509113,888703,107,7.971228708978742,888703.0,0.0468013489020182,4.229520047314503,9.219331500004046,2.7363739013671875,True,Term-free primary specification,Retrospective conditional validation using realized macro paths.
layer2,155,True,all three numerical criteria satisfied,5,3.44943039034648e-07,3.832152780880449e-06,5.529727786779404e-10,-170461.27082851864,575718.2768990012,888703,107,6.693104250007309,888703.0,0.0453815038210871,4.426296774695583,7.902790124993771,2.7363739013671875,True,Term-free primary specification,Retrospective conditional validation using realized macro paths.
layer2,156,True,all three numerical criteria satisfied,5,2.772796040241198e-07,2.996973692992455e-06,6.693881005048752e-10,-180063.45346994756,1233935.3762804605,888703,107,6.557388958055526,888702.9999999998,0.0367592094377293,4.604306872887619,7.761099208029918,2.7363739013671875,True,Term-free primary specification,Retrospective conditional validation using realized macro paths.
layer2,157,True,all three numerical criteria satisfied,10,3.3501332945167993e-07,2.952310027115601e-06,3.201421350240707e-10,-176688.79135522965,573304.687962819,888703,107,13.798339375061914,888703.0,0.0005169653112404,5.180508864325064,15.004855624982156,2.7363739013671875,True,Term-free primary specification,Retrospective conditional validation using realized macro paths.
layer2,158,True,all three numerical criteria satisfied,5,1.8507218300140052e-07,1.7822351523477664e-06,5.820766091346741e-11,-184386.1711818487,204486.05086501065,888703,107,6.652198207913898,888703.0,0.0116073391607876,4.778855185562173,7.853386666043661,2.7363739013671875,True,Term-free primary specification,Retrospective conditional validation using realized macro paths.
layer2,159,True,all three numerical criteria satisfied,16,1.1503014589742122e-06,9.160661186058404e-06,2.9103830456733704e-11,-184195.0715874573,769703.9073639612,888703,107,23.105068415985443,888703.0,0.0004738219208843,3.0396369530720344,24.30676341697108,2.7363739013671875,True,Term-free primary specification,Retrospective conditional validation using realized macro paths.
layer2,160,True,all three numerical criteria satisfied,5,3.412188000311252e-07,8.52882863044968e-06,1.251464709639549e-09,-182310.2459907181,1375328.6534361555,888703,107,6.477824250003323,888703.0,0.0561112570412084,3.9001581741064553,7.674693541019224,2.7363739013671875,True,Term-free primary specification,Retrospective conditional validation using realized macro paths.
layer2,161,True,all three numerical criteria satisfied,6,3.0291414446685706e-08,7.520127774940377e-07,2.3283064365386963e-10,-183396.81130210584,350279.1949699323,888703,107,7.966180999996141,888703.0,0.0031169153257272,3.831922714864223,9.165253333048897,2.7363739013671875,True,Term-free primary specification,Retrospective conditional validation using realized macro paths.
layer2,162,True,all three numerical criteria satisfied,5,3.989033477018081e-07,6.902298480548907e-06,1.251464709639549e-09,-183553.64048118345,5289067.785382692,888703,107,6.586874624947086,888703.0,0.0570162903789907,4.301319634841198,7.805054791970179,2.7363739013671875,True,Term-free primary specification,Retrospective conditional validation using realized macro paths.
layer2,163,True,all three numerical criteria satisfied,8,1.1407288531057803e-06,8.07789647128132e-06,1.6880221664905546e-09,-185365.5626761853,3372632.651731866,888703,107,10.84239824989345,888703.0000000002,0.0019217469417057,4.301752831975967,12.044920500018634,2.7363739013671875,True,Term-free primary specification,Retrospective conditional validation using realized macro paths.
layer2,164,True,all three numerical criteria satisfied,6,1.7654690818795505e-08,2.506759204656817e-07,2.3283064365386963e-10,-180016.7497369112,241261.2391772077,888703,107,7.930479666916653,888703.0000000001,0.0242174341006551,3.3739334086539157,9.131961958948525,2.7363739013671875,True,Term-free primary specification,Retrospective conditional validation using realized macro paths.
layer2,165,True,all three numerical criteria satisfied,6,2.751166488113715e-08,1.1487190230141664e-06,3.4924596548080444e-10,-185535.63542978524,880265.4666592962,888703,107,7.921750999987125,888702.9999999999,0.0054511732730804,5.865671385864775,9.12108495796565,2.7363739013671875,True,Term-free primary specification,Retrospective conditional validation using realized macro paths.
layer2,166,True,all three numerical criteria satisfied,6,1.1109296789702721e-07,1.5514526761073455e-06,0.0,-182991.1738692679,230205.81346222645,888703,107,7.939951832988299,888702.9999999998,0.0258555518103868,3.1232808148146223,9.162395833060144,2.7363739013671875,True,Term-free primary specification,Retrospective conditional validation using realized macro paths.
layer2,167,True,all three numerical criteria satisfied,5,1.3584103269250705e-07,1.5012060152752582e-06,7.858034223318101e-10,-188939.1559382409,2356953.3443143335,888703,107,6.522328249993734,888703.0,0.013140939327155,2.5867590768266955,7.766104207956232,2.7363739013671875,True,Term-free primary specification,Retrospective conditional validation using realized macro paths.
layer2,168,True,all three numerical criteria satisfied,7,6.669081144168156e-07,3.662114347990908e-06,2.6193447411060333e-10,-189022.81277343855,355669.10669645213,888703,107,9.65322879201267,888703.0,0.0072240759004076,4.326055527488839,10.852163500036111,2.7363739013671875,True,Term-free primary specification,Retrospective conditional validation using realized macro paths.
layer2,169,True,all three numerical criteria satisfied,7,3.284149856508378e-07,5.412908190005616e-06,3.201421350240707e-10,-169778.99386133315,331648.35713196284,888703,107,9.59629933303222,888703.0,0.0032624773923244,3.376354133209942,10.793207917013206,2.7363739013671875,True,Term-free primary specification,Retrospective conditional validation using realized macro paths.
layer2,170,True,all three numerical criteria satisfied,6,1.4370101891883054e-07,2.409878328890614e-06,1.4551915228366852e-10,-177473.83395135365,477831.82831564813,888703,107,7.9050071249948815,888703.0000000001,0.0281370346189077,3.801509979655772,9.109743249951862,2.7363739013671875,True,Term-free primary specification,Retrospective conditional validation using realized macro paths.
layer2,171,True,all three numerical criteria satisfied,6,9.514384217325473e-08,2.8678594874431695e-06,1.7462298274040222e-10,-183500.9708183124,12602362.718649568,888703,107,8.069101499975659,888703.0000000001,0.0271378361609439,3.295701968141187,9.263016458018685,2.7363739013671875,True,Term-free primary specification,Retrospective conditional validation using realized macro paths.
layer2,172,True,all three numerical criteria satisfied,7,1.6486657413705255e-08,5.918415073580263e-07,2.037268131971359e-10,-186162.8958609695,560125.9585028825,888703,107,9.388962790952064,888703.0000000001,0.0253547874963183,3.3481194457739423,10.590670083998702,2.7363739013671875,True,Term-free primary specification,Retrospective conditional validation using realized macro paths.
layer2,173,True,all three numerical criteria satisfied,6,1.4525425455053598e-07,3.2858980594241416e-06,7.566995918750762e-10,-188661.94801068297,903974.8875236324,888703,107,8.1537790420698,888703.0000000002,0.0104752540200735,3.325227350719061,9.376486207940616,2.7363739013671875,True,Term-free primary specification,Retrospective conditional validation using realized macro paths.
layer2,174,True,all three numerical criteria satisfied,6,1.0084301333490013e-07,3.805620381047703e-06,2.9103830456733704e-10,-183795.43537286387,357028.01557078096,888703,107,7.9957043339964,888702.9999999999,0.0209939490425942,3.7468079133698526,9.194889791077005,2.7363739013671875,True,Term-free primary specification,Retrospective conditional validation using realized macro paths.
layer2,175,True,all three numerical criteria satisfied,6,1.0912768748809393e-07,7.347392798617847e-06,2.037268131971359e-10,-175440.1669412271,526799.5167210606,888703,107,7.973212791024707,888702.9999999998,0.0084860047195824,4.334733543558475,9.1755720829824,2.7363739013671875,True,Term-free primary specification,Retrospective conditional validation using realized macro paths.
layer2,176,True,all three numerical criteria satisfied,5,3.6871031436773633e-07,7.028275130105399e-06,2.9103830456733704e-11,-179054.39034363852,575946.2131132648,888703,107,6.638982583070174,888703.0,0.0103035397201574,4.518214003173106,7.842979250010103,2.7363739013671875,True,Term-free primary specification,Retrospective conditional validation using realized macro paths.
layer2,177,True,all three numerical criteria satisfied,6,5.5431530244340185e-08,1.8549548899127188e-06,9.022187441587447e-10,-182152.03456616917,918868.6364370276,888703,107,7.969280209043063,888703.0000000002,0.0229251442433069,5.502924683658466,9.173321291920727,2.7363739013671875,True,Term-free primary specification,Retrospective conditional validation using realized macro paths.
layer2,178,True,all three numerical criteria satisfied,6,1.2135143079183484e-07,5.0308845764845955e-06,7.275957614183425e-10,-183477.7156256093,427884.1825528149,888703,107,8.194848999963142,888702.9999999999,0.00745233583564,4.317730151974508,9.40596454194747,2.7363739013671875,True,Term-free primary specification,Retrospective conditional validation using realized macro paths.
layer2,179,True,all three numerical criteria satisfied,7,3.955258594139139e-09,2.115313240125261e-07,3.4924596548080444e-10,-184209.1325946191,501561.2761182646,888703,107,9.4670196659863,888703.0,0.003170336398249,5.1619151108272545,10.674731583916582,2.7363739013671875,True,Term-free primary specification,Retrospective conditional validation using realized macro paths.
layer2,180,True,all three numerical criteria satisfied,9,2.562263028416112e-07,2.804107630094421e-06,9.89530235528946e-10,-181617.1703149719,1309907.4763616945,888703,107,12.42374770808965,888703.0000000001,0.0012803225057467,4.551923711373941,13.756910916999914,2.7363739013671875,True,Term-free primary specification,Retrospective conditional validation using realized macro paths.
layer2,181,True,all three numerical criteria satisfied,5,3.440727721707737e-07,5.500882943820784e-06,8.73114913702011e-10,-184313.78113805337,272544.52047345025,888703,107,6.654117416939698,888702.9999999999,0.0141441222136996,3.948975675804935,7.90642112493515,2.7363739013671875,True,Term-free primary specification,Retrospective conditional validation using realized macro paths.
layer2,182,True,all three numerical criteria satisfied,6,1.491636805774776e-07,5.933002592772851e-06,8.73114913702011e-10,-179297.96607689653,782997.7628193418,888703,107,8.015836332924664,888702.9999999999,0.0164237223133127,2.9438959802328832,9.22786820901092,2.7363739013671875,True,Term-free primary specification,Retrospective conditional validation using realized macro paths.
layer2,183,True,all three numerical criteria satisfied,6,1.4517873735276021e-08,6.362691098438233e-07,6.111804395914078e-10,-183441.2211670692,3416352.891143697,888703,107,8.046595542109571,888703.0,0.0320149076018723,3.5581962630391257,9.26710641698446,2.7363739013671875,True,Term-free primary specification,Retrospective conditional validation using realized macro paths.
layer2,184,True,all three numerical criteria satisfied,9,1.1644614862033735e-06,8.495325523494301e-06,5.820766091346741e-10,-182007.4842956954,681571.6365986733,888703,107,12.514293542015366,888703.0,0.0010161564529395,5.197652810653577,13.783286167075858,2.7363739013671875,True,Term-free primary specification,Retrospective conditional validation using realized macro paths.
layer2,185,True,all three numerical criteria satisfied,5,5.6334258806547766e-08,8.297429789916322e-07,6.402842700481415e-10,-175402.99531685546,848880.2973081515,888703,107,6.713061125017703,888703.0000000001,0.0461470578391701,4.893628019302409,7.936734999995679,2.7363739013671875,True,Term-free primary specification,Retrospective conditional validation using realized macro paths.
layer2,186,True,all three numerical criteria satisfied,8,4.779451875896986e-07,2.9301036295059646e-06,6.984919309616089e-10,-192499.96971904516,414235.62983075087,888703,107,10.97208270803094,888703.0,0.0006999731398465,4.278816456938234,12.177974416990764,2.7363739013671875,True,Term-free primary specification,Retrospective conditional validation using realized macro paths.
layer2,187,True,all three numerical criteria satisfied,5,3.816866698205757e-07,1.9129971216003128e-06,1.5133991837501524e-09,-177176.2682521669,382917.70600612304,888703,107,6.58655654208269,888703.0,0.0269007427808669,6.103825633964266,7.7957401250023395,2.7363739013671875,True,Term-free primary specification,Retrospective conditional validation using realized macro paths.
layer2,188,True,all three numerical criteria satisfied,9,4.192129438217914e-07,2.80017954445988e-06,2.9103830456733704e-10,-184518.2822094871,673725.0578079689,888703,107,12.386969374958426,888703.0000000001,0.0008813130598338,3.1196424696201195,13.594565292005427,2.7363739013671875,True,Term-free primary specification,Retrospective conditional validation using realized macro paths.
layer2,189,True,all three numerical criteria satisfied,6,1.7635170703638207e-08,5.142598022978007e-07,7.275957614183425e-10,-178182.92416274862,451746.02646293,888703,107,8.025074916891754,888703.0000000001,0.0284320828963338,3.409672241719177,9.362643041997217,2.7363739013671875,True,Term-free primary specification,Retrospective conditional validation using realized macro paths.
layer2,190,True,all three numerical criteria satisfied,5,2.937135171099377e-07,4.655170829495625e-06,2.9103830456733704e-10,-189524.42304889456,368508.41593181825,888703,107,6.544541999930516,888703.0,0.0216125498793978,3.683309528058522,7.766275292029604,2.7363739013671875,True,Term-free primary specification,Retrospective conditional validation using realized macro paths.
layer2,191,True,all three numerical criteria satisfied,5,1.1275315704750823e-06,7.028433934075373e-06,5.820766091346741e-10,-184885.3584832745,855764.0182678094,888703,107,6.539216332952492,888703.0,0.0030782280007528,3.711673057730605,7.752146415994503,2.7363739013671875,True,Term-free primary specification,Retrospective conditional validation using realized macro paths.
layer2,192,True,all three numerical criteria satisfied,7,5.243650316209227e-07,4.855737311508512e-06,1.0477378964424131e-09,-183937.13655874875,168340.04432569342,888703,107,9.462390208034776,888703.0,0.0219424071808607,4.809267752785757,10.674715083092453,2.7363739013671875,True,Term-free primary specification,Retrospective conditional validation using realized macro paths.
layer2,193,True,all three numerical criteria satisfied,8,1.1759174589620613e-07,1.913781809248505e-06,5.238689482212067e-10,-186398.54190593117,17140931.617999323,888703,107,10.933893708046526,888703.0000000001,0.0059486921746151,5.898349297819935,12.14371391700115,2.7363739013671875,True,Term-free primary specification,Retrospective conditional validation using realized macro paths.
layer2,194,True,all three numerical criteria satisfied,7,1.4998660924355314e-07,1.679206858007376e-06,5.820766091346741e-11,-178305.50681690796,138470.0305518051,888703,107,9.577814999967812,888703.0,0.0375062887207906,6.496347706035844,10.799177874927407,2.7363739013671875,True,Term-free primary specification,Retrospective conditional validation using realized macro paths.
layer2,195,True,all three numerical criteria satisfied,6,1.1183353045365478e-07,3.3312039897648305e-06,1.1932570487260816e-09,-179338.44557103116,701171.5363636828,888703,107,7.970216542016715,888703.0,0.0168779154144355,2.8508007483113667,9.178389667067677,2.7363739013671875,True,Term-free primary specification,Retrospective conditional validation using realized macro paths.
layer2,196,True,all three numerical criteria satisfied,5,6.260965448574706e-07,5.248791504208761e-06,5.820766091346741e-10,-183834.16431844,519280.38740576926,888703,107,6.547098583076149,888703.0,0.0151272601472457,3.929402766683291,7.769543166970834,2.7363739013671875,True,Term-free primary specification,Retrospective conditional validation using realized macro paths.
layer2,197,True,all three numerical criteria satisfied,6,2.5234792113119408e-08,6.78775257556552e-07,3.7834979593753815e-10,-183016.66999282176,308362.3162617513,888703,107,7.955131500028074,888703.0,0.0251887336007333,3.742275449925992,9.16026520798914,2.7363739013671875,True,Term-free primary specification,Retrospective conditional validation using realized macro paths.
layer2,198,True,all three numerical criteria satisfied,7,1.8582803578184389e-06,6.9313868560350045e-06,6.111804395914078e-10,-185813.4647069567,537293.9210729456,888703,107,9.455714749987235,888703.0,0.0021189329470485,5.107691774026443,10.66270616708789,2.7363739013671875,True,Term-free primary specification,Retrospective conditional validation using realized macro paths.
layer2,199,True,all three numerical criteria satisfied,5,2.175547771223247e-07,4.426341932095568e-06,6.111804395914078e-10,-178411.12286852588,222532.91753548017,888703,107,6.6726456669857726,888703.0,0.0160006998858496,3.617232139546292,7.88218312500976,2.7363739013671875,True,Term-free primary specification,Retrospective conditional validation using realized macro paths.
layer2_term,1,True,all three numerical criteria satisfied,6,1.0809956526486845e-07,2.9224419297868565e-06,6.402842700481415e-10,-176176.1222439793,2841476.0650278325,888703,108,7.470856916974299,888703.0,0.0255912964305113,3.1891098634942128,8.46121779200621,2.7701263427734375,True,With-Term sensitivity; reported-term timing unverified,Retrospective conditional validation using realized macro paths.
layer2_term,2,True,all three numerical criteria satisfied,6,8.481424124390536e-07,6.330438593993293e-06,1.7462298274040222e-10,-176174.35610610596,7528990.95324033,888703,108,7.462207249947824,888702.9999999999,0.022491892583479,3.7877220788711714,8.45206199993845,2.7701263427734375,True,With-Term sensitivity; reported-term timing unverified,Retrospective conditional validation using realized macro paths.
layer2_term,3,True,all three numerical criteria satisfied,9,2.6395086984138573e-07,1.9259977819263696e-06,3.4924596548080444e-10,-157332.2517742588,300240.4943041249,888703,108,11.492054250091314,888703.0,0.0020298463658355,6.45209408553951,12.48033741605468,2.7701263427734375,True,With-Term sensitivity; reported-term timing unverified,Retrospective conditional validation using realized macro paths.
layer2_term,4,True,all three numerical criteria satisfied,5,4.9037161305893825e-08,1.2063094001479868e-06,3.201421350240707e-10,-178267.26619032066,525067.5639664083,888703,108,6.118420041981153,888703.0,0.0236279970881875,3.352495774690242,7.1059876249637455,2.7701263427734375,True,With-Term sensitivity; reported-term timing unverified,Retrospective conditional validation using realized macro paths.
layer2_term,5,True,all three numerical criteria satisfied,7,9.139323588224977e-08,7.541088362650328e-07,1.1641532182693479e-10,-177861.09020426893,382877.3891179292,888703,108,8.803747916943394,888703.0,0.0038049355119007,4.754614847878853,9.79018862498924,2.7701263427734375,True,With-Term sensitivity; reported-term timing unverified,Retrospective conditional validation using realized macro paths.
layer2_term,6,True,all three numerical criteria satisfied,7,7.225787755670575e-07,5.141160016819413e-06,4.656612873077393e-10,-176292.91121128396,108962.1537343534,888703,108,10.292542832903564,888703.0,0.0877924779300857,4.611649192169792,11.508641207939943,2.7701263427734375,True,With-Term sensitivity; reported-term timing unverified,Retrospective conditional validation using realized macro paths.
layer2_term,7,True,all three numerical criteria satisfied,6,2.3428874425518957e-07,7.275255592187335e-06,3.201421350240707e-10,-169769.37593288458,360088.9385684267,888703,108,8.746486166026443,888702.9999999999,0.0232272759834576,5.975470766355622,9.967373915947974,2.7701263427734375,True,With-Term sensitivity; reported-term timing unverified,Retrospective conditional validation using realized macro paths.
layer2_term,8,True,all three numerical criteria satisfied,6,2.0684614465655108e-08,3.413603668622756e-07,1.1932570487260816e-09,-182478.2313977086,973427.9767796329,888703,108,8.748617792036384,888703.0,0.0346499985143249,3.5575231835031085,9.969067916972564,2.7701263427734375,True,With-Term sensitivity; reported-term timing unverified,Retrospective conditional validation using realized macro paths.
layer2_term,9,True,all three numerical criteria satisfied,6,6.45288037307988e-08,1.3926240711725768e-06,1.280568540096283e-09,-181893.75848096775,273217.0619033922,888703,108,8.91453874995932,888702.9999999999,0.0230305464654023,2.891492572274013,10.131067749927752,2.7701263427734375,True,With-Term sensitivity; reported-term timing unverified,Retrospective conditional validation using realized macro paths.
layer2_term,10,True,all three numerical criteria satisfied,6,3.8726050985685995e-08,1.4737988967006288e-06,4.94765117764473e-10,-176806.34109055,483880.9215044196,888703,108,8.801633167080581,888703.0000000001,0.0220904574191982,3.919303311240676,10.022701082983986,2.7701263427734375,True,With-Term sensitivity; reported-term timing unverified,Retrospective conditional validation using realized macro paths.
layer2_term,11,True,all three numerical criteria satisfied,6,1.484830063768606e-07,3.720528355621866e-06,1.7462298274040222e-10,-180967.8026917624,420881.44624843233,888703,108,8.805259208893403,888703.0,0.0212667188314366,8.82433058002044,10.03734862501733,2.7701263427734375,True,With-Term sensitivity; reported-term timing unverified,Retrospective conditional validation using realized macro paths.
layer2_term,12,True,all three numerical criteria satisfied,8,8.583359065192303e-08,5.558105294067861e-07,6.111804395914078e-10,-180554.31603201857,720391.1324628581,888703,108,11.976372957928106,888703.0,0.0085766868891075,6.105370706759464,13.204973333049566,2.7701263427734375,True,With-Term sensitivity; reported-term timing unverified,Retrospective conditional validation using realized macro paths.
layer2_term,13,True,all three numerical criteria satisfied,6,1.2922006280023456e-07,3.439686315331869e-06,6.984919309616089e-10,-179648.46099821728,1648184.1736088898,888703,108,8.76735283411108,888703.0,0.0173448075464601,4.013849075460037,10.110379040939732,2.7701263427734375,True,With-Term sensitivity; reported-term timing unverified,Retrospective conditional validation using realized macro paths.
layer2_term,14,True,all three numerical criteria satisfied,6,6.718448690275193e-08,3.3159272403437967e-06,4.074536263942718e-10,-174980.95838275028,648877.5871716886,888703,108,8.77083945798222,888703.0,0.0028175765548729,6.1064711059912575,10.025051416945644,2.7701263427734375,True,With-Term sensitivity; reported-term timing unverified,Retrospective conditional validation using realized macro paths.
layer2_term,15,True,all three numerical criteria satisfied,6,4.7817737495520975e-08,1.7744325164770205e-06,1.7462298274040222e-10,-175806.68194042277,323708.6691811993,888703,108,8.81162133300677,888703.0,0.0162991238525442,4.1431377581006075,10.041206166963091,2.7701263427734375,True,With-Term sensitivity; reported-term timing unverified,Retrospective conditional validation using realized macro paths.
layer2_term,16,True,all three numerical criteria satisfied,7,1.3685828043064066e-07,1.6758331733424114e-06,4.074536263942718e-10,-178324.2283686191,348915.63808430725,888703,108,10.478113459073938,888702.9999999998,0.00374381726009,3.311289064875493,11.712016709032468,2.7701263427734375,True,With-Term sensitivity; reported-term timing unverified,Retrospective conditional validation using realized macro paths.
layer2_term,17,True,all three numerical criteria satisfied,7,2.0810705345912842e-07,1.6340551689530969e-06,3.7834979593753815e-10,-177116.8966176616,825192.4895487841,888703,108,10.392118375049904,888702.9999999998,0.0009703428566543,3.853492030671344,11.637423833017236,2.7701263427734375,True,With-Term sensitivity; reported-term timing unverified,Retrospective conditional validation using realized macro paths.
layer2_term,18,True,all three numerical criteria satisfied,6,2.062536440606701e-07,5.690260775015332e-06,6.693881005048752e-10,-165397.52871231918,318536.65704442293,888703,108,8.913151958025992,888703.0000000001,0.0232503350347506,4.3123151447033345,10.13984012498986,2.7701263427734375,True,With-Term sensitivity; reported-term timing unverified,Retrospective conditional validation using realized macro paths.
layer2_term,19,True,all three numerical criteria satisfied,7,7.351586107814662e-09,5.425492588528869e-07,3.7834979593753815e-10,-169377.21379724436,786311.613309629,888703,108,10.41520083299838,888703.0000000001,0.0130391255613709,5.7533641150957555,11.657229249947704,2.7701263427734375,True,With-Term sensitivity; reported-term timing unverified,Retrospective conditional validation using realized macro paths.
layer2_term,20,True,all three numerical criteria satisfied,6,1.396581520422629e-07,7.596505488649541e-06,3.201421350240707e-10,-172003.37114495182,452598.0008511173,888703,108,8.866564833908342,888703.0000000001,0.06123845843915,4.783408438945315,10.094888792023994,2.7701263427734375,True,With-Term sensitivity; reported-term timing unverified,Retrospective conditional validation using realized macro paths.
layer2_term,21,True,all three numerical criteria satisfied,6,1.1580834662962933e-07,5.418022352987606e-06,2.037268131971359e-10,-172744.42223518886,379369.44591470185,888703,108,8.815456458018161,888703.0,0.0562356793870129,4.350275288334712,10.0406347499229,2.7701263427734375,True,With-Term sensitivity; reported-term timing unverified,Retrospective conditional validation using realized macro paths.
layer2_term,22,True,all three numerical criteria satisfied,6,1.6741934685327612e-08,3.531880712337454e-07,8.731149137020111e-11,-176372.52289143132,236815.7090689152,888703,108,8.925163749954663,888703.0,0.0290267380601609,4.898116997990359,10.153708291938528,2.7701263427734375,True,With-Term sensitivity; reported-term timing unverified,Retrospective conditional validation using realized macro paths.
layer2_term,23,True,all three numerical criteria satisfied,6,1.0143306194976276e-09,1.3333966375483897e-08,1.7462298274040222e-10,-173284.98719536615,4133752.066512219,888703,108,8.791953540989198,888703.0,0.0322968720972172,6.038220814473942,10.02438079204876,2.7701263427734375,True,With-Term sensitivity; reported-term timing unverified,Retrospective conditional validation using realized macro paths.
layer2_term,24,True,all three numerical criteria satisfied,6,3.013313950279327e-07,3.352913956033987e-06,0.0,-175434.87641860027,447506.7701960392,888703,108,8.809823999996297,888703.0,0.0637971635286604,3.705730542652923,10.038642208091916,2.7701263427734375,True,With-Term sensitivity; reported-term timing unverified,Retrospective conditional validation using realized macro paths.
layer2_term,25,True,all three numerical criteria satisfied,6,3.45275185081725e-07,4.9957695611446695e-06,1.0477378964424131e-09,-173625.87906264787,271448.7553231227,888703,108,8.808084124932066,888703.0,0.0164759862738707,3.841609277612688,10.03444070799742,2.7701263427734375,True,With-Term sensitivity; reported-term timing unverified,Retrospective conditional validation using realized macro paths.
layer2_term,26,True,all three numerical criteria satisfied,6,2.8422200838230974e-08,5.637740163599858e-07,9.022187441587447e-10,-177267.21220389835,120893.74050254462,888703,108,8.780168082914315,888703.0000000001,0.0193852490522728,5.158925498433544,10.006586957955731,2.7701263427734375,True,With-Term sensitivity; reported-term timing unverified,Retrospective conditional validation using realized macro paths.
layer2_term,27,True,all three numerical criteria satisfied,6,2.632675967491027e-07,7.109758181744752e-06,1.164153218269348e-09,-183723.55113971693,447205.36125471734,888703,108,8.915055125020444,888703.0,0.0204685608022255,4.909138160874508,10.155467540957034,2.7701263427734375,True,With-Term sensitivity; reported-term timing unverified,Retrospective conditional validation using realized macro paths.
layer2_term,28,True,all three numerical criteria satisfied,6,2.322847444302712e-07,9.058590844546188e-06,5.820766091346741e-10,-168314.09598292885,356359.00731798296,888703,108,8.796239999937825,888702.9999999999,0.0104024499447088,4.653696064068932,10.021228041965514,2.7701263427734375,True,With-Term sensitivity; reported-term timing unverified,Retrospective conditional validation using realized macro paths.
layer2_term,29,True,all three numerical criteria satisfied,5,9.589183594912713e-08,1.5735264273786242e-06,2.9103830456733704e-11,-175496.78782448903,295525.27169956476,888703,108,7.156687583075836,888703.0,0.0200202853449038,5.054656274232979,8.377486874931492,2.7701263427734375,True,With-Term sensitivity; reported-term timing unverified,Retrospective conditional validation using realized macro paths.
layer2_term,30,True,all three numerical criteria satisfied,7,1.3828277458330774e-08,4.752513733663477e-07,1.1641532182693479e-10,-177689.12772536365,484096.3817177814,888703,108,10.453066500020212,888703.0,0.0427973723352767,4.133541046612516,11.680541625013577,2.7701263427734375,True,With-Term sensitivity; reported-term timing unverified,Retrospective conditional validation using realized macro paths.
layer2_term,31,True,all three numerical criteria satisfied,5,9.481861218399232e-07,6.585099571854158e-06,6.111804395914078e-10,-173423.60288493172,635581.1325241942,888703,108,7.464689749991521,888703.0,0.028494212807836,4.000840361633909,8.687319167074747,2.7701263427734375,True,With-Term sensitivity; reported-term timing unverified,Retrospective conditional validation using realized macro paths.
layer2_term,32,False,iteration limit,100,4.7403508167231934e-05,0.0005021530727091,7.130438461899757e-09,-184060.3467917152,3283369.198409734,888703,108,185.68250316602644,888703.0,2.671933141012403e-05,3.826812180785324,185.8550578749273,2.7701263427734375,True,With-Term sensitivity; reported-term timing unverified,Retrospective conditional validation using realized macro paths.
layer2_term,33,True,all three numerical criteria satisfied,6,4.597798194416684e-08,8.435486793523239e-07,2.6193447411060333e-10,-188021.9609688077,727031.9667148662,888703,108,8.817303832969628,888703.0000000001,0.040875980516176,6.150340071345556,10.080124749918468,2.7701263427734375,True,With-Term sensitivity; reported-term timing unverified,Retrospective conditional validation using realized macro paths.
layer2_term,34,True,all three numerical criteria satisfied,5,2.1214035217625874e-07,2.0022192295243713e-06,6.984919309616089e-10,-171827.0696808046,228697.20967764955,888703,108,7.139312708051875,888703.0000000001,0.1547970530232914,4.590094745119928,8.393774916999973,2.7701263427734375,True,With-Term sensitivity; reported-term timing unverified,Retrospective conditional validation using realized macro paths.
layer2_term,35,True,all three numerical criteria satisfied,6,1.8521585116812394e-07,6.000992197385813e-06,5.820766091346741e-11,-174799.38553281542,518152.678451421,888703,108,8.79076524998527,888703.0000000001,0.0173031654038404,5.766918898843453,10.01513437507674,2.7701263427734375,True,With-Term sensitivity; reported-term timing unverified,Retrospective conditional validation using realized macro paths.
layer2_term,36,True,all three numerical criteria satisfied,10,5.285995690051948e-07,4.739468395520419e-06,8.731149137020111e-11,-183212.42701834813,4194198.880063851,888703,108,15.244619416072965,888703.0,0.0019584810858192,3.9544602803156783,16.46826137509197,2.7701263427734375,True,With-Term sensitivity; reported-term timing unverified,Retrospective conditional validation using realized macro paths.
layer2_term,37,True,all three numerical criteria satisfied,7,8.23898372451787e-08,7.131941530680308e-07,1.251464709639549e-09,-172963.88519909268,315952.00007215026,888703,108,10.417979457997715,888702.9999999999,0.0025234457213548,3.725870721992768,11.70712520799134,2.7701263427734375,True,With-Term sensitivity; reported-term timing unverified,Retrospective conditional validation using realized macro paths.
layer2_term,38,True,all three numerical criteria satisfied,6,1.964476323065484e-07,6.6785552119696945e-06,1.164153218269348e-09,-183196.62760441808,506160.0790768789,888703,108,8.742179790977389,888702.9999999999,0.0221780714671427,2.9976000453304827,9.981227333075369,2.7701263427734375,True,With-Term sensitivity; reported-term timing unverified,Retrospective conditional validation using realized macro paths.
layer2_term,39,True,all three numerical criteria satisfied,5,1.9417040886260398e-07,3.1238034943203985e-06,5.820766091346741e-10,-176636.14376737573,224999.14628258845,888703,108,7.156872417079285,888703.0,0.0185047888100038,2.824919881258972,8.382026874925941,2.7701263427734375,True,With-Term sensitivity; reported-term timing unverified,Retrospective conditional validation using realized macro paths.
layer2_term,40,True,all three numerical criteria satisfied,6,2.809718071007387e-07,3.614989960709636e-06,3.7834979593753815e-10,-171734.42461756626,586814.4417261675,888703,108,8.798861999996006,888703.0,0.0030345536648835,3.7873998358572663,10.201266707968898,2.7701263427734375,True,With-Term sensitivity; reported-term timing unverified,Retrospective conditional validation using realized macro paths.
layer2_term,41,True,all three numerical criteria satisfied,6,6.797519285062334e-08,9.057365678577512e-07,9.60426405072212e-10,-169764.1648897154,333528.34015598317,888703,108,8.74154404096771,888703.0,0.0031706513051884,6.378095970045363,9.972250790917316,2.7701263427734375,True,With-Term sensitivity; reported-term timing unverified,Retrospective conditional validation using realized macro paths.
layer2_term,42,False,iteration limit,100,2.2438553330377327e-05,0.0001057363187975,4.074536263942718e-10,-180663.52262553616,2271866.073204494,888703,108,163.8801364590181,888702.9999999999,5.187298326835802e-05,5.41225813616209,164.05333870800678,2.7701263427734375,True,With-Term sensitivity; reported-term timing unverified,Retrospective conditional validation using realized macro paths.
layer2_term,43,True,all three numerical criteria satisfied,6,8.523808869976969e-07,7.089015233718854e-06,2.9103830456733704e-11,-186964.19273937785,947677.2741639268,888703,108,8.890156583976932,888702.9999999999,0.0197522588223817,2.548970337746632,10.148675541975535,2.7701263427734375,True,With-Term sensitivity; reported-term timing unverified,Retrospective conditional validation using realized macro paths.
layer2_term,44,True,all three numerical criteria satisfied,7,1.3119914489322082e-06,9.881900742580996e-06,5.820766091346741e-11,-184809.1100286618,4346741.52844605,888703,108,10.285675500053912,888703.0,0.000479501732171,4.762597016802985,11.501898124930449,2.7701263427734375,True,With-Term sensitivity; reported-term timing unverified,Retrospective conditional validation using realized macro paths.
layer2_term,45,True,all three numerical criteria satisfied,6,1.6046642940379977e-07,6.209390231326495e-06,9.89530235528946e-10,-177308.12084952978,382928.3973431377,888703,108,8.737983583007008,888703.0,0.0068451297606912,5.281981144954133,9.954896750045007,2.7701263427734375,True,With-Term sensitivity; reported-term timing unverified,Retrospective conditional validation using realized macro paths.
layer2_term,46,True,all three numerical criteria satisfied,6,2.4012850715285573e-07,2.9828516205920863e-06,8.149072527885436e-10,-175552.53224244193,557060.5234733794,888703,108,8.903165417024866,888703.0,0.0522069847741842,2.746152578537486,10.118035790976135,2.7701263427734375,True,With-Term sensitivity; reported-term timing unverified,Retrospective conditional validation using realized macro paths.
layer2_term,47,True,all three numerical criteria satisfied,5,3.110823310321645e-07,3.2989018936557812e-06,6.111804395914078e-10,-172636.15291426043,255425.081700011,888703,108,7.141454166965559,888703.0,0.0115604522562769,4.537865927935141,8.357317041954957,2.7701263427734375,True,With-Term sensitivity; reported-term timing unverified,Retrospective conditional validation using realized macro paths.
layer2_term,48,True,all three numerical criteria satisfied,7,8.253468128391702e-08,8.204514999610169e-07,8.731149137020111e-11,-185070.97695842377,142128.88864802272,888703,108,10.47597929101903,888703.0,0.0134604863364911,4.036496709539327,11.696224624989554,2.7701263427734375,True,With-Term sensitivity; reported-term timing unverified,Retrospective conditional validation using realized macro paths.
layer2_term,49,True,all three numerical criteria satisfied,6,8.08746294379008e-08,8.949182652706611e-07,5.820766091346741e-11,-182758.8909612487,733115.4904378767,888703,108,8.720492499996908,888703.0000000001,0.0593979422331642,7.1231107814103165,9.941927167004906,2.7701263427734375,True,With-Term sensitivity; reported-term timing unverified,Retrospective conditional validation using realized macro paths.
layer2_term,50,True,all three numerical criteria satisfied,5,1.6765210426251457e-07,2.0459234022496275e-06,6.984919309616089e-10,-179382.98221116286,919865.4130702371,888703,108,7.150512624997646,888703.0,0.0081399967078582,4.198421647958856,8.408134291996248,2.7701263427734375,True,With-Term sensitivity; reported-term timing unverified,Retrospective conditional validation using realized macro paths.
layer2_term,51,True,all three numerical criteria satisfied,6,3.664159680416917e-08,3.494643898704908e-07,6.984919309616089e-10,-182271.88337389764,547919.6558313608,888703,108,8.787176790996455,888703.0,0.002307849387545,5.4034045305716605,10.00451100000646,2.7701263427734375,True,With-Term sensitivity; reported-term timing unverified,Retrospective conditional validation using realized macro paths.
layer2_term,52,True,all three numerical criteria satisfied,6,1.3115465634013327e-08,2.18486129188733e-07,1.4551915228366852e-10,-180754.23912693356,687751.10673569,888703,108,8.936928541050293,888703.0000000001,0.0245021277259365,6.094883547789354,10.173439375008456,2.7701263427734375,True,With-Term sensitivity; reported-term timing unverified,Retrospective conditional validation using realized macro paths.
layer2_term,53,True,all three numerical criteria satisfied,6,3.9019516601532696e-08,1.2505838391518864e-06,4.365574568510055e-10,-177969.1389330433,1854333.237117599,888703,108,8.785605957964435,888703.0,0.0315353097140118,6.15447488794414,10.00656766607426,2.7701263427734375,True,With-Term sensitivity; reported-term timing unverified,Retrospective conditional validation using realized macro paths.
layer2_term,54,True,all three numerical criteria satisfied,6,8.298694264955148e-08,3.854661963842432e-06,1.4551915228366852e-10,-175352.5361792991,364434.76639130776,888703,108,8.780645082937554,888703.0,0.0088121303120892,6.889461065447542,10.025664207991213,2.7701263427734375,True,With-Term sensitivity; reported-term timing unverified,Retrospective conditional validation using realized macro paths.
layer2_term,55,True,all three numerical criteria satisfied,8,3.061103059471193e-07,2.957468326569846e-06,1.076841726899147e-09,-174122.94535042453,5162857.8696715105,888703,108,11.953495499910789,888703.0,0.0028353195488317,4.55527890925418,13.176133541041054,2.7701263427734375,True,With-Term sensitivity; reported-term timing unverified,Retrospective conditional validation using realized macro paths.
layer2_term,56,True,all three numerical criteria satisfied,6,1.1761727449023606e-07,1.2088669856247236e-06,2.6193447411060333e-10,-180543.8212710993,426490.8344955749,888703,108,8.784846291993745,888702.9999999999,0.0351454425270131,4.652302788070034,10.014554291032256,2.7701263427734375,True,With-Term sensitivity; reported-term timing unverified,Retrospective conditional validation using realized macro paths.
layer2_term,57,True,all three numerical criteria satisfied,5,2.1818545741237834e-07,4.4640081016122934e-06,4.94765117764473e-10,-176056.71541896084,4847429.154011877,888703,108,7.297781499917619,888703.0,0.0379422529590586,2.9584412214231617,8.524614208028652,2.7701263427734375,True,With-Term sensitivity; reported-term timing unverified,Retrospective conditional validation using realized macro paths.
layer2_term,58,True,all three numerical criteria satisfied,6,1.752383837396459e-07,8.199375950646015e-06,2.037268131971359e-10,-173260.22943761674,1300943.3690629674,888703,108,8.817017666064203,888703.0,0.092734666010339,4.7035088435462225,10.046127457986586,2.7701263427734375,True,With-Term sensitivity; reported-term timing unverified,Retrospective conditional validation using realized macro paths.
layer2_term,59,True,all three numerical criteria satisfied,5,6.651394765705233e-07,8.66926759868214e-06,3.201421350240707e-10,-185256.20067035823,417606.0452302225,888703,108,7.190061207977124,888703.0,0.0334369810411836,5.681192912474982,8.415153708076105,2.7701263427734375,True,With-Term sensitivity; reported-term timing unverified,Retrospective conditional validation using realized macro paths.
layer2_term,60,True,all three numerical criteria satisfied,5,3.386995608531671e-07,6.227250001655804e-06,3.4924596548080444e-10,-182500.05113442935,1857360.0786956167,888703,108,7.166047207894735,888703.0,0.0408257569654563,3.8787669215894542,8.410583916003816,2.7701263427734375,True,With-Term sensitivity; reported-term timing unverified,Retrospective conditional validation using realized macro paths.
layer2_term,61,True,all three numerical criteria satisfied,6,1.1311957719547684e-07,5.5912548626579905e-06,9.89530235528946e-10,-176071.47267027816,702825.4387694579,888703,108,8.789386708987877,888703.0,0.0045925093605477,3.879179740986448,10.015612334012983,2.7701263427734375,True,With-Term sensitivity; reported-term timing unverified,Retrospective conditional validation using realized macro paths.
layer2_term,62,True,all three numerical criteria satisfied,7,9.66478172565726e-09,3.663289840361017e-07,5.820766091346741e-11,-178924.22754664507,3582586.466695205,888703,108,10.518602874944918,888702.9999999999,0.0281595840496906,4.98300669775842,11.747007332975045,2.7701263427734375,True,With-Term sensitivity; reported-term timing unverified,Retrospective conditional validation using realized macro paths.
layer2_term,63,True,all three numerical criteria satisfied,6,1.3751905728243406e-08,4.4540585353303186e-07,8.731149137020111e-11,-182718.4666006679,7546198.557776277,888703,108,8.779945457936265,888703.0,0.0197211978187364,4.971245772291472,10.00344741693698,2.7701263427734375,True,With-Term sensitivity; reported-term timing unverified,Retrospective conditional validation using realized macro paths.
layer2_term,64,True,all three numerical criteria satisfied,7,8.703860894473938e-07,5.583060171066023e-06,0.0,-172725.6888539042,493358.2131835608,888703,108,10.39681283396203,888703.0,0.000700392366435,6.067645620952144,11.620488625019789,2.7701263427734375,True,With-Term sensitivity; reported-term timing unverified,Retrospective conditional validation using realized macro paths.
layer2_term,65,True,all three numerical criteria satisfied,7,9.699276726225991e-09,5.083032394992415e-07,5.820766091346741e-10,-173829.1421529691,526917.4819145646,888703,108,10.599986415938474,888703.0,0.0391195797255609,6.3272929411735435,11.824038167018443,2.7701263427734375,True,With-Term sensitivity; reported-term timing unverified,Retrospective conditional validation using realized macro paths.
layer2_term,66,True,all three numerical criteria satisfied,5,2.2921895964820993e-07,2.7878456780872085e-06,2.3283064365386963e-10,-164583.34468993545,238124.67428449856,888703,108,7.324036582955159,888703.0,0.0251045107193874,4.070821087022079,8.545738499960862,2.7701263427734375,True,With-Term sensitivity; reported-term timing unverified,Retrospective conditional validation using realized macro paths.
layer2_term,67,True,all three numerical criteria satisfied,5,8.11941305300934e-08,6.34808694055522e-07,1.164153218269348e-09,-180272.38926089025,184485.83899141292,888703,108,7.1535577500471845,888703.0,0.0053429353341781,6.239273166525244,8.371558582992293,2.7701263427734375,True,With-Term sensitivity; reported-term timing unverified,Retrospective conditional validation using realized macro paths.
layer2_term,68,True,all three numerical criteria satisfied,7,1.4381600150426033e-08,4.4295116419235114e-07,6.693881005048752e-10,-176566.49128476324,546513.2153841904,888703,108,10.337819917011076,888702.9999999999,0.0432571901824387,3.7440043396272262,11.556655082968064,2.7701263427734375,True,With-Term sensitivity; reported-term timing unverified,Retrospective conditional validation using realized macro paths.
layer2_term,69,True,all three numerical criteria satisfied,5,1.207929560734002e-07,1.959564038145345e-06,5.529727786779404e-10,-173205.97789257808,2302837.2111642,888703,108,7.1549130419734865,888703.0000000001,0.014943410514381,6.533199212364526,8.374921584036201,2.7701263427734375,True,With-Term sensitivity; reported-term timing unverified,Retrospective conditional validation using realized macro paths.
layer2_term,70,True,all three numerical criteria satisfied,6,5.332639653691489e-08,1.20468901920745e-06,1.7462298274040222e-10,-186471.84813657455,1201399.6319021855,888703,108,8.733197666937485,888703.0,0.0043142984536517,3.406390006978063,10.039924292010255,2.7701263427734375,True,With-Term sensitivity; reported-term timing unverified,Retrospective conditional validation using realized macro paths.
layer2_term,71,True,all three numerical criteria satisfied,6,1.0170824576740157e-08,3.184684298496166e-07,9.022187441587447e-10,-175211.49592741844,326851.4634132334,888703,108,8.778543874970637,888703.0,0.0591801175072972,6.27802032654848,10.017152667045591,2.7701263427734375,True,With-Term sensitivity; reported-term timing unverified,Retrospective conditional validation using realized macro paths.
layer2_term,72,True,all three numerical criteria satisfied,6,1.867265083871689e-07,5.838222383314218e-06,4.656612873077393e-10,-172741.15419351897,336442.5170319499,888703,108,8.898143667029217,888703.0,0.0014315642310456,4.412670789824132,10.12538325006608,2.7701263427734375,True,With-Term sensitivity; reported-term timing unverified,Retrospective conditional validation using realized macro paths.
layer2_term,73,True,all three numerical criteria satisfied,7,3.053436477915658e-07,1.7959530227429354e-06,2.037268131971359e-10,-178500.37135626262,231296.7043149557,888703,108,10.293989459052682,888703.0000000001,0.0085275395435091,3.330601401841403,11.514262459008023,2.7701263427734375,True,With-Term sensitivity; reported-term timing unverified,Retrospective conditional validation using realized macro paths.
layer2_term,74,True,all three numerical criteria satisfied,7,2.5645266621647397e-07,1.573003333255052e-06,1.7462298274040222e-10,-185838.6302621388,107363.13638638638,888703,108,10.305907291010952,888703.0000000001,0.0095703441429333,5.860509146748072,11.525510292034596,2.7701263427734375,True,With-Term sensitivity; reported-term timing unverified,Retrospective conditional validation using realized macro paths.
layer2_term,75,True,all three numerical criteria satisfied,6,3.899867410006842e-07,4.299580198541264e-06,2.6193447411060333e-10,-173083.21416970753,7547220.2749705,888703,108,8.855115542071871,888703.0,0.0099659255569614,4.18127637541845,10.077503499924203,2.7701263427734375,True,With-Term sensitivity; reported-term timing unverified,Retrospective conditional validation using realized macro paths.
layer2_term,76,True,all three numerical criteria satisfied,5,3.598637695804076e-07,1.3923509951663249e-06,2.3283064365386963e-10,-174457.61034793642,170178.81420067052,888703,108,7.162772790994495,888702.9999999999,0.0404919873208118,4.4943807177400155,8.37474616698455,2.7701263427734375,True,With-Term sensitivity; reported-term timing unverified,Retrospective conditional validation using realized macro paths.
layer2_term,77,True,all three numerical criteria satisfied,5,4.3755208791039434e-07,8.27013320447989e-06,4.94765117764473e-10,-184467.74067218992,478573.7089685549,888703,108,7.138720124959946,888703.0,0.0300817154112731,2.5898768029974275,8.350052749970928,2.7701263427734375,True,With-Term sensitivity; reported-term timing unverified,Retrospective conditional validation using realized macro paths.
layer2_term,78,True,all three numerical criteria satisfied,5,3.248489296729059e-07,2.8771036286734386e-06,1.1641532182693479e-10,-180408.19982942147,726501.0825649868,888703,108,7.156565041979775,888703.0,0.0263152120475424,3.133819808950843,8.397912084008567,2.7701263427734375,True,With-Term sensitivity; reported-term timing unverified,Retrospective conditional validation using realized macro paths.
layer2_term,79,True,all three numerical criteria satisfied,6,7.3949601298462745e-09,2.4756726624275416e-07,1.164153218269348e-09,-173969.7830800624,232606.24752644295,888703,108,8.70944191608578,888703.0,0.0324258167914218,3.3463943763004704,9.922662916011175,2.7701263427734375,True,With-Term sensitivity; reported-term timing unverified,Retrospective conditional validation using realized macro paths.
layer2_term,80,True,all three numerical criteria satisfied,6,3.889070943874323e-08,5.384376078332309e-07,1.076841726899147e-09,-179989.7866350728,1494273.0349389764,888703,108,8.8494152079802,888703.0,0.030652585851742,3.6284437477661537,10.067585750017315,2.7701263427734375,True,With-Term sensitivity; reported-term timing unverified,Retrospective conditional validation using realized macro paths.
layer2_term,81,True,all three numerical criteria satisfied,16,7.594132876313368e-07,4.306553375910127e-06,2.037268131971359e-10,-175619.52529882244,806340.3131346762,888703,108,25.37162949994672,888703.0,0.0006849317215522,4.824650114055133,26.592660957947373,2.7701263427734375,True,With-Term sensitivity; reported-term timing unverified,Retrospective conditional validation using realized macro paths.
layer2_term,82,True,all three numerical criteria satisfied,6,7.561273016010509e-07,8.183514923709723e-06,1.0477378964424131e-09,-179182.58551787282,435131.155138152,888703,108,8.721356082940474,888703.0,0.0142088005086448,3.5725379716802843,9.94709462497849,2.7701263427734375,True,With-Term sensitivity; reported-term timing unverified,Retrospective conditional validation using realized macro paths.
layer2_term,83,True,all three numerical criteria satisfied,6,1.5526763005745368e-07,1.646800389942804e-06,8.73114913702011e-10,-180915.03015345425,1104576.1941228106,888703,108,8.891675624996424,888703.0,0.0053413387253527,3.4989463557314724,10.107708625029773,2.7701263427734375,True,With-Term sensitivity; reported-term timing unverified,Retrospective conditional validation using realized macro paths.
layer2_term,84,True,all three numerical criteria satisfied,6,6.195466186662099e-07,5.078659532031793e-06,1.1932570487260816e-09,-179875.7882900393,317021.1072801778,888703,108,8.713272042106837,888703.0000000001,0.015694586669838,3.096390840052718,9.943011166993529,2.7701263427734375,True,With-Term sensitivity; reported-term timing unverified,Retrospective conditional validation using realized macro paths.
layer2_term,85,True,all three numerical criteria satisfied,7,9.741013061847848e-09,3.156678816118586e-07,3.201421350240707e-10,-182698.20161630865,13124102.815375617,888703,108,10.304179750033654,888703.0,0.0097799736471651,8.38183462350918,11.521126416977497,2.7701263427734375,True,With-Term sensitivity; reported-term timing unverified,Retrospective conditional validation using realized macro paths.
layer2_term,86,True,all three numerical criteria satisfied,7,1.3535412795765008e-08,5.703739476281555e-07,1.3969838619232178e-09,-180538.6528619847,540246.5307793568,888703,108,10.323283125064336,888703.0000000001,0.0182713370892536,5.416494613913193,11.538043083040977,2.7701263427734375,True,With-Term sensitivity; reported-term timing unverified,Retrospective conditional validation using realized macro paths.
layer2_term,87,True,all three numerical criteria satisfied,6,4.6263563187767113e-08,5.102384204036525e-07,3.7834979593753815e-10,-174348.05884750275,145703.9978366147,888703,108,8.867520292056724,888703.0000000001,0.0212301210958535,3.4359473454145726,10.081576999975368,2.7701263427734375,True,With-Term sensitivity; reported-term timing unverified,Retrospective conditional validation using realized macro paths.
layer2_term,88,True,all three numerical criteria satisfied,6,1.3288396507546432e-08,4.1433867403739555e-07,2.037268131971359e-10,-176608.6948393808,227479.20184102064,888703,108,8.74946900003124,888703.0,0.0340067679665858,4.511001235366601,9.977918459102511,2.7701263427734375,True,With-Term sensitivity; reported-term timing unverified,Retrospective conditional validation using realized macro paths.
layer2_term,89,True,all three numerical criteria satisfied,5,1.8379045406802046e-07,9.602470394387552e-07,4.656612873077393e-10,-172643.65563571348,210973.70054097724,888703,108,7.149868250009604,888703.0,0.0096138169503189,3.9613808337750864,8.36954170896206,2.7701263427734375,True,With-Term sensitivity; reported-term timing unverified,Retrospective conditional validation using realized macro paths.
layer2_term,90,True,all three numerical criteria satisfied,6,1.067374025423297e-06,8.955451645586976e-06,4.365574568510055e-10,-182454.05461201695,172218.13145373104,888703,108,8.772319499985315,888703.0,0.0191243092315084,3.6622824916367698,9.992688124999404,2.7701263427734375,True,With-Term sensitivity; reported-term timing unverified,Retrospective conditional validation using realized macro paths.
layer2_term,91,True,all three numerical criteria satisfied,5,3.282406880704316e-07,4.670452161778527e-06,9.60426405072212e-10,-174234.89076912933,283579.5796563807,888703,108,7.142649500048719,888703.0,0.0100920136056389,5.867408343841085,8.366065041045658,2.7701263427734375,True,With-Term sensitivity; reported-term timing unverified,Retrospective conditional validation using realized macro paths.
layer2_term,92,True,all three numerical criteria satisfied,6,1.385336471321383e-07,1.6894215824070358e-06,6.111804395914078e-10,-180017.7226814952,319715.74273836386,888703,108,8.87642887502443,888703.0,0.0140864224001076,5.824021390159898,10.096966792014427,2.7701263427734375,True,With-Term sensitivity; reported-term timing unverified,Retrospective conditional validation using realized macro paths.
layer2_term,93,True,all three numerical criteria satisfied,5,5.6789235650372284e-08,1.3079832381635017e-06,1.6589183360338211e-09,-171821.46507296673,124527.37778511309,888703,108,7.137201249948703,888703.0,0.0431477559783131,3.5093735352204765,8.360501624993049,2.7701263427734375,True,With-Term sensitivity; reported-term timing unverified,Retrospective conditional validation using realized macro paths.
layer2_term,94,True,all three numerical criteria satisfied,7,1.1729677861833054e-08,2.967072560977613e-07,6.984919309616089e-10,-183454.9004333316,473974.3852151979,888703,108,10.338421749998815,888703.0,0.0113851780592075,3.819472121531172,11.560629124986008,2.7701263427734375,True,With-Term sensitivity; reported-term timing unverified,Retrospective conditional validation using realized macro paths.
layer2_term,95,True,all three numerical criteria satisfied,5,1.0865585642024241e-07,2.1353183856653857e-06,6.402842700481415e-10,-164515.8151544019,910568.9244231,888703,108,7.33359300007578,888703.0,0.0303362466375399,5.4863810766744185,8.555940499994904,2.7701263427734375,True,With-Term sensitivity; reported-term timing unverified,Retrospective conditional validation using realized macro paths.
layer2_term,96,True,all three numerical criteria satisfied,5,7.612251675998602e-08,7.30470334331379e-07,5.238689482212067e-10,-177294.88460353902,803639.5328667451,888703,108,7.137467292021029,888702.9999999999,0.0453614815749454,6.050452831115487,8.363361708004959,2.7701263427734375,True,With-Term sensitivity; reported-term timing unverified,Retrospective conditional validation using realized macro paths.
layer2_term,97,True,all three numerical criteria satisfied,7,1.5248532818412974e-08,3.396197536531531e-07,9.60426405072212e-10,-187729.06943460717,932499.5082944862,888703,108,10.513346708961762,888703.0,0.036029456282602,3.253115243338606,11.739905207999982,2.7701263427734375,True,With-Term sensitivity; reported-term timing unverified,Retrospective conditional validation using realized macro paths.
layer2_term,98,True,all three numerical criteria satisfied,7,3.5965506304912645e-08,1.8403869992411617e-06,9.313225746154783e-10,-178610.85417303318,524883.3580527977,888703,108,10.3395764590241,888703.0,0.0082906950869292,4.600222304871662,11.562493917066604,2.7701263427734375,True,With-Term sensitivity; reported-term timing unverified,Retrospective conditional validation using realized macro paths.
layer2_term,99,True,all three numerical criteria satisfied,5,3.664101161616122e-07,4.0983211595513325e-06,2.9103830456733704e-11,-178388.12971533983,536884.645696391,888703,108,7.174431917024776,888703.0,0.0338918030673935,5.863696060616122,8.398393125040457,2.7701263427734375,True,With-Term sensitivity; reported-term timing unverified,Retrospective conditional validation using realized macro paths.
layer2_term,100,True,all three numerical criteria satisfied,5,3.525752235003129e-07,5.558180259823686e-06,4.94765117764473e-10,-175992.6171115629,1031251.032355767,888703,108,7.178166041965596,888703.0,0.015484030306419,4.117888028916992,8.397068250109442,2.7701263427734375,True,With-Term sensitivity; reported-term timing unverified,Retrospective conditional validation using realized macro paths.
layer2_term,101,True,all three numerical criteria satisfied,7,1.377936135988294e-07,1.4432255814877948e-06,9.60426405072212e-10,-171651.30762561195,1071885.6924489113,888703,108,10.460285125067458,888703.0,0.0055732068700913,4.038848220115023,11.686762291938066,2.7701263427734375,True,With-Term sensitivity; reported-term timing unverified,Retrospective conditional validation using realized macro paths.
layer2_term,102,True,all three numerical criteria satisfied,6,3.663551379455159e-07,4.395439804127932e-06,8.731149137020111e-11,-165486.4926931322,7618169.647144667,888703,108,8.844385709031485,888703.0,0.0068909011662529,6.087662800382199,10.066671750042588,2.7701263427734375,True,With-Term sensitivity; reported-term timing unverified,Retrospective conditional validation using realized macro paths.
layer2_term,103,True,all three numerical criteria satisfied,5,4.37103627453227e-07,5.378772660491471e-06,9.022187441587447e-10,-180196.1363881906,338926.81278147304,888703,108,7.133600999950431,888703.0000000001,0.0213259240636828,4.0978032786268805,8.358073332929052,2.7701263427734375,True,With-Term sensitivity; reported-term timing unverified,Retrospective conditional validation using realized macro paths.
layer2_term,104,True,all three numerical criteria satisfied,6,2.1553344521440674e-08,3.385605336081454e-07,2.9103830456733704e-10,-170853.45807903307,584709.7246990694,888703,108,8.759977333014831,888703.0,0.0271657323980849,5.501105963802476,10.007989125093443,2.7701263427734375,True,With-Term sensitivity; reported-term timing unverified,Retrospective conditional validation using realized macro paths.
layer2_term,105,True,all three numerical criteria satisfied,5,5.221195977132789e-07,8.263358804105891e-06,8.440110832452773e-10,-178140.15532916042,4193054.0260068327,888703,108,7.2403664579615,888703.0,0.0103036235802852,2.534344061929952,8.457249916973524,2.7701263427734375,True,With-Term sensitivity; reported-term timing unverified,Retrospective conditional validation using realized macro paths.
layer2_term,106,True,all three numerical criteria satisfied,7,2.5719678417483245e-07,2.462508460920887e-06,1.1059455573558807e-09,-185585.07667812824,286309.1531235085,888703,108,10.484945041011088,888703.0,0.0429513295724538,2.9682750771011035,11.703109208960086,2.7701263427734375,True,With-Term sensitivity; reported-term timing unverified,Retrospective conditional validation using realized macro paths.
layer2_term,107,True,all three numerical criteria satisfied,6,1.4342249168858416e-07,1.6288325713764706e-06,8.440110832452773e-10,-178499.77624029014,2116357.5708623,888703,108,8.7518580830656,888703.0000000002,0.0016131474057185,3.7907995005052446,9.977143625030294,2.7701263427734375,True,With-Term sensitivity; reported-term timing unverified,Retrospective conditional validation using realized macro paths.
layer2_term,108,True,all three numerical criteria satisfied,7,1.2981663527478204e-07,1.5603857753676564e-06,1.164153218269348e-09,-185431.3392380353,15988732.531912902,888703,108,10.293379041948356,888703.0,0.0049589709022988,4.28877700511946,11.51177045807708,2.7701263427734375,True,With-Term sensitivity; reported-term timing unverified,Retrospective conditional validation using realized macro paths.
layer2_term,109,True,all three numerical criteria satisfied,5,8.658706827091578e-07,8.203392104721985e-06,6.984919309616089e-09,-175252.6323961351,163278.3983489483,888703,108,7.123128833016381,888703.0,0.0246809968862673,3.9559228686711583,8.34256704209838,2.7701263427734375,True,With-Term sensitivity; reported-term timing unverified,Retrospective conditional validation using realized macro paths.
layer2_term,110,True,all three numerical criteria satisfied,6,1.6811449501659797e-07,5.357275504991321e-06,6.402842700481415e-10,-164313.71234380358,2788222.708596878,888703,108,8.902926375041716,888702.9999999999,0.0103697102246764,4.697417780009981,10.140850292053074,2.7701263427734375,True,With-Term sensitivity; reported-term timing unverified,Retrospective conditional validation using realized macro paths.
layer2_term,111,True,all three numerical criteria satisfied,5,1.088338646971786e-06,7.300100125284814e-06,6.111804395914078e-10,-175965.24964300482,756196.2618686742,888703,108,7.179641791968606,888703.0,0.0149553995969178,3.9203103146510343,8.395961583009921,2.7701263427734375,True,With-Term sensitivity; reported-term timing unverified,Retrospective conditional validation using realized macro paths.
layer2_term,112,True,all three numerical criteria satisfied,7,3.1584710649420255e-08,4.138591435109973e-07,1.4551915228366852e-10,-178988.23904901644,187567.16725989737,888703,108,10.347334833000788,888703.0,0.0253627084113051,2.530124756762035,11.567202249891125,2.7701263427734375,True,With-Term sensitivity; reported-term timing unverified,Retrospective conditional validation using realized macro paths.
layer2_term,113,True,all three numerical criteria satisfied,8,5.9545503509112647e-08,4.797503489334387e-07,8.149072527885436e-10,-178668.5056047395,358075.1260513209,888703,108,12.329169249976983,888703.0,0.0618435178769395,5.56710032209049,13.548065250040963,2.7701263427734375,True,With-Term sensitivity; reported-term timing unverified,Retrospective conditional validation using realized macro paths.
layer2_term,114,True,all three numerical criteria satisfied,6,2.3274809912710023e-08,2.772948445306511e-07,5.238689482212067e-10,-172413.2320961251,658604.5026656835,888703,108,8.716151792090386,888703.0000000002,0.0047347279875341,4.741647063236372,10.087636791053228,2.7701263427734375,True,With-Term sensitivity; reported-term timing unverified,Retrospective conditional validation using realized macro paths.
layer2_term,115,True,all three numerical criteria satisfied,9,2.785185814869105e-07,1.6238458697692693e-06,8.73114913702011e-10,-172261.99726456573,471778.2567759779,888703,108,13.505267500062471,888703.0,0.0008256862452304,5.974786745572165,14.728373332996853,2.7701263427734375,True,With-Term sensitivity; reported-term timing unverified,Retrospective conditional validation using realized macro paths.
layer2_term,116,True,all three numerical criteria satisfied,6,4.772430940382962e-07,8.003107693554945e-06,1.5133991837501524e-09,-179116.60100099014,318380.25543777156,888703,108,8.717833790928125,888703.0,0.0035023079728657,5.516423656477068,9.94026979105547,2.7701263427734375,True,With-Term sensitivity; reported-term timing unverified,Retrospective conditional validation using realized macro paths.
layer2_term,117,True,all three numerical criteria satisfied,7,3.4086228854399115e-08,1.2425728042053663e-06,7.275957614183425e-10,-183574.4663199183,869609.7489944905,888703,108,10.336399000021627,888703.0,0.0361759574793272,3.996929400379222,11.555473916931078,2.7701263427734375,True,With-Term sensitivity; reported-term timing unverified,Retrospective conditional validation using realized macro paths.
layer2_term,118,True,all three numerical criteria satisfied,6,4.805439692207663e-09,4.7764285637796895e-08,5.820766091346741e-10,-185423.067208476,299871.63425493677,888703,108,8.922927458072081,888702.9999999999,0.0188508947383557,2.1372634486775093,10.161319957929663,2.7701263427734375,True,With-Term sensitivity; reported-term timing unverified,Retrospective conditional validation using realized macro paths.
layer2_term,119,True,all three numerical criteria satisfied,6,1.1154627104824924e-07,4.040506293101487e-06,4.365574568510055e-10,-178376.67282834995,525399.9373230999,888703,108,8.717050459003076,888703.0000000001,0.0064006965387821,2.791690335189165,9.933539499994367,2.7701263427734375,True,With-Term sensitivity; reported-term timing unverified,Retrospective conditional validation using realized macro paths.
layer2_term,120,True,all three numerical criteria satisfied,17,5.633538933125237e-07,4.213372644557012e-06,7.858034223318101e-10,-175491.00920188954,5127975.105528989,888703,108,26.279121874948032,888702.9999999999,0.0001375316851396,3.8592282310921737,27.499281500000507,2.7701263427734375,True,With-Term sensitivity; reported-term timing unverified,Retrospective conditional validation using realized macro paths.
layer2_term,121,True,all three numerical criteria satisfied,5,2.7239800505925985e-07,4.200620954630807e-06,4.94765117764473e-10,-175060.19315384753,983997.8441863492,888703,108,7.283471999922767,888703.0,0.0054403167913724,2.9192329310890788,8.502224333933555,2.7701263427734375,True,With-Term sensitivity; reported-term timing unverified,Retrospective conditional validation using realized macro paths.
layer2_term,122,True,all three numerical criteria satisfied,5,1.449182689350484e-07,1.8730080546536243e-06,1.7462298274040222e-10,-177244.80197657656,195606.30410906053,888703,108,7.142106499988586,888703.0,0.0130938377360736,5.086267420915437,8.389663124922663,2.7701263427734375,True,With-Term sensitivity; reported-term timing unverified,Retrospective conditional validation using realized macro paths.
layer2_term,123,True,all three numerical criteria satisfied,7,9.719225169610937e-07,7.424719025816984e-06,3.201421350240707e-10,-182282.03759499663,508110.59296507906,888703,108,10.3290275830077,888703.0000000001,0.0008288680207551,4.658195408594489,11.549204917042516,2.7701263427734375,True,With-Term sensitivity; reported-term timing unverified,Retrospective conditional validation using realized macro paths.
layer2_term,124,True,all three numerical criteria satisfied,5,1.5732877894306142e-07,1.24752931363048e-06,8.73114913702011e-10,-177613.99894510742,150062.29066537847,888703,108,7.12731483404059,888702.9999999999,0.0605923468123077,3.915721283918968,8.351214207941666,2.7701263427734375,True,With-Term sensitivity; reported-term timing unverified,Retrospective conditional validation using realized macro paths.
layer2_term,125,True,all three numerical criteria satisfied,5,3.815376811661361e-07,6.873611103852539e-06,8.73114913702011e-10,-176492.70215674426,256843.48508946705,888703,108,7.129893124918453,888703.0,0.0224083828909052,8.494655967956877,8.341374290990643,2.7701263427734375,True,With-Term sensitivity; reported-term timing unverified,Retrospective conditional validation using realized macro paths.
layer2_term,126,True,all three numerical criteria satisfied,5,5.396096076418032e-07,7.588669668656678e-06,9.89530235528946e-10,-188711.2798762366,695738.287130334,888703,108,7.246858833939768,888702.9999999999,0.0180015291297211,2.3336778408525567,8.487171500106342,2.7701263427734375,True,With-Term sensitivity; reported-term timing unverified,Retrospective conditional validation using realized macro paths.
layer2_term,127,True,all three numerical criteria satisfied,6,1.243737832295122e-07,2.117376247001701e-06,4.656612873077393e-10,-176481.59529936194,2128705.86522248,888703,108,8.712167707970366,888703.0000000001,0.0097634653155279,4.957007268981905,9.925124207977206,2.7701263427734375,True,With-Term sensitivity; reported-term timing unverified,Retrospective conditional validation using realized macro paths.
layer2_term,128,True,all three numerical criteria satisfied,6,4.923820040581006e-08,1.2437970398071483e-06,5.820766091346741e-11,-179197.09373226692,8790414.708059173,888703,108,8.739457415998913,888703.0,0.0189619534381729,2.8178036633123944,9.957173875067385,2.7701263427734375,True,With-Term sensitivity; reported-term timing unverified,Retrospective conditional validation using realized macro paths.
layer2_term,129,True,all three numerical criteria satisfied,6,1.1613193645826443e-07,1.4624772739502134e-06,9.022187441587447e-10,-165156.42997382264,173430.3880529171,888703,108,8.853287709061988,888703.0,0.0204680802308805,4.133960512882605,10.069834333029576,2.7701263427734375,True,With-Term sensitivity; reported-term timing unverified,Retrospective conditional validation using realized macro paths.
layer2_term,130,True,all three numerical criteria satisfied,6,3.298055316076468e-07,6.703088557546977e-06,6.984919309616089e-10,-186513.922504775,512556.9418564088,888703,108,8.716660875012167,888703.0,0.1391739291263143,4.2279205827300315,9.939654583926313,2.7701263427734375,True,With-Term sensitivity; reported-term timing unverified,Retrospective conditional validation using realized macro paths.
layer2_term,131,True,all three numerical criteria satisfied,5,1.1201591283576096e-07,2.5108433632237137e-06,8.731149137020111e-11,-176646.28266539992,275053.8799401039,888703,108,7.437827458954416,888703.0,0.0148537845506371,3.432842971079191,8.655894165975042,2.7701263427734375,True,With-Term sensitivity; reported-term timing unverified,Retrospective conditional validation using realized macro paths.
layer2_term,132,True,all three numerical criteria satisfied,7,6.68699962229571e-08,7.035044423675529e-07,1.0186340659856794e-09,-175754.66424667,211062.28505848415,888703,108,10.405653250054456,888703.0,0.0340698574438372,4.851697641910992,11.69207125005778,2.7701263427734375,True,With-Term sensitivity; reported-term timing unverified,Retrospective conditional validation using realized macro paths.
layer2_term,133,True,all three numerical criteria satisfied,6,1.3063399470657406e-07,2.2140816242632866e-06,2.9103830456733704e-11,-183494.4955465025,780032.9211975913,888703,108,9.167225082986988,888702.9999999999,0.0027880600226777,2.7616553493586755,10.414484667009674,2.7701263427734375,True,With-Term sensitivity; reported-term timing unverified,Retrospective conditional validation using realized macro paths.
layer2_term,134,True,all three numerical criteria satisfied,5,1.5668760594763836e-07,1.884383163508474e-06,7.275957614183425e-10,-185259.54915917251,1587066.585983041,888703,108,7.170734834042378,888703.0,0.0149377685325867,4.469534894457602,8.39859716698993,2.7701263427734375,True,With-Term sensitivity; reported-term timing unverified,Retrospective conditional validation using realized macro paths.
layer2_term,135,True,all three numerical criteria satisfied,7,2.6441938124484807e-06,9.363119234162554e-06,5.529727786779404e-10,-174041.86461537247,304411.8858494989,888703,108,10.445571416988969,888703.0,0.0001001560892308,4.0378788601526105,11.746118334005589,2.7701263427734375,True,With-Term sensitivity; reported-term timing unverified,Retrospective conditional validation using realized macro paths.
layer2_term,136,True,all three numerical criteria satisfied,6,1.3823472674520665e-07,3.114886904187486e-06,2.6193447411060333e-10,-168700.37021029845,103086.30895635084,888703,108,8.741177833988331,888703.0,0.0013355451340094,5.789643559911159,9.962996291927992,2.7701263427734375,True,With-Term sensitivity; reported-term timing unverified,Retrospective conditional validation using realized macro paths.
layer2_term,137,True,all three numerical criteria satisfied,5,1.9323573057458421e-07,3.652007306897964e-06,2.9103830456733704e-10,-172103.9803030535,133821.003796741,888703,108,7.148789749946445,888703.0,0.0151072207457042,6.879185301121108,8.37161924992688,2.7701263427734375,True,With-Term sensitivity; reported-term timing unverified,Retrospective conditional validation using realized macro paths.
layer2_term,138,True,all three numerical criteria satisfied,7,5.5888987087197374e-08,1.8869909790275583e-06,5.238689482212067e-10,-183136.94752807383,619716.5919344531,888703,108,10.458518999977969,888703.0,0.0164233976691432,4.033165262396758,11.694362625014035,2.7701263427734375,True,With-Term sensitivity; reported-term timing unverified,Retrospective conditional validation using realized macro paths.
layer2_term,139,True,all three numerical criteria satisfied,5,2.723105241460111e-07,2.6303175588715533e-06,9.313225746154783e-10,-166748.3103907699,164400.6581961863,888703,108,7.339152249973267,888703.0,0.0246507365030487,4.2236675173738005,8.567256082897075,2.7701263427734375,True,With-Term sensitivity; reported-term timing unverified,Retrospective conditional validation using realized macro paths.
layer2_term,140,True,all three numerical criteria satisfied,5,9.29609377411098e-07,8.524660785047544e-06,9.60426405072212e-10,-180260.88600026965,276864.0095421809,888703,108,7.227447999990545,888703.0,0.016064028671406,5.751814276745343,8.457375208032317,2.7701263427734375,True,With-Term sensitivity; reported-term timing unverified,Retrospective conditional validation using realized macro paths.
layer2_term,141,True,all three numerical criteria satisfied,6,5.920521565260922e-09,2.1755791790312173e-07,3.201421350240707e-10,-171008.01850515656,260640.32122813936,888703,108,9.841239291941749,888702.9999999999,0.030306235327244,4.688509710128193,11.41316520795226,2.7701263427734375,True,With-Term sensitivity; reported-term timing unverified,Retrospective conditional validation using realized macro paths.
layer2_term,142,True,all three numerical criteria satisfied,5,5.363043323431114e-07,5.9167963022410675e-06,3.201421350240707e-10,-173291.03252821625,177583.98433292785,888703,108,9.251751458039507,888703.0,0.0068042207109848,3.617827471860569,10.898522165953182,2.7701263427734375,True,With-Term sensitivity; reported-term timing unverified,Retrospective conditional validation using realized macro paths.
layer2_term,143,True,all three numerical criteria satisfied,6,2.60411486208818e-07,5.342425386078986e-06,5.820766091346741e-10,-168575.22885667058,458583.0461148555,888703,108,11.387955749989487,888703.0000000001,0.038483126452485,5.0123459575021245,13.082152583054269,2.7701263427734375,True,With-Term sensitivity; reported-term timing unverified,Retrospective conditional validation using realized macro paths.
layer2_term,144,True,all three numerical criteria satisfied,6,2.8289582972480105e-08,3.4163200401948757e-07,2.9103830456733704e-11,-177256.2525842673,374044.64040398627,888703,108,11.43646912497934,888703.0,0.0229367635663095,11.39106908997646,13.11771233403124,2.7701263427734375,True,With-Term sensitivity; reported-term timing unverified,Retrospective conditional validation using realized macro paths.
layer2_term,145,True,all three numerical criteria satisfied,6,1.5042615142389336e-08,3.402770096805341e-07,2.9103830456733704e-11,-178119.44669491204,731308.5663843201,888703,108,11.549675332964398,888703.0,0.0199070461874233,2.4477106700977567,13.226754167000763,2.7701263427734375,True,With-Term sensitivity; reported-term timing unverified,Retrospective conditional validation using realized macro paths.
layer2_term,146,True,all three numerical criteria satisfied,5,8.763194225530887e-08,1.075253571292123e-06,6.984919309616089e-10,-183007.9124550836,437211.3400522232,888703,108,9.457756458083168,888703.0,0.0329343439299244,3.35053519883187,11.141805791994557,2.7701263427734375,True,With-Term sensitivity; reported-term timing unverified,Retrospective conditional validation using realized macro paths.
layer2_term,147,True,all three numerical criteria satisfied,7,2.420141671328589e-07,2.3930059155352623e-06,1.4551915228366852e-10,-177857.4528367276,243125.775871363,888703,108,13.565562417032195,888703.0,0.0164316797294496,7.316928116477811,15.250552457990125,2.7701263427734375,True,With-Term sensitivity; reported-term timing unverified,Retrospective conditional validation using realized macro paths.
layer2_term,148,True,all three numerical criteria satisfied,6,1.9461280835456727e-07,9.242737319947736e-06,4.94765117764473e-10,-179624.72630765746,552757.8916960548,888703,108,11.489780833013356,888703.0,0.0258527626243056,2.3652495161871565,13.178838833002374,2.7701263427734375,True,With-Term sensitivity; reported-term timing unverified,Retrospective conditional validation using realized macro paths.
layer2_term,149,True,all three numerical criteria satisfied,7,6.54519348803289e-08,7.091632571176731e-07,0.0,-172059.05014568722,148282.8540265845,888703,108,13.579500874970108,888703.0,0.0073307048262395,3.5645693991751353,15.265937499934807,2.7701263427734375,True,With-Term sensitivity; reported-term timing unverified,Retrospective conditional validation using realized macro paths.
layer2_term,150,True,all three numerical criteria satisfied,35,1.3308183552940278e-06,9.130980169302916e-06,7.566995918750762e-10,-176477.61939942176,1481872.5623830643,888703,108,66.38415337493643,888703.0000000001,7.747853228735493e-05,4.70583986214057,67.72692424990237,2.7701263427734375,True,With-Term sensitivity; reported-term timing unverified,Retrospective conditional validation using realized macro paths.
layer2_term,151,True,all three numerical criteria satisfied,7,1.7547549296161068e-07,1.7588752789787776e-06,1.4551915228366852e-10,-165640.66877621063,2249857.064808431,888703,108,10.665342874941416,888702.9999999999,0.0157842500624143,4.405656995434847,11.903669459046796,2.7701263427734375,True,With-Term sensitivity; reported-term timing unverified,Retrospective conditional validation using realized macro paths.
layer2_term,152,True,all three numerical criteria satisfied,7,2.708596754613571e-07,1.8642521874001616e-06,6.111804395914078e-10,-178628.2407688804,1197383.123898516,888703,108,10.539880666066892,888703.0,0.0072005329310722,3.850303739446064,11.789681583060885,2.7701263427734375,True,With-Term sensitivity; reported-term timing unverified,Retrospective conditional validation using realized macro paths.
layer2_term,153,True,all three numerical criteria satisfied,6,1.8394112493934058e-07,9.092823900935798e-06,1.4551915228366852e-10,-169973.68199497115,701809.6663327435,888703,108,8.964681999990717,888702.9999999999,0.0232811136681863,5.145087340624228,10.21871512499638,2.7701263427734375,True,With-Term sensitivity; reported-term timing unverified,Retrospective conditional validation using realized macro paths.
layer2_term,154,True,all three numerical criteria satisfied,6,1.9405488896934497e-07,1.4378388319968849e-06,1.455191522836685e-09,-184082.13847075167,142088.8642047285,888703,108,9.172075833077542,888703.0,0.0468013489020182,4.229520047314503,10.44895970809739,2.7701263427734375,True,With-Term sensitivity; reported-term timing unverified,Retrospective conditional validation using realized macro paths.
layer2_term,155,True,all three numerical criteria satisfied,5,5.731545153705837e-07,5.419661002203924e-06,2.6193447411060333e-10,-165063.81385843147,596605.8060422994,888703,108,7.3384671659441665,888703.0,0.0453815038210871,4.426296774695583,8.587976458948106,2.7701263427734375,True,With-Term sensitivity; reported-term timing unverified,Retrospective conditional validation using realized macro paths.
layer2_term,156,True,all three numerical criteria satisfied,5,1.7821395677118105e-07,2.83447130067227e-06,1.920852810144424e-09,-174667.71321612404,1273091.699890325,888703,108,7.352013249997981,888702.9999999998,0.0367592094377293,4.604306872887619,8.614200791926123,2.7701263427734375,True,With-Term sensitivity; reported-term timing unverified,Retrospective conditional validation using realized macro paths.
layer2_term,157,True,all three numerical criteria satisfied,10,3.272692092284253e-07,2.913983555563604e-06,6.984919309616089e-10,-171448.5519795926,600849.0060448643,888703,108,15.5044194170041,888703.0,0.0005169653112404,5.180508864325064,16.76116849994287,2.7701263427734375,True,With-Term sensitivity; reported-term timing unverified,Retrospective conditional validation using realized macro paths.
layer2_term,158,True,all three numerical criteria satisfied,5,2.134051736416338e-07,2.3399715085581363e-06,1.280568540096283e-09,-178906.11906450088,208590.60735564324,888703,108,7.330076250014827,888703.0,0.0116073391607876,4.778855185562173,8.583018207922578,2.7701263427734375,True,With-Term sensitivity; reported-term timing unverified,Retrospective conditional validation using realized macro paths.
layer2_term,159,True,all three numerical criteria satisfied,18,5.609889668356516e-07,4.2912038000775254e-06,4.365574568510055e-10,-178804.78331877073,847197.7258158185,888703,108,29.41243324999232,888703.0,0.0004738219208843,3.0396369530720344,30.84695987496525,2.7701263427734375,True,With-Term sensitivity; reported-term timing unverified,Retrospective conditional validation using realized macro paths.
layer2_term,160,True,all three numerical criteria satisfied,5,3.298926591287976e-07,9.135598992626726e-06,2.9103830456733704e-11,-177255.81267172433,1409140.6065040904,888703,108,7.31912708398886,888703.0,0.0561112570412084,3.9001581741064553,8.569305207929574,2.7701263427734375,True,With-Term sensitivity; reported-term timing unverified,Retrospective conditional validation using realized macro paths.
layer2_term,161,True,all three numerical criteria satisfied,6,1.3665931671298333e-07,2.7769214070438863e-06,4.074536263942718e-10,-177952.3533746973,359865.21788111306,888703,108,8.89328237506561,888703.0,0.0031169153257272,3.831922714864223,10.148539624991828,2.7701263427734375,True,With-Term sensitivity; reported-term timing unverified,Retrospective conditional validation using realized macro paths.
layer2_term,162,True,all three numerical criteria satisfied,6,1.197091793098918e-08,1.9913728177556322e-07,2.6193447411060333e-10,-178443.59499164892,5388956.238630659,888703,108,8.924086958984844,888703.0,0.0570162903789907,4.301319634841198,10.174913167022169,2.7701263427734375,True,With-Term sensitivity; reported-term timing unverified,Retrospective conditional validation using realized macro paths.
layer2_term,163,True,all three numerical criteria satisfied,8,6.139333778320212e-07,4.2540284168612885e-06,4.94765117764473e-10,-180549.20065387496,3415172.223046903,888703,108,12.306811249931345,888703.0000000002,0.0019217469417057,4.301752831975967,13.561407333938403,2.7701263427734375,True,With-Term sensitivity; reported-term timing unverified,Retrospective conditional validation using realized macro paths.
layer2_term,164,True,all three numerical criteria satisfied,6,4.897622474529957e-08,6.571264981047875e-07,8.149072527885436e-10,-174887.86977914307,246573.42171482823,888703,108,8.941334999981336,888703.0000000001,0.0242174341006551,3.3739334086539157,10.188358000013976,2.7701263427734375,True,With-Term sensitivity; reported-term timing unverified,Retrospective conditional validation using realized macro paths.
layer2_term,165,True,all three numerical criteria satisfied,6,1.4355208874156002e-07,2.173754219958468e-06,3.4924596548080444e-10,-180432.71349635423,907725.8299788916,888703,108,8.907614749972709,888702.9999999999,0.0054511732730804,5.865671385864775,10.171012499951756,2.7701263427734375,True,With-Term sensitivity; reported-term timing unverified,Retrospective conditional validation using realized macro paths.
layer2_term,166,True,all three numerical criteria satisfied,7,2.3067633653242166e-08,3.05411032575087e-07,3.201421350240707e-10,-177984.71752015603,236337.97411423147,888703,108,10.495558582944795,888702.9999999998,0.0258555518103868,3.1232808148146223,11.74403241602704,2.7701263427734375,True,With-Term sensitivity; reported-term timing unverified,Retrospective conditional validation using realized macro paths.
layer2_term,167,True,all three numerical criteria satisfied,5,1.1117870837851208e-07,1.3088845631781254e-06,5.529727786779404e-10,-183773.36898242572,2398143.938120092,888703,108,7.279347541043535,888703.0,0.013140939327155,2.5867590768266955,8.52669645799324,2.7701263427734375,True,With-Term sensitivity; reported-term timing unverified,Retrospective conditional validation using realized macro paths.
layer2_term,168,True,all three numerical criteria satisfied,7,7.368746322744296e-07,4.339538010489363e-06,4.365574568510055e-10,-183644.0854965234,364727.1468828211,888703,108,10.485974167007951,888703.0,0.0072240759004076,4.326055527488839,11.73146254196763,2.7701263427734375,True,With-Term sensitivity; reported-term timing unverified,Retrospective conditional validation using realized macro paths.
layer2_term,169,True,all three numerical criteria satisfied,7,4.371028768934693e-07,6.471288700793387e-06,1.1641532182693479e-10,-164699.23721311026,342648.32234578364,888703,108,10.487836249987597,888703.0,0.0032624773923244,3.376354133209942,11.731948500033468,2.7701263427734375,True,With-Term sensitivity; reported-term timing unverified,Retrospective conditional validation using realized macro paths.
layer2_term,170,True,all three numerical criteria satisfied,6,4.223762888858441e-07,5.79310734893923e-06,3.4924596548080444e-10,-172206.21509528373,491966.5063085816,888703,108,8.888237958890386,888703.0000000001,0.0281370346189077,3.801509979655772,10.133202417055143,2.7701263427734375,True,With-Term sensitivity; reported-term timing unverified,Retrospective conditional validation using realized macro paths.
layer2_term,171,True,all three numerical criteria satisfied,6,6.186251678882551e-08,1.92825931533136e-06,3.201421350240707e-10,-178567.06317780627,12714642.49214723,888703,108,8.92832374991849,888703.0000000001,0.0271378361609439,3.295701968141187,10.233104999992063,2.7701263427734375,True,With-Term sensitivity; reported-term timing unverified,Retrospective conditional validation using realized macro paths.
layer2_term,172,True,all three numerical criteria satisfied,7,1.8109461683692148e-08,6.593034651558582e-07,3.7834979593753815e-10,-181055.6024682601,567884.185689621,888703,108,10.48525058303494,888703.0000000001,0.0253547874963183,3.3481194457739423,11.74655229097698,2.7701263427734375,True,With-Term sensitivity; reported-term timing unverified,Retrospective conditional validation using realized macro paths.
layer2_term,173,True,all three numerical criteria satisfied,6,1.9069056482567777e-07,4.6431985447625834e-06,1.3387762010097504e-09,-183218.1323103908,924885.4195166328,888703,108,8.837372167035937,888703.0000000002,0.0104752540200735,3.325227350719061,10.273533375002444,2.7701263427734375,True,With-Term sensitivity; reported-term timing unverified,Retrospective conditional validation using realized macro paths.
layer2_term,174,True,all three numerical criteria satisfied,5,3.769673332033831e-07,9.736956301242827e-06,1.1350493878126142e-09,-178407.13895059476,367951.1621398821,888703,108,7.236570125096478,888702.9999999999,0.0209939490425942,3.7468079133698526,8.58252720895689,2.7701263427734375,True,With-Term sensitivity; reported-term timing unverified,Retrospective conditional validation using realized macro paths.
layer2_term,175,True,all three numerical criteria satisfied,7,4.05006700573284e-09,2.7799767110536777e-07,6.984919309616089e-10,-170417.56814750438,536693.8701281085,888703,108,10.51546604197938,888702.9999999998,0.0084860047195824,4.334733543558475,11.817218707990833,2.7701263427734375,True,With-Term sensitivity; reported-term timing unverified,Retrospective conditional validation using realized macro paths.
layer2_term,176,True,all three numerical criteria satisfied,5,1.743292468216735e-07,3.0846779413007397e-06,1.164153218269348e-09,-173499.9481848146,589640.2126869307,888703,108,7.231812332989648,888703.0,0.0103035397201574,4.518214003173106,8.479274499928579,2.7701263427734375,True,With-Term sensitivity; reported-term timing unverified,Retrospective conditional validation using realized macro paths.
layer2_term,177,True,all three numerical criteria satisfied,6,6.827458135646194e-08,2.3640682376147022e-06,3.201421350240707e-10,-176848.85779819972,936170.729655764,888703,108,8.947635040967725,888703.0000000002,0.0229251442433069,5.502924683658466,10.196739749982951,2.7701263427734375,True,With-Term sensitivity; reported-term timing unverified,Retrospective conditional validation using realized macro paths.
layer2_term,178,True,all three numerical criteria satisfied,6,1.8024627233670821e-07,6.767893455439378e-06,2.6193447411060333e-10,-178555.48579878977,437973.6972404294,888703,108,8.87421258399263,888702.9999999999,0.00745233583564,4.317730151974508,10.126258000032976,2.7701263427734375,True,With-Term sensitivity; reported-term timing unverified,Retrospective conditional validation using realized macro paths.
layer2_term,179,True,all three numerical criteria satisfied,7,9.290102228483364e-09,5.807586935802078e-07,9.60426405072212e-10,-178813.8317692123,514318.7404926536,888703,108,10.567842458025552,888703.0,0.003170336398249,5.1619151108272545,11.812798833940178,2.7701263427734375,True,With-Term sensitivity; reported-term timing unverified,Retrospective conditional validation using realized macro paths.
layer2_term,180,True,all three numerical criteria satisfied,9,3.1426306357218436e-07,3.1579760912947563e-06,5.820766091346741e-11,-176486.45631436806,1343832.8625068995,888703,108,14.269755125045776,888703.0000000001,0.0012803225057467,4.551923711373941,15.51563266699668,2.7701263427734375,True,With-Term sensitivity; reported-term timing unverified,Retrospective conditional validation using realized macro paths.
layer2_term,181,True,all three numerical criteria satisfied,5,4.890030101243233e-07,8.361252931576857e-06,2.037268131971359e-10,-179039.40158675154,278404.6469259308,888703,108,7.296272665960714,888702.9999999999,0.0141441222136996,3.948975675804935,8.544762625009753,2.7701263427734375,True,With-Term sensitivity; reported-term timing unverified,Retrospective conditional validation using realized macro paths.
layer2_term,182,True,all three numerical criteria satisfied,6,1.5223818758025638e-07,5.584497929422838e-06,3.7834979593753815e-10,-174152.79418368923,794510.326431735,888703,108,9.01977195800282,888702.9999999999,0.0164237223133127,2.9438959802328832,10.273312917095607,2.7701263427734375,True,With-Term sensitivity; reported-term timing unverified,Retrospective conditional validation using realized macro paths.
layer2_term,183,True,all three numerical criteria satisfied,6,9.508731999644759e-08,3.835159610776628e-06,5.529727786779404e-10,-178316.2743910014,3468323.6032084497,888703,108,8.909691208973527,888703.0,0.0320149076018723,3.5581962630391257,10.159069332992658,2.7701263427734375,True,With-Term sensitivity; reported-term timing unverified,Retrospective conditional validation using realized macro paths.
layer2_term,184,True,all three numerical criteria satisfied,10,1.004583752237866e-06,8.375326547627182e-06,2.9103830456733704e-11,-176584.408612151,670753.5157458446,888703,108,15.44154766597785,888703.0,0.0010161564529395,5.197652810653577,16.69362304196693,2.7701263427734375,True,With-Term sensitivity; reported-term timing unverified,Retrospective conditional validation using realized macro paths.
layer2_term,185,True,all three numerical criteria satisfied,5,1.4503818379184632e-07,2.588090972199808e-06,1.1350493878126142e-09,-170075.1549880232,872776.4070904908,888703,108,7.3014224170474336,888703.0000000001,0.0461470578391701,4.893628019302409,8.575147915980779,2.7701263427734375,True,With-Term sensitivity; reported-term timing unverified,Retrospective conditional validation using realized macro paths.
layer2_term,186,True,all three numerical criteria satisfied,8,4.965758990186485e-07,3.373064920708657e-06,1.6880221664905546e-09,-187369.62189993623,418506.2657226845,888703,108,12.212716082925908,888703.0,0.0006999731398465,4.278816456938234,13.466697375057263,2.7701263427734375,True,With-Term sensitivity; reported-term timing unverified,Retrospective conditional validation using realized macro paths.
layer2_term,187,True,all three numerical criteria satisfied,5,2.20512319153941e-07,5.876730002185582e-06,5.529727786779404e-10,-171666.04867036696,399955.1248836064,888703,108,7.301067832973786,888703.0,0.0269007427808669,6.103825633964266,8.565063666086644,2.7701263427734375,True,With-Term sensitivity; reported-term timing unverified,Retrospective conditional validation using realized macro paths.
layer2_term,188,True,all three numerical criteria satisfied,9,1.3270097763830262e-06,8.742789774141002e-06,2.9103830456733704e-11,-179621.68451420515,706388.1360318311,888703,108,14.00231754197739,888703.0000000001,0.0008813130598338,3.1196424696201195,15.268694333033636,2.7701263427734375,True,With-Term sensitivity; reported-term timing unverified,Retrospective conditional validation using realized macro paths.
layer2_term,189,True,all three numerical criteria satisfied,6,2.3337744098837556e-08,7.080177626406225e-07,5.820766091346741e-10,-172978.1638749561,460521.841789312,888703,108,8.982582541997544,888703.0000000001,0.0284320828963338,3.409672241719177,10.23505091597326,2.7701263427734375,True,With-Term sensitivity; reported-term timing unverified,Retrospective conditional validation using realized macro paths.
layer2_term,190,True,all three numerical criteria satisfied,6,1.196005755550493e-08,3.734673383881671e-07,2.3283064365386963e-10,-184363.3975088323,377312.01841637737,888703,108,8.977407375001349,888703.0,0.0216125498793978,3.683309528058522,10.231769375037402,2.7701263427734375,True,With-Term sensitivity; reported-term timing unverified,Retrospective conditional validation using realized macro paths.
layer2_term,191,True,all three numerical criteria satisfied,5,1.5683349848494183e-06,9.918108933915091e-06,9.60426405072212e-10,-179571.04183271015,878344.6491068014,888703,108,7.281654375023209,888703.0,0.0030782280007528,3.711673057730605,8.53103650000412,2.7701263427734375,True,With-Term sensitivity; reported-term timing unverified,Retrospective conditional validation using realized macro paths.
layer2_term,192,True,all three numerical criteria satisfied,7,1.1177137514211897e-07,8.578069075615424e-07,1.0477378964424131e-09,-178284.40324602544,173622.59200473485,888703,108,10.604769041994588,888703.0,0.0219424071808607,4.809267752785757,11.857073292019775,2.7701263427734375,True,With-Term sensitivity; reported-term timing unverified,Retrospective conditional validation using realized macro paths.
layer2_term,193,True,all three numerical criteria satisfied,8,1.6709111139157073e-07,2.4177388533441757e-06,1.1641532182693479e-10,-180639.6215136932,17973134.751539234,888703,108,12.15407666703686,888703.0000000001,0.0059486921746151,5.898349297819935,13.402030250057578,2.7701263427734375,True,With-Term sensitivity; reported-term timing unverified,Retrospective conditional validation using realized macro paths.
layer2_term,194,True,all three numerical criteria satisfied,7,4.309457456931164e-07,3.800828472400042e-06,1.1059455573558807e-09,-172920.48565386768,142587.68091033338,888703,108,10.657002290943636,888703.0,0.0375062887207906,6.496347706035844,11.903172499965876,2.7701263427734375,True,With-Term sensitivity; reported-term timing unverified,Retrospective conditional validation using realized macro paths.
layer2_term,195,True,all three numerical criteria satisfied,6,8.96101157746476e-08,2.439844809298819e-06,8.73114913702011e-10,-174266.99953234912,711925.9535689385,888703,108,8.946317874942906,888703.0,0.0168779154144355,2.8508007483113667,10.205840416951103,2.7701263427734375,True,With-Term sensitivity; reported-term timing unverified,Retrospective conditional validation using realized macro paths.
layer2_term,196,True,all three numerical criteria satisfied,5,4.635481006230774e-07,4.640592313143177e-06,2.3283064365386963e-10,-178322.8224117619,535381.9633375318,888703,108,7.280744374962524,888703.0,0.0151272601472457,3.929402766683291,8.525917415972799,2.7701263427734375,True,With-Term sensitivity; reported-term timing unverified,Retrospective conditional validation using realized macro paths.
layer2_term,197,True,all three numerical criteria satisfied,6,3.7675078443088966e-08,9.861361416341197e-07,6.402842700481415e-10,-177401.53411181184,316933.43759391987,888703,108,8.914847749983892,888703.0,0.0251887336007333,3.742275449925992,10.172371249995194,2.7701263427734375,True,With-Term sensitivity; reported-term timing unverified,Retrospective conditional validation using realized macro paths.
layer2_term,198,True,all three numerical criteria satisfied,7,2.2756958619791483e-06,9.542427435782486e-06,1.164153218269348e-09,-180142.34555492326,552950.515524038,888703,108,10.53769387502689,888703.0,0.0021189329470485,5.107691774026443,11.823204166954383,2.7701263427734375,True,With-Term sensitivity; reported-term timing unverified,Retrospective conditional validation using realized macro paths.
layer2_term,199,True,all three numerical criteria satisfied,5,3.8158428560043673e-08,4.300293324566509e-07,5.529727786779404e-10,-173070.32484001064,228154.21172050957,888703,108,7.259835541015491,888703.0,0.0160006998858496,3.617232139546292,8.507305249921046,2.7701263427734375,True,With-Term sensitivity; reported-term timing unverified,Retrospective conditional validation using realized macro paths.
layer2_peak,1,True,all three numerical criteria satisfied,6,7.574238430223748e-08,1.8828767691658752e-06,9.89530235528946e-10,-181445.9595535879,2812434.3125103135,888703,107,6.813961084000766,888703.0,0.0255912964305113,3.1891098634942128,7.793158833053894,2.846343994140625,True,Term-free peak-unemployment sensitivity,Retrospective conditional validation using realized macro paths.
layer2_peak,2,True,all three numerical criteria satisfied,6,3.933550725084643e-07,3.436045798110854e-06,1.251464709639549e-09,-180930.168631153,7535488.015837036,888703,107,6.819100291002542,888702.9999999999,0.022491892583479,3.7877220788711714,7.796186749939807,2.846343994140625,True,Term-free peak-unemployment sensitivity,Retrospective conditional validation using realized macro paths.
layer2_peak,3,True,all three numerical criteria satisfied,8,1.0621182962038836e-06,7.580094984582786e-06,1.1641532182693479e-10,-162559.71892214235,294425.68868404353,888703,107,9.280954124988057,888703.0,0.0020298463658355,6.45209408553951,10.2593544999836,2.846343994140625,True,Term-free peak-unemployment sensitivity,Retrospective conditional validation using realized macro paths.
layer2_peak,4,True,all three numerical criteria satisfied,5,2.5552775172279955e-08,3.239943628940978e-07,2.3283064365386963e-10,-183620.497230082,517010.0811709793,888703,107,5.591768749989569,888703.0,0.0236279970881875,3.352495774690242,6.569460375001654,2.846343994140625,True,Term-free peak-unemployment sensitivity,Retrospective conditional validation using realized macro paths.
layer2_peak,5,True,all three numerical criteria satisfied,6,1.2784623885622038e-06,9.046636735954294e-06,1.4551915228366852e-10,-183450.68661987057,377810.1298640125,888703,107,6.842656582943164,888703.0,0.0038049355119007,4.754614847878853,7.819303084048443,2.846343994140625,True,Term-free peak-unemployment sensitivity,Retrospective conditional validation using realized macro paths.
layer2_peak,6,True,all three numerical criteria satisfied,7,3.366207584080498e-07,2.577323283542432e-06,2.3283064365386963e-10,-181541.43951192955,108046.87388145096,888703,107,9.528904250008054,888703.0,0.0877924779300857,4.611649192169792,10.89259858301375,2.846343994140625,True,Term-free peak-unemployment sensitivity,Retrospective conditional validation using realized macro paths.
layer2_peak,7,True,all three numerical criteria satisfied,6,1.332249582360869e-07,4.994177008388334e-06,8.149072527885436e-10,-175082.96189813153,357182.54694272636,888703,107,8.0767390410183,888702.9999999999,0.0232272759834576,5.975470766355622,9.317344709066674,2.846343994140625,True,Term-free peak-unemployment sensitivity,Retrospective conditional validation using realized macro paths.
layer2_peak,8,True,all three numerical criteria satisfied,5,2.813144289132206e-07,2.0277480556885052e-06,3.4924596548080444e-10,-188042.420920384,945076.3377140156,888703,107,6.595615458092652,888703.0,0.0346499985143249,3.5575231835031085,7.838847375009209,2.846343994140625,True,Term-free peak-unemployment sensitivity,Retrospective conditional validation using realized macro paths.
layer2_peak,9,True,all three numerical criteria satisfied,6,5.6694742853182224e-08,1.2192258698195957e-06,2.3283064365386963e-10,-187764.3640117797,265469.6978307107,888703,107,8.087817374966107,888702.9999999999,0.0230305464654023,2.891492572274013,9.342381166992707,2.846343994140625,True,Term-free peak-unemployment sensitivity,Retrospective conditional validation using realized macro paths.
layer2_peak,10,True,all three numerical criteria satisfied,6,2.4341294370964012e-08,1.913149500154532e-06,2.9103830456733704e-11,-182083.9844944276,471758.9289269985,888703,107,8.119949874933809,888703.0000000001,0.0220904574191982,3.919303311240676,9.35005604091566,2.846343994140625,True,Term-free peak-unemployment sensitivity,Retrospective conditional validation using realized macro paths.
layer2_peak,11,True,all three numerical criteria satisfied,6,1.0344205417495785e-07,2.926155211691039e-06,6.402842700481415e-10,-186046.90133272883,422204.33771194343,888703,107,8.0603727910202,888703.0,0.0212667188314366,8.82433058002044,9.27906370803248,2.846343994140625,True,Term-free peak-unemployment sensitivity,Retrospective conditional validation using realized macro paths.
layer2_peak,12,True,all three numerical criteria satisfied,8,6.347490760098221e-08,4.151531720897328e-07,8.731149137020111e-11,-185755.21908957988,729701.5392770864,888703,107,11.039805292035451,888703.0,0.0085766868891075,6.105370706759464,12.265348917106166,2.846343994140625,True,Term-free peak-unemployment sensitivity,Retrospective conditional validation using realized macro paths.
layer2_peak,13,True,all three numerical criteria satisfied,6,1.1135592190831889e-07,2.9212893526420203e-06,3.201421350240707e-10,-184477.50218605832,1662092.7276898506,888703,107,8.098354374989867,888703.0,0.0173448075464601,4.013849075460037,9.414534708019346,2.846343994140625,True,Term-free peak-unemployment sensitivity,Retrospective conditional validation using realized macro paths.
layer2_peak,14,True,all three numerical criteria satisfied,6,4.84589154416747e-08,2.7164756213338137e-06,6.111804395914078e-10,-180537.4939267632,645856.8625988708,888703,107,8.136344042024575,888703.0,0.0028175765548729,6.1064711059912575,9.362917916034348,2.846343994140625,True,Term-free peak-unemployment sensitivity,Retrospective conditional validation using realized macro paths.
layer2_peak,15,True,all three numerical criteria satisfied,6,1.3759019752593142e-08,5.162175080730691e-07,5.529727786779404e-10,-180812.50726077936,318321.21668623114,888703,107,8.173799708019942,888703.0,0.0162991238525442,4.1431377581006075,9.402399333077485,2.846343994140625,True,Term-free peak-unemployment sensitivity,Retrospective conditional validation using realized macro paths.
layer2_peak,16,True,all three numerical criteria satisfied,7,2.540644086460941e-07,3.530483467129031e-06,5.529727786779404e-10,-183882.81057107847,335618.0822132984,888703,107,9.79225854203105,888702.9999999998,0.00374381726009,3.311289064875493,11.024296832969412,2.846343994140625,True,Term-free peak-unemployment sensitivity,Retrospective conditional validation using realized macro paths.
layer2_peak,17,True,all three numerical criteria satisfied,7,2.0850928075613958e-07,1.4927174674106425e-06,5.529727786779404e-10,-182070.2199008956,829747.0243497244,888703,107,9.5809982920764,888702.9999999998,0.0009703428566543,3.853492030671344,10.806033625034615,2.846343994140625,True,Term-free peak-unemployment sensitivity,Retrospective conditional validation using realized macro paths.
layer2_peak,18,True,all three numerical criteria satisfied,6,1.008836031388223e-07,2.9954913620677814e-06,3.201421350240707e-10,-170889.03534401287,311336.21219928656,888703,107,8.091987833031453,888703.0000000001,0.0232503350347506,4.3123151447033345,9.32070679194294,2.846343994140625,True,Term-free peak-unemployment sensitivity,Retrospective conditional validation using realized macro paths.
layer2_peak,19,True,all three numerical criteria satisfied,6,1.261714236708058e-07,7.86569688271399e-06,5.820766091346741e-11,-174883.74261352487,772687.6381034065,888703,107,8.090437415987253,888703.0000000001,0.0130391255613709,5.7533641150957555,9.317965666064993,2.846343994140625,True,Term-free peak-unemployment sensitivity,Retrospective conditional validation using realized macro paths.
layer2_peak,20,True,all three numerical criteria satisfied,6,1.3398015948966406e-07,5.714930495503978e-06,5.529727786779404e-10,-177244.47818962994,452972.6762078314,888703,107,8.081379917101003,888703.0000000001,0.06123845843915,4.783408438945315,9.30887662502937,2.846343994140625,True,Term-free peak-unemployment sensitivity,Retrospective conditional validation using realized macro paths.
layer2_peak,21,True,all three numerical criteria satisfied,6,8.645974012699506e-08,3.575468773497903e-06,8.149072527885436e-10,-177686.2682801453,380110.67962504574,888703,107,8.13913258293178,888703.0,0.0562356793870129,4.350275288334712,9.365826083929278,2.846343994140625,True,Term-free peak-unemployment sensitivity,Retrospective conditional validation using realized macro paths.
layer2_peak,22,True,all three numerical criteria satisfied,6,9.668883140984968e-09,2.43311476744168e-07,2.9103830456733704e-11,-181573.35743535683,237382.4501448373,888703,107,8.137440874939784,888703.0,0.0290267380601609,4.898116997990359,9.383302874979565,2.846343994140625,True,Term-free peak-unemployment sensitivity,Retrospective conditional validation using realized macro paths.
layer2_peak,23,True,all three numerical criteria satisfied,5,2.531420562612574e-07,5.579234508404363e-06,1.6298145055770872e-09,-178423.18344457482,4119229.74669159,888703,107,6.638380000018515,888703.0,0.0322968720972172,6.038220814473942,7.862503833021037,2.846343994140625,True,Term-free peak-unemployment sensitivity,Retrospective conditional validation using realized macro paths.
layer2_peak,24,True,all three numerical criteria satisfied,6,2.0554185551348549e-07,2.1857081513587673e-06,6.111804395914078e-10,-180858.94723725363,444475.6112028743,888703,107,8.088478582911193,888703.0,0.0637971635286604,3.705730542652923,9.474601292051377,2.846343994140625,True,Term-free peak-unemployment sensitivity,Retrospective conditional validation using realized macro paths.
layer2_peak,25,True,all three numerical criteria satisfied,6,1.7225082155952136e-07,2.473038148376183e-06,2.6193447411060333e-10,-179498.63617860503,261537.1730502167,888703,107,8.21074637491256,888703.0,0.0164759862738707,3.841609277612688,9.45372191700153,2.846343994140625,True,Term-free peak-unemployment sensitivity,Retrospective conditional validation using realized macro paths.
layer2_peak,26,True,all three numerical criteria satisfied,6,1.8534119200792737e-08,3.497145957265247e-07,8.149072527885436e-10,-182359.3530842264,118246.02700245658,888703,107,8.119090541964397,888703.0000000001,0.0193852490522728,5.158925498433544,9.344807707937434,2.846343994140625,True,Term-free peak-unemployment sensitivity,Retrospective conditional validation using realized macro paths.
layer2_peak,27,True,all three numerical criteria satisfied,6,1.6777607490324e-07,4.975450222932665e-06,5.529727786779404e-10,-188941.24228277008,448046.23142490047,888703,107,8.108780000009574,888703.0,0.0204685608022255,4.909138160874508,9.362466832972132,2.846343994140625,True,Term-free peak-unemployment sensitivity,Retrospective conditional validation using realized macro paths.
layer2_peak,28,True,all three numerical criteria satisfied,6,9.967523492242113e-08,4.585778222043757e-06,5.529727786779404e-10,-174011.8832812093,341839.8098452205,888703,107,8.125922792009078,888702.9999999999,0.0104024499447088,4.653696064068932,9.351442583021708,2.846343994140625,True,Term-free peak-unemployment sensitivity,Retrospective conditional validation using realized macro paths.
layer2_peak,29,True,all three numerical criteria satisfied,5,1.2994741555044726e-07,2.294241677303077e-06,4.94765117764473e-10,-180474.68392099417,295631.24143810273,888703,107,6.646356542012654,888703.0,0.0200202853449038,5.054656274232979,7.875756125082262,2.846343994140625,True,Term-free peak-unemployment sensitivity,Retrospective conditional validation using realized macro paths.
layer2_peak,30,True,all three numerical criteria satisfied,7,9.72864513570152e-09,3.303774369634027e-07,1.0186340659856794e-09,-183111.84551206877,489494.32044242014,888703,107,9.574800916016102,888703.0,0.0427973723352767,4.133541046612516,10.947994625079446,2.846343994140625,True,Term-free peak-unemployment sensitivity,Retrospective conditional validation using realized macro paths.
layer2_peak,31,True,all three numerical criteria satisfied,5,2.424751049555128e-07,3.9505548405927016e-06,1.280568540096283e-09,-179706.8207280837,615240.8309044314,888703,107,6.633932374999858,888703.0,0.028494212807836,4.000840361633909,7.889651292003691,2.846343994140625,True,Term-free peak-unemployment sensitivity,Retrospective conditional validation using realized macro paths.
layer2_peak,32,False,iteration limit,100,6.751235886676143e-05,0.0003247285908263,6.082700565457344e-09,-189167.6351355805,3022631.577859728,888703,107,170.14486470806878,888703.0,2.671933141012403e-05,3.826812180785324,170.31794945790898,2.846343994140625,True,Term-free peak-unemployment sensitivity,Retrospective conditional validation using realized macro paths.
layer2_peak,33,True,all three numerical criteria satisfied,6,1.3078681997675153e-08,2.2788644238325162e-07,4.365574568510055e-10,-193164.73917552136,720546.5072972424,888703,107,8.131309374934062,888703.0000000001,0.040875980516176,6.150340071345556,9.403286374988966,2.846343994140625,True,Term-free peak-unemployment sensitivity,Retrospective conditional validation using realized macro paths.
layer2_peak,34,True,all three numerical criteria satisfied,5,6.288640788430833e-07,7.514095679450605e-06,8.731149137020111e-11,-176814.9445688329,225142.4024353004,888703,107,6.586958749918267,888703.0000000001,0.1547970530232914,4.590094745119928,7.804260208969936,2.846343994140625,True,Term-free peak-unemployment sensitivity,Retrospective conditional validation using realized macro paths.
layer2_peak,35,True,all three numerical criteria satisfied,6,1.4189480740153274e-07,4.662973517088886e-06,1.7462298274040222e-10,-179928.7814032454,514685.64951435826,888703,107,8.12488620809745,888703.0000000001,0.0173031654038404,5.766918898843453,9.346202832995914,2.846343994140625,True,Term-free peak-unemployment sensitivity,Retrospective conditional validation using realized macro paths.
layer2_peak,36,True,all three numerical criteria satisfied,10,6.931990650117441e-07,5.551749060250799e-06,4.94765117764473e-10,-188711.7355770306,4061439.631560864,888703,107,14.189891541958788,888703.0,0.0019584810858192,3.9544602803156783,15.4103929590201,2.846343994140625,True,Term-free peak-unemployment sensitivity,Retrospective conditional validation using realized macro paths.
layer2_peak,37,True,all three numerical criteria satisfied,6,1.2389848228391436e-06,8.846199117229503e-06,2.9103830456733704e-10,-178048.47363562393,317308.729669922,888703,107,8.10711220803205,888702.9999999999,0.0025234457213548,3.725870721992768,9.33153558394406,2.846343994140625,True,Term-free peak-unemployment sensitivity,Retrospective conditional validation using realized macro paths.
layer2_peak,38,True,all three numerical criteria satisfied,6,1.8635396650491857e-07,6.067879409155097e-06,7.275957614183425e-10,-188282.47650891345,507903.6749751844,888703,107,8.074055457953364,888702.9999999999,0.0221780714671427,2.9976000453304827,9.298630874953233,2.846343994140625,True,Term-free peak-unemployment sensitivity,Retrospective conditional validation using realized macro paths.
layer2_peak,39,True,all three numerical criteria satisfied,5,1.2782045347645849e-07,1.880821350219719e-06,1.0477378964424131e-09,-182118.6421976229,220293.68698764904,888703,107,6.615923583973199,888703.0,0.0185047888100038,2.824919881258972,7.836354041006416,2.846343994140625,True,Term-free peak-unemployment sensitivity,Retrospective conditional validation using realized macro paths.
layer2_peak,40,True,all three numerical criteria satisfied,6,2.250990204726369e-07,1.3013375934622928e-06,2.6193447411060333e-10,-177472.55275765166,577228.0156060829,888703,107,8.083518375060521,888703.0,0.0030345536648835,3.7873998358572663,9.309693999937735,2.846343994140625,True,Term-free peak-unemployment sensitivity,Retrospective conditional validation using realized macro paths.
layer2_peak,41,True,all three numerical criteria satisfied,7,5.5922469099911616e-08,8.436204496087285e-07,6.984919309616089e-10,-174781.89384503814,330580.95317559066,888703,107,9.68065774999559,888703.0,0.0031706513051884,6.378095970045363,10.89852854097262,2.846343994140625,True,Term-free peak-unemployment sensitivity,Retrospective conditional validation using realized macro paths.
layer2_peak,42,True,all three numerical criteria satisfied,46,1.6150802687288689e-06,8.486391557482875e-06,2.6193447411060333e-10,-185866.89180840316,2008451.7112038948,888703,107,68.02519404096529,888702.9999999999,5.187298326835802e-05,5.41225813616209,69.25265654199757,2.846343994140625,True,Term-free peak-unemployment sensitivity,Retrospective conditional validation using realized macro paths.
layer2_peak,43,True,all three numerical criteria satisfied,6,1.6718274031773257e-07,1.5686620532529003e-06,7.858034223318101e-10,-191979.16824249312,958803.0894654406,888703,107,8.117103124968708,888702.9999999999,0.0197522588223817,2.548970337746632,9.392671415931543,2.846343994140625,True,Term-free peak-unemployment sensitivity,Retrospective conditional validation using realized macro paths.
layer2_peak,44,True,all three numerical criteria satisfied,7,9.333197607729894e-07,6.7135055048517245e-06,4.365574568510055e-10,-190138.7659087221,4309591.1630397625,888703,107,9.592080625006927,888703.0,0.000479501732171,4.762597016802985,10.814197250059806,2.846343994140625,True,Term-free peak-unemployment sensitivity,Retrospective conditional validation using realized macro paths.
layer2_peak,45,True,all three numerical criteria satisfied,6,8.962966188163513e-08,3.613452094430869e-06,2.9103830456733704e-11,-183005.83379345984,372113.095918044,888703,107,8.138646292034537,888703.0,0.0068451297606912,5.281981144954133,9.367711082915775,2.846343994140625,True,Term-free peak-unemployment sensitivity,Retrospective conditional validation using realized macro paths.
layer2_peak,46,True,all three numerical criteria satisfied,6,9.56882359478638e-08,1.2636727912962442e-06,9.022187441587447e-10,-180934.99130185784,549174.4860597119,888703,107,8.13433570903726,888703.0,0.0522069847741842,2.746152578537486,9.359218916972168,2.846343994140625,True,Term-free peak-unemployment sensitivity,Retrospective conditional validation using realized macro paths.
layer2_peak,47,True,all three numerical criteria satisfied,5,4.645757736762792e-07,3.3824234548784915e-06,2.3283064365386963e-10,-177971.4428523374,246862.5260954825,888703,107,6.638086791033857,888703.0,0.0115604522562769,4.537865927935141,7.864207458915189,2.846343994140625,True,Term-free peak-unemployment sensitivity,Retrospective conditional validation using realized macro paths.
layer2_peak,48,True,all three numerical criteria satisfied,6,3.372350575575557e-07,3.25749778440354e-06,6.111804395914078e-10,-190173.38479147683,142627.0584866099,888703,107,8.131191125023179,888703.0,0.0134604863364911,4.036496709539327,9.36472691700328,2.846343994140625,True,Term-free peak-unemployment sensitivity,Retrospective conditional validation using realized macro paths.
layer2_peak,49,True,all three numerical criteria satisfied,6,9.589394695670225e-08,1.0398412481071873e-06,5.820766091346741e-10,-188472.94956882024,720658.6014350808,888703,107,8.142280707950704,888703.0000000001,0.0593979422331642,7.1231107814103165,9.37942374998238,2.846343994140625,True,Term-free peak-unemployment sensitivity,Retrospective conditional validation using realized macro paths.
layer2_peak,50,True,all three numerical criteria satisfied,5,9.369823131479733e-08,3.893815374578225e-07,1.7462298274040222e-10,-185014.02398852067,912990.37306614,888703,107,6.695706667029299,888703.0,0.0081399967078582,4.198421647958856,7.915834957966581,2.846343994140625,True,Term-free peak-unemployment sensitivity,Retrospective conditional validation using realized macro paths.
layer2_peak,51,True,all three numerical criteria satisfied,5,7.981068186154067e-07,9.705748460930865e-06,3.4924596548080444e-10,-188226.9955702269,550713.8406692507,888703,107,6.6045096250018105,888703.0,0.002307849387545,5.4034045305716605,7.824332292075269,2.846343994140625,True,Term-free peak-unemployment sensitivity,Retrospective conditional validation using realized macro paths.
layer2_peak,52,True,all three numerical criteria satisfied,5,1.3428568140686245e-07,2.0471255213205808e-06,2.3283064365386963e-10,-185813.1336564924,680129.621717551,888703,107,6.611692792037502,888703.0000000001,0.0245021277259365,6.094883547789354,7.840828042011708,2.846343994140625,True,Term-free peak-unemployment sensitivity,Retrospective conditional validation using realized macro paths.
layer2_peak,53,True,all three numerical criteria satisfied,6,2.2338389365552566e-08,6.989309599969573e-07,5.820766091346741e-10,-183382.39790438203,1840685.78500171,888703,107,8.30224770901259,888703.0,0.0315353097140118,6.15447488794414,9.528476040926762,2.846343994140625,True,Term-free peak-unemployment sensitivity,Retrospective conditional validation using realized macro paths.
layer2_peak,54,True,all three numerical criteria satisfied,6,4.8790409590444383e-08,2.332249730674363e-06,1.746229827404022e-09,-180808.47506677048,357167.011898679,888703,107,8.248117750044912,888703.0,0.0088121303120892,6.889461065447542,9.474729792098517,2.846343994140625,True,Term-free peak-unemployment sensitivity,Retrospective conditional validation using realized macro paths.
layer2_peak,55,True,all three numerical criteria satisfied,8,2.0885836723775266e-07,2.174355396622474e-06,1.164153218269348e-09,-179402.91670545065,5109371.959243922,888703,107,13.678384082973936,888703.0,0.0028353195488317,4.55527890925418,15.273792542051524,2.846343994140625,True,Term-free peak-unemployment sensitivity,Retrospective conditional validation using realized macro paths.
layer2_peak,56,True,all three numerical criteria satisfied,6,1.4196776010510876e-07,1.5118331350150171e-06,1.7462298274040222e-10,-185476.1510587127,419592.5132020197,888703,107,10.50030554109253,888702.9999999999,0.0351454425270131,4.652302788070034,12.200075624976307,2.846343994140625,True,Term-free peak-unemployment sensitivity,Retrospective conditional validation using realized macro paths.
layer2_peak,57,True,all three numerical criteria satisfied,5,1.8963332663415197e-07,2.7803384672342446e-06,4.94765117764473e-10,-181205.8147994792,4909708.555327319,888703,107,8.626307792030275,888703.0,0.0379422529590586,2.9584412214231617,10.309200625051744,2.846343994140625,True,Term-free peak-unemployment sensitivity,Retrospective conditional validation using realized macro paths.
layer2_peak,58,True,all three numerical criteria satisfied,6,1.0328363330933437e-07,5.0364869403907164e-06,1.1641532182693479e-10,-178631.20228744618,1270020.0007094168,888703,107,10.50721795798745,888703.0,0.092734666010339,4.7035088435462225,12.181643457966857,2.846343994140625,True,Term-free peak-unemployment sensitivity,Retrospective conditional validation using realized macro paths.
layer2_peak,59,True,all three numerical criteria satisfied,5,4.838339570548504e-07,6.208860592771259e-06,6.111804395914078e-10,-190396.5357917614,417187.51396739343,888703,107,8.63193274999503,888703.0,0.0334369810411836,5.681192912474982,10.339763832977042,2.846343994140625,True,Term-free peak-unemployment sensitivity,Retrospective conditional validation using realized macro paths.
layer2_peak,60,True,all three numerical criteria satisfied,5,2.6611567228176146e-07,4.796292887077058e-06,9.60426405072212e-10,-187888.096636916,1869096.7415881471,888703,107,8.794978750054725,888703.0,0.0408257569654563,3.8787669215894542,10.470425124978648,2.846343994140625,True,Term-free peak-unemployment sensitivity,Retrospective conditional validation using realized macro paths.
layer2_peak,61,True,all three numerical criteria satisfied,6,6.708402982424272e-08,9.391514406154043e-07,6.111804395914078e-10,-180929.14963355375,707729.8997503406,888703,107,10.603535250062125,888703.0,0.0045925093605477,3.879179740986448,12.32415600004606,2.846343994140625,True,Term-free peak-unemployment sensitivity,Retrospective conditional validation using realized macro paths.
layer2_peak,62,True,all three numerical criteria satisfied,7,6.570640420570219e-09,2.6006866749028745e-07,1.164153218269348e-09,-184574.9990871396,3573825.7137093865,888703,107,12.473707624943929,888702.9999999999,0.0281595840496906,4.98300669775842,14.16369458299596,2.846343994140625,True,Term-free peak-unemployment sensitivity,Retrospective conditional validation using realized macro paths.
layer2_peak,63,True,all three numerical criteria satisfied,6,5.7876785649899585e-08,1.6985756323695256e-06,1.5425030142068863e-09,-187597.9581363275,7627469.439456084,888703,107,10.644242624985054,888703.0,0.0197211978187364,4.971245772291472,12.343046499998309,2.846343994140625,True,Term-free peak-unemployment sensitivity,Retrospective conditional validation using realized macro paths.
layer2_peak,64,True,all three numerical criteria satisfied,7,5.860557896476166e-07,3.2601456987357835e-06,1.076841726899147e-09,-178047.83624920042,487747.68095782807,888703,107,12.470898166997358,888703.0,0.000700392366435,6.067645620952144,14.164433124940842,2.846343994140625,True,Term-free peak-unemployment sensitivity,Retrospective conditional validation using realized macro paths.
layer2_peak,65,True,all three numerical criteria satisfied,7,6.932904204244231e-09,3.852115311175908e-07,3.201421350240707e-10,-179557.68747134946,529691.6565819557,888703,107,12.499984540976584,888703.0,0.0391195797255609,6.3272929411735435,14.196932082995772,2.846343994140625,True,Term-free peak-unemployment sensitivity,Retrospective conditional validation using realized macro paths.
layer2_peak,66,True,all three numerical criteria satisfied,5,1.8961975487928278e-07,2.8171533628107426e-06,1.0477378964424131e-09,-169709.0036959513,237841.3592369039,888703,107,8.603037749999203,888703.0,0.0251045107193874,4.070821087022079,10.32001466699876,2.846343994140625,True,Term-free peak-unemployment sensitivity,Retrospective conditional validation using realized macro paths.
layer2_peak,67,True,all three numerical criteria satisfied,5,1.708939846837106e-07,7.126858353467824e-07,1.4551915228366852e-10,-185472.5897278312,181211.09752750365,888703,107,8.3727200840367,888703.0,0.0053429353341781,6.239273166525244,9.682879625004716,2.846343994140625,True,Term-free peak-unemployment sensitivity,Retrospective conditional validation using realized macro paths.
layer2_peak,68,True,all three numerical criteria satisfied,6,2.762364493059725e-07,8.869274519263115e-06,8.731149137020111e-11,-181886.5665005514,546590.7074753259,888703,107,8.237713582930155,888702.9999999999,0.0432571901824387,3.7440043396272262,9.475845332955942,2.846343994140625,True,Term-free peak-unemployment sensitivity,Retrospective conditional validation using realized macro paths.
layer2_peak,69,True,all three numerical criteria satisfied,5,1.274669758173297e-07,2.4697122873451605e-06,2.6193447411060333e-10,-178594.36216332935,2348258.9548586737,888703,107,6.642165041062981,888703.0000000001,0.014943410514381,6.533199212364526,7.874986000009812,2.846343994140625,True,Term-free peak-unemployment sensitivity,Retrospective conditional validation using realized macro paths.
layer2_peak,70,True,all three numerical criteria satisfied,6,1.457207879041747e-07,3.424550988340158e-06,4.074536263942718e-10,-191374.98810720615,1211699.060548987,888703,107,8.129391083028167,888703.0,0.0043142984536517,3.406390006978063,9.364703000057489,2.846343994140625,True,Term-free peak-unemployment sensitivity,Retrospective conditional validation using realized macro paths.
layer2_peak,71,True,all three numerical criteria satisfied,5,2.65604246652007e-07,6.264882131290506e-06,6.402842700481415e-10,-180582.0606136179,319243.52467094106,888703,107,6.70012570801191,888703.0,0.0591801175072972,6.27802032654848,7.935924915946089,2.846343994140625,True,Term-free peak-unemployment sensitivity,Retrospective conditional validation using realized macro paths.
layer2_peak,72,True,all three numerical criteria satisfied,6,1.3280726826271518e-07,4.118582050960384e-06,2.9103830456733704e-11,-177882.0832020067,334509.0819729996,888703,107,8.161738792085089,888703.0,0.0014315642310456,4.412670789824132,9.40882308408618,2.846343994140625,True,Term-free peak-unemployment sensitivity,Retrospective conditional validation using realized macro paths.
layer2_peak,73,True,all three numerical criteria satisfied,7,2.8744550501644493e-07,1.557958746012389e-06,5.529727786779404e-10,-183832.5193282064,230769.28383715337,888703,107,9.668362041935325,888703.0000000001,0.0085275395435091,3.330601401841403,10.906908125034532,2.846343994140625,True,Term-free peak-unemployment sensitivity,Retrospective conditional validation using realized macro paths.
layer2_peak,74,True,all three numerical criteria satisfied,7,5.66468733077476e-08,3.77730306880264e-07,5.820766091346741e-11,-190632.9056391157,107183.451936864,888703,107,9.621824375004508,888703.0000000001,0.0095703441429333,5.860509146748072,10.864958459045738,2.846343994140625,True,Term-free peak-unemployment sensitivity,Retrospective conditional validation using realized macro paths.
layer2_peak,75,True,all three numerical criteria satisfied,6,1.709387080154149e-07,1.8910657401116635e-06,2.3283064365386963e-10,-178436.94938378924,7466478.707826029,888703,107,8.31261841696687,888703.0,0.0099659255569614,4.18127637541845,9.556301083997823,2.846343994140625,True,Term-free peak-unemployment sensitivity,Retrospective conditional validation using realized macro paths.
layer2_peak,76,True,all three numerical criteria satisfied,5,2.7895633152010013e-07,8.340343451429533e-07,4.365574568510055e-10,-179607.15602755608,164657.88962165557,888703,107,6.663667125045322,888702.9999999999,0.0404919873208118,4.4943807177400155,7.901188999996521,2.846343994140625,True,Term-free peak-unemployment sensitivity,Retrospective conditional validation using realized macro paths.
layer2_peak,77,True,all three numerical criteria satisfied,5,3.99269838440286e-07,3.5397005033743767e-06,4.94765117764473e-10,-189590.89308912883,479733.5990442803,888703,107,6.724537499947473,888703.0,0.0300817154112731,2.5898768029974275,7.968581291032024,2.846343994140625,True,Term-free peak-unemployment sensitivity,Retrospective conditional validation using realized macro paths.
layer2_peak,78,True,all three numerical criteria satisfied,5,1.9380900045833317e-07,1.7578748454649684e-06,6.984919309616089e-10,-185346.94946238428,727044.4673667375,888703,107,6.69351608294528,888703.0,0.0263152120475424,3.133819808950843,7.927455415949225,2.846343994140625,True,Term-free peak-unemployment sensitivity,Retrospective conditional validation using realized macro paths.
layer2_peak,79,True,all three numerical criteria satisfied,5,1.974765700864029e-07,4.221511035407133e-06,2.037268131971359e-10,-179296.82317390962,225915.13585196433,888703,107,6.7278464999981225,888703.0,0.0324258167914218,3.3463943763004704,7.96540029195603,2.846343994140625,True,Term-free peak-unemployment sensitivity,Retrospective conditional validation using realized macro paths.
layer2_peak,80,True,all three numerical criteria satisfied,5,6.876094525444949e-07,9.781817809528803e-06,0.0,-185701.73358316816,1449409.7714484667,888703,107,6.664599958108738,888703.0,0.030652585851742,3.6284437477661537,7.896386250038631,2.846343994140625,True,Term-free peak-unemployment sensitivity,Retrospective conditional validation using realized macro paths.
layer2_peak,81,True,all three numerical criteria satisfied,15,9.644985019025032e-07,5.484572423108958e-06,1.4551915228366852e-10,-181066.9283322002,764761.2337735966,888703,107,22.44046791596338,888703.0,0.0006849317215522,4.824650114055133,23.74851583293639,2.846343994140625,True,Term-free peak-unemployment sensitivity,Retrospective conditional validation using realized macro paths.
layer2_peak,82,True,all three numerical criteria satisfied,6,3.742018718317996e-07,4.075256942570604e-06,7.858034223318101e-10,-184406.91052739864,430864.4425036128,888703,107,8.14797033299692,888703.0,0.0142088005086448,3.5725379716802843,9.382498209015466,2.846343994140625,True,Term-free peak-unemployment sensitivity,Retrospective conditional validation using realized macro paths.
layer2_peak,83,True,all three numerical criteria satisfied,6,1.1798522919623536e-07,1.3545449881746665e-06,6.693881005048752e-10,-185662.66224033028,1112093.5139626656,888703,107,8.20993879204616,888703.0,0.0053413387253527,3.4989463557314724,9.46108825004194,2.846343994140625,True,Term-free peak-unemployment sensitivity,Retrospective conditional validation using realized macro paths.
layer2_peak,84,True,all three numerical criteria satisfied,6,3.100240843878841e-07,2.6817813404411694e-06,4.656612873077393e-10,-185179.9637859742,314737.8024685595,888703,107,8.165100249927491,888703.0000000001,0.015694586669838,3.096390840052718,9.39907895901706,2.846343994140625,True,Term-free peak-unemployment sensitivity,Retrospective conditional validation using realized macro paths.
layer2_peak,85,True,all three numerical criteria satisfied,7,6.365928813071285e-09,2.079348488948085e-07,8.149072527885436e-10,-187689.8651801833,13311938.055843895,888703,107,9.636441624956204,888703.0,0.0097799736471651,8.38183462350918,10.878337083035149,2.846343994140625,True,Term-free peak-unemployment sensitivity,Retrospective conditional validation using realized macro paths.
layer2_peak,86,True,all three numerical criteria satisfied,6,1.8160891420267286e-07,7.350765165003992e-06,8.731149137020111e-11,-185840.05577229417,543451.2800122142,888703,107,8.481063707964495,888703.0000000001,0.0182713370892536,5.416494613913193,9.812411042046731,2.846343994140625,True,Term-free peak-unemployment sensitivity,Retrospective conditional validation using realized macro paths.
layer2_peak,87,True,all three numerical criteria satisfied,6,7.055319169236608e-08,9.277940056229284e-07,5.238689482212067e-10,-179728.73848294385,141963.13874110626,888703,107,8.229963666992262,888703.0000000001,0.0212301210958535,3.4359473454145726,9.477677582995966,2.846343994140625,True,Term-free peak-unemployment sensitivity,Retrospective conditional validation using realized macro paths.
layer2_peak,88,True,all three numerical criteria satisfied,6,1.3741454037030285e-08,4.250034522090829e-07,4.656612873077393e-10,-181691.6234046767,223270.1199020084,888703,107,8.159817042062059,888703.0,0.0340067679665858,4.511001235366601,9.417000874993391,2.846343994140625,True,Term-free peak-unemployment sensitivity,Retrospective conditional validation using realized macro paths.
layer2_peak,89,True,all three numerical criteria satisfied,5,2.183713539773217e-07,1.0684385747250502e-06,9.313225746154783e-10,-178346.1785874775,209085.07587055763,888703,107,6.753806542023085,888703.0,0.0096138169503189,3.9613808337750864,7.99536395794712,2.846343994140625,True,Term-free peak-unemployment sensitivity,Retrospective conditional validation using realized macro paths.
layer2_peak,90,True,all three numerical criteria satisfied,6,5.002128580364681e-07,4.612008068449747e-06,3.7834979593753815e-10,-187810.17128880517,171487.29592776168,888703,107,8.222628750023432,888703.0,0.0191243092315084,3.6622824916367698,9.475645917002112,2.846343994140625,True,Term-free peak-unemployment sensitivity,Retrospective conditional validation using realized macro paths.
layer2_peak,91,True,all three numerical criteria satisfied,5,5.701827830143847e-07,9.747824437855712e-06,8.731149137020111e-11,-179618.41824660863,278717.496798543,888703,107,6.663085916079581,888703.0,0.0100920136056389,5.867408343841085,7.896715209004469,2.846343994140625,True,Term-free peak-unemployment sensitivity,Retrospective conditional validation using realized macro paths.
layer2_peak,92,True,all three numerical criteria satisfied,6,1.4069426879102334e-07,1.5833501163520225e-06,6.402842700481415e-10,-185859.7065473233,316215.48658354423,888703,107,8.160549125052057,888703.0,0.0140864224001076,5.824021390159898,9.398295000079088,2.846343994140625,True,Term-free peak-unemployment sensitivity,Retrospective conditional validation using realized macro paths.
layer2_peak,93,True,all three numerical criteria satisfied,6,4.2684624752798944e-08,6.26536460490712e-07,5.238689482212067e-10,-176867.5732367726,124086.3090332424,888703,107,8.161323375068605,888703.0,0.0431477559783131,3.5093735352204765,9.396381457918324,2.846343994140625,True,Term-free peak-unemployment sensitivity,Retrospective conditional validation using realized macro paths.
layer2_peak,94,True,all three numerical criteria satisfied,6,2.4016108801235586e-07,6.301586413126614e-06,3.4924596548080444e-10,-189034.4664895601,474223.62759073,888703,107,8.179930833051912,888703.0,0.0113851780592075,3.819472121531172,9.420682542026045,2.846343994140625,True,Term-free peak-unemployment sensitivity,Retrospective conditional validation using realized macro paths.
layer2_peak,95,True,all three numerical criteria satisfied,5,1.3384106658378346e-07,2.758918419054623e-06,2.9103830456733704e-11,-169679.9107135917,899162.7254110925,888703,107,6.6529205000260845,888703.0,0.0303362466375399,5.4863810766744185,7.894051042036153,2.846343994140625,True,Term-free peak-unemployment sensitivity,Retrospective conditional validation using realized macro paths.
layer2_peak,96,True,all three numerical criteria satisfied,6,1.2027187760554772e-08,2.244273236140515e-07,3.4924596548080444e-10,-182444.79171356285,814543.1017214537,888703,107,8.201295915991068,888702.9999999999,0.0453614815749454,6.050452831115487,9.478660084074363,2.846343994140625,True,Term-free peak-unemployment sensitivity,Retrospective conditional validation using realized macro paths.
layer2_peak,97,True,all three numerical criteria satisfied,6,4.076180550366665e-07,9.210643468815505e-06,6.402842700481415e-10,-192648.00322539647,944138.3911344614,888703,107,8.21101270802319,888703.0,0.036029456282602,3.253115243338606,9.450739125022665,2.846343994140625,True,Term-free peak-unemployment sensitivity,Retrospective conditional validation using realized macro paths.
layer2_peak,98,True,all three numerical criteria satisfied,7,2.6132886022364945e-08,1.2062694061398815e-06,6.984919309616089e-10,-183939.8314595452,523877.53846056794,888703,107,9.647097458015196,888703.0,0.0082906950869292,4.600222304871662,10.88885950006079,2.846343994140625,True,Term-free peak-unemployment sensitivity,Retrospective conditional validation using realized macro paths.
layer2_peak,99,True,all three numerical criteria satisfied,5,2.4691443684869274e-07,3.9996799012786965e-06,1.1641532182693479e-10,-183750.58788321324,534509.6303447612,888703,107,6.841451333952136,888703.0,0.0338918030673935,5.863696060616122,8.081569750094786,2.846343994140625,True,Term-free peak-unemployment sensitivity,Retrospective conditional validation using realized macro paths.
layer2_peak,100,True,all three numerical criteria satisfied,5,2.896928195321843e-07,5.079973176114194e-06,5.820766091346741e-11,-181066.5856777393,1012998.7060318852,888703,107,6.663969667046331,888703.0,0.015484030306419,4.117888028916992,7.904371749958955,2.846343994140625,True,Term-free peak-unemployment sensitivity,Retrospective conditional validation using realized macro paths.
layer2_peak,101,True,all three numerical criteria satisfied,7,1.331648561650546e-07,1.1502707280008906e-06,1.3969838619232178e-09,-177006.84239211094,1054769.6135648536,888703,107,9.66517870896496,888703.0,0.0055732068700913,4.038848220115023,10.917065958026797,2.846343994140625,True,Term-free peak-unemployment sensitivity,Retrospective conditional validation using realized macro paths.
layer2_peak,102,True,all three numerical criteria satisfied,6,1.4521992480003005e-07,1.890521840075543e-06,1.6298145055770872e-09,-170331.47945270978,7470919.997708694,888703,107,8.23632833303418,888703.0,0.0068909011662529,6.087662800382199,9.48071679205168,2.846343994140625,True,Term-free peak-unemployment sensitivity,Retrospective conditional validation using realized macro paths.
layer2_peak,103,True,all three numerical criteria satisfied,5,1.843949498751829e-07,3.697930268442562e-06,7.566995918750762e-10,-185690.1660223803,333446.3551489081,888703,107,6.818240417051129,888703.0000000001,0.0213259240636828,4.0978032786268805,8.069636041997,2.846343994140625,True,Term-free peak-unemployment sensitivity,Retrospective conditional validation using realized macro paths.
layer2_peak,104,True,all three numerical criteria satisfied,6,1.840427614967481e-08,2.942543049222479e-07,8.149072527885436e-10,-176354.9957875781,576863.1673148037,888703,107,8.20886687503662,888703.0,0.0271657323980849,5.501105963802476,9.450003125006331,2.846343994140625,True,Term-free peak-unemployment sensitivity,Retrospective conditional validation using realized macro paths.
layer2_peak,105,True,all three numerical criteria satisfied,5,3.7783891511120906e-07,5.677595252828738e-06,5.820766091346741e-11,-183523.15550560612,4189359.790167942,888703,107,6.670172624988481,888703.0,0.0103036235802852,2.534344061929952,7.908873333944939,2.846343994140625,True,Term-free peak-unemployment sensitivity,Retrospective conditional validation using realized macro paths.
layer2_peak,106,True,all three numerical criteria satisfied,7,6.509682773446379e-08,5.949278938377489e-07,3.201421350240707e-10,-191044.22385486937,285269.5548378211,888703,107,9.845166250015607,888703.0,0.0429513295724538,2.9682750771011035,11.092852624948137,2.846343994140625,True,Term-free peak-unemployment sensitivity,Retrospective conditional validation using realized macro paths.
layer2_peak,107,True,all three numerical criteria satisfied,6,1.586385441574771e-07,1.407456509117111e-06,9.313225746154783e-10,-183474.64803646776,2139695.4892656733,888703,107,8.161417874973267,888703.0000000002,0.0016131474057185,3.7907995005052446,9.406310291029513,2.846343994140625,True,Term-free peak-unemployment sensitivity,Retrospective conditional validation using realized macro paths.
layer2_peak,108,True,all three numerical criteria satisfied,7,1.2315971809062634e-07,1.56128753192597e-06,5.529727786779404e-10,-191046.46635004372,15668230.54647072,888703,107,9.69722312502563,888703.0,0.0049589709022988,4.28877700511946,10.940095625002868,2.846343994140625,True,Term-free peak-unemployment sensitivity,Retrospective conditional validation using realized macro paths.
layer2_peak,109,True,all three numerical criteria satisfied,5,3.418938934147645e-07,3.079791608406879e-06,9.313225746154783e-10,-180653.62967194093,158465.93819794158,888703,107,6.7544575000647455,888703.0,0.0246809968862673,3.9559228686711583,7.994091000058688,2.846343994140625,True,Term-free peak-unemployment sensitivity,Retrospective conditional validation using realized macro paths.
layer2_peak,110,True,all three numerical criteria satisfied,6,6.700461189755105e-08,2.6325113133829348e-06,2.9103830456733704e-11,-169454.54719882787,2743037.48305116,888703,107,8.247328665922396,888702.9999999999,0.0103697102246764,4.697417780009981,9.48865025001578,2.846343994140625,True,Term-free peak-unemployment sensitivity,Retrospective conditional validation using realized macro paths.
layer2_peak,111,True,all three numerical criteria satisfied,5,1.0311242751004742e-06,7.131332208476504e-06,5.529727786779404e-10,-180770.91913541147,764112.876701052,888703,107,6.72294404101558,888703.0,0.0149553995969178,3.9203103146510343,7.966279875021428,2.846343994140625,True,Term-free peak-unemployment sensitivity,Retrospective conditional validation using realized macro paths.
layer2_peak,112,True,all three numerical criteria satisfied,6,4.9874435637827e-07,6.079277100612401e-06,1.164153218269348e-09,-184285.9890512544,186294.9764503448,888703,107,8.174324541934766,888703.0,0.0253627084113051,2.530124756762035,9.480307791964153,2.846343994140625,True,Term-free peak-unemployment sensitivity,Retrospective conditional validation using realized macro paths.
layer2_peak,113,True,all three numerical criteria satisfied,8,4.0660173045845414e-08,2.878356537006077e-07,9.313225746154783e-10,-183222.50957242437,361024.5204230257,888703,107,11.330615167040378,888703.0,0.0618435178769395,5.56710032209049,12.641630458994769,2.846343994140625,True,Term-free peak-unemployment sensitivity,Retrospective conditional validation using realized macro paths.
layer2_peak,114,True,all three numerical criteria satisfied,5,5.956271453841696e-07,7.942761147683441e-06,1.862645149230957e-09,-177442.67958720605,662354.3136394243,888703,107,6.69318408309482,888703.0000000002,0.0047347279875341,4.741647063236372,7.937483666930348,2.846343994140625,True,Term-free peak-unemployment sensitivity,Retrospective conditional validation using realized macro paths.
layer2_peak,115,True,all three numerical criteria satisfied,8,1.366078507684382e-06,6.86790546033933e-06,4.656612873077393e-10,-177999.74695134774,455220.0567220702,888703,107,11.19094999996014,888703.0,0.0008256862452304,5.974786745572165,12.43849341699388,2.846343994140625,True,Term-free peak-unemployment sensitivity,Retrospective conditional validation using realized macro paths.
layer2_peak,116,True,all three numerical criteria satisfied,6,4.606257131221361e-07,9.014106427840396e-06,3.4924596548080444e-10,-184698.84517776564,317345.06004446757,888703,107,8.237814208026975,888703.0,0.0035023079728657,5.516423656477068,9.489447250030937,2.846343994140625,True,Term-free peak-unemployment sensitivity,Retrospective conditional validation using realized macro paths.
layer2_peak,117,True,all three numerical criteria satisfied,7,2.4825179149560144e-08,8.465106522415056e-07,2.3283064365386963e-10,-188982.51672962712,864467.4648860687,888703,107,9.670356957940385,888703.0,0.0361759574793272,3.996929400379222,10.919944499968553,2.846343994140625,True,Term-free peak-unemployment sensitivity,Retrospective conditional validation using realized macro paths.
layer2_peak,118,True,all three numerical criteria satisfied,6,3.186620219916916e-09,7.675171476151378e-08,5.820766091346741e-10,-190460.51329336013,301366.01051561325,888703,107,8.189800207968801,888702.9999999999,0.0188508947383557,2.1372634486775093,9.437750458950177,2.846343994140625,True,Term-free peak-unemployment sensitivity,Retrospective conditional validation using realized macro paths.
layer2_peak,119,True,all three numerical criteria satisfied,6,1.1816249917548614e-07,4.1794980578657714e-06,3.4924596548080444e-10,-183260.05703827567,532148.9731043306,888703,107,8.192260791896842,888703.0000000001,0.0064006965387821,2.791690335189165,9.430719042080456,2.846343994140625,True,Term-free peak-unemployment sensitivity,Retrospective conditional validation using realized macro paths.
layer2_peak,120,True,all three numerical criteria satisfied,14,8.647567215636087e-07,6.882405793939839e-06,1.1350493878126142e-09,-180802.37998123112,5050806.340119775,888703,107,20.18065112491604,888702.9999999999,0.0001375316851396,3.8592282310921737,21.433657124987803,2.846343994140625,True,Term-free peak-unemployment sensitivity,Retrospective conditional validation using realized macro paths.
layer2_peak,121,True,all three numerical criteria satisfied,5,2.640073813789375e-07,4.032009467191955e-06,2.3283064365386963e-10,-180070.86839477177,974066.3441879252,888703,107,6.694661583984271,888703.0,0.0054403167913724,2.9192329310890788,7.9344158340245485,2.846343994140625,True,Term-free peak-unemployment sensitivity,Retrospective conditional validation using realized macro paths.
layer2_peak,122,True,all three numerical criteria satisfied,6,2.69355921101322e-08,3.901042238130259e-07,6.984919309616089e-10,-182526.2002350022,191807.37832737988,888703,107,8.134325957973488,888703.0,0.0130938377360736,5.086267420915437,9.3676608329406,2.846343994140625,True,Term-free peak-unemployment sensitivity,Retrospective conditional validation using realized macro paths.
layer2_peak,123,True,all three numerical criteria satisfied,8,3.581714278824357e-07,2.148155823888942e-06,2.6193447411060333e-10,-187426.2665048077,505009.86656331713,888703,107,11.129829332930967,888703.0000000001,0.0008288680207551,4.658195408594489,12.365977874957023,2.846343994140625,True,Term-free peak-unemployment sensitivity,Retrospective conditional validation using realized macro paths.
layer2_peak,124,True,all three numerical criteria satisfied,5,3.632131165983435e-07,4.415454499806515e-07,4.074536263942718e-10,-182746.02644048908,148866.8955809867,888703,107,6.656158542027697,888702.9999999999,0.0605923468123077,3.915721283918968,7.8898557079955935,2.846343994140625,True,Term-free peak-unemployment sensitivity,Retrospective conditional validation using realized macro paths.
layer2_peak,125,True,all three numerical criteria satisfied,5,1.570147766592014e-07,1.8605541314276053e-06,9.022187441587447e-10,-182104.82758592072,259996.8245110468,888703,107,6.661830625031143,888703.0,0.0224083828909052,8.494655967956877,7.896116249961779,2.846343994140625,True,Term-free peak-unemployment sensitivity,Retrospective conditional validation using realized macro paths.
layer2_peak,126,True,all three numerical criteria satisfied,5,5.230348166227725e-07,7.3691228439365375e-06,1.251464709639549e-09,-193832.11719094304,697905.5906027345,888703,107,6.663561666966416,888702.9999999999,0.0180015291297211,2.3336778408525567,7.897147292038426,2.846343994140625,True,Term-free peak-unemployment sensitivity,Retrospective conditional validation using realized macro paths.
layer2_peak,127,True,all three numerical criteria satisfied,6,1.2991824421219057e-07,1.7765577063899585e-06,4.94765117764473e-10,-181681.17175593585,2135242.750622701,888703,107,8.165625000023283,888703.0000000001,0.0097634653155279,4.957007268981905,9.40353616606444,2.846343994140625,True,Term-free peak-unemployment sensitivity,Retrospective conditional validation using realized macro paths.
layer2_peak,128,True,all three numerical criteria satisfied,6,4.7935445777100966e-08,1.2059608992531778e-06,1.367880031466484e-09,-184940.5014489469,8442293.253191765,888703,107,8.121362083940767,888703.0,0.0189619534381729,2.8178036633123944,9.353159124962986,2.846343994140625,True,Term-free peak-unemployment sensitivity,Retrospective conditional validation using realized macro paths.
layer2_peak,129,True,all three numerical criteria satisfied,6,7.445271123740856e-08,1.0697844806673018e-06,1.4842953532934187e-09,-170415.49741709634,167905.5747196473,888703,107,8.24064912495669,888703.0,0.0204680802308805,4.133960512882605,9.488306374987587,2.846343994140625,True,Term-free peak-unemployment sensitivity,Retrospective conditional validation using realized macro paths.
layer2_peak,130,True,all three numerical criteria satisfied,6,2.5874230598968944e-07,5.258846667466344e-06,1.1641532182693479e-10,-191891.94723550495,512857.29357289075,888703,107,8.116790792089887,888703.0,0.1391739291263143,4.2279205827300315,9.41024025005754,2.846343994140625,True,Term-free peak-unemployment sensitivity,Retrospective conditional validation using realized macro paths.
layer2_peak,131,True,all three numerical criteria satisfied,5,1.744270208178038e-07,3.7476506808964416e-06,1.1932570487260816e-09,-181772.54078385653,274472.7700144263,888703,107,6.789505667053163,888703.0,0.0148537845506371,3.432842971079191,8.086033208062872,2.846343994140625,True,Term-free peak-unemployment sensitivity,Retrospective conditional validation using realized macro paths.
layer2_peak,132,True,all three numerical criteria satisfied,6,2.0599494239299286e-07,2.601923919209881e-06,2.3283064365386963e-10,-181086.62494221845,209260.32777301807,888703,107,8.363817250006832,888703.0,0.0340698574438372,4.851697641910992,9.633456667070275,2.846343994140625,True,Term-free peak-unemployment sensitivity,Retrospective conditional validation using realized macro paths.
layer2_peak,133,True,all three numerical criteria satisfied,6,1.754439244068938e-07,3.675384852463992e-06,3.4924596548080444e-10,-188475.4819115184,793161.8760857228,888703,107,8.104002833017148,888702.9999999999,0.0027880600226777,2.7616553493586755,9.336223333026282,2.846343994140625,True,Term-free peak-unemployment sensitivity,Retrospective conditional validation using realized macro paths.
layer2_peak,134,True,all three numerical criteria satisfied,5,3.02189075567591e-07,3.3553207285930142e-06,1.280568540096283e-09,-190459.11591983665,1611737.1275213803,888703,107,6.7500294159399346,888703.0,0.0149377685325867,4.469534894457602,7.991866792086512,2.846343994140625,True,Term-free peak-unemployment sensitivity,Retrospective conditional validation using realized macro paths.
layer2_peak,135,True,all three numerical criteria satisfied,7,1.2982429112031198e-06,4.694532072857527e-06,5.529727786779404e-10,-179863.91254279888,279730.0389030665,888703,107,9.614360874984412,888703.0,0.0001001560892308,4.0378788601526105,10.850801415974274,2.846343994140625,True,Term-free peak-unemployment sensitivity,Retrospective conditional validation using realized macro paths.
layer2_peak,136,True,all three numerical criteria satisfied,6,8.413456095007765e-08,2.240825625610121e-06,2.6193447411060333e-10,-174119.35422817362,97225.22281483306,888703,107,8.181448166025802,888703.0,0.0013355451340094,5.789643559911159,9.41840800002683,2.846343994140625,True,Term-free peak-unemployment sensitivity,Retrospective conditional validation using realized macro paths.
layer2_peak,137,True,all three numerical criteria satisfied,5,1.803532127158831e-07,3.199475617221559e-06,6.111804395914078e-10,-177637.02468401816,131560.3788089813,888703,107,6.637179458979517,888703.0,0.0151072207457042,6.879185301121108,7.867925958009437,2.846343994140625,True,Term-free peak-unemployment sensitivity,Retrospective conditional validation using realized macro paths.
layer2_peak,138,True,all three numerical criteria satisfied,7,4.8414301393661e-08,1.5481611641554591e-06,8.731149137020111e-11,-188186.58738753933,628077.1618937625,888703,107,9.63004566601012,888703.0,0.0164233976691432,4.033165262396758,10.867403750075027,2.846343994140625,True,Term-free peak-unemployment sensitivity,Retrospective conditional validation using realized macro paths.
layer2_peak,139,True,all three numerical criteria satisfied,5,3.835959539942467e-07,1.7199732984529703e-06,1.076841726899147e-09,-171831.12794192552,159634.91008914151,888703,107,6.677999166073278,888703.0,0.0246507365030487,4.2236675173738005,8.101254499983042,2.846343994140625,True,Term-free peak-unemployment sensitivity,Retrospective conditional validation using realized macro paths.
layer2_peak,140,True,all three numerical criteria satisfied,5,7.103288600691447e-07,5.0848144341753e-06,5.820766091346741e-10,-185451.70640172216,280923.0416020983,888703,107,6.670190250035375,888703.0,0.016064028671406,5.751814276745343,7.927816999959759,2.846343994140625,True,Term-free peak-unemployment sensitivity,Retrospective conditional validation using realized macro paths.
layer2_peak,141,True,all three numerical criteria satisfied,5,1.2603084791317638e-06,8.092985738450409e-06,3.1432136893272404e-09,-176498.73280066703,245984.8650927273,888703,107,6.661080082994886,888702.9999999999,0.030306235327244,4.688509710128193,7.889459917088971,2.846343994140625,True,Term-free peak-unemployment sensitivity,Retrospective conditional validation using realized macro paths.
layer2_peak,142,True,all three numerical criteria satisfied,5,3.857059646897735e-07,3.939024918020451e-06,1.7462298274040222e-10,-178363.7874307997,178335.21622598675,888703,107,6.6549554580124095,888703.0,0.0068042207109848,3.617827471860569,7.88632279203739,2.846343994140625,True,Term-free peak-unemployment sensitivity,Retrospective conditional validation using realized macro paths.
layer2_peak,143,True,all three numerical criteria satisfied,6,2.1319246864273866e-07,4.510758111031521e-06,9.022187441587447e-10,-173664.546809806,460117.8065284097,888703,107,8.149792375043035,888703.0000000001,0.038483126452485,5.0123459575021245,9.392007249989549,2.846343994140625,True,Term-free peak-unemployment sensitivity,Retrospective conditional validation using realized macro paths.
layer2_peak,144,True,all three numerical criteria satisfied,6,3.028260691957737e-08,1.7411076536077985e-07,7.858034223318101e-10,-182815.9602681419,374888.20083109546,888703,107,8.19232870801352,888703.0,0.0229367635663095,11.39106908997646,9.43604466598481,2.846343994140625,True,Term-free peak-unemployment sensitivity,Retrospective conditional validation using realized macro paths.
layer2_peak,145,True,all three numerical criteria satisfied,6,5.418928631367778e-08,1.2713798605012985e-06,4.94765117764473e-10,-183270.1990787446,735423.1856848843,888703,107,8.25316962506622,888703.0,0.0199070461874233,2.4477106700977567,9.492860667058268,2.846343994140625,True,Term-free peak-unemployment sensitivity,Retrospective conditional validation using realized macro paths.
layer2_peak,146,True,all three numerical criteria satisfied,6,1.600965281995965e-08,2.331467907623619e-07,1.7171259969472883e-09,-188663.2292828291,427901.2174075084,888703,107,8.190360000007786,888703.0,0.0329343439299244,3.35053519883187,9.43899179098662,2.846343994140625,True,Term-free peak-unemployment sensitivity,Retrospective conditional validation using realized macro paths.
layer2_peak,147,True,all three numerical criteria satisfied,7,7.524067558040834e-08,7.811140916857973e-07,0.0,-183177.21695489457,240511.35776546068,888703,107,9.706551957991906,888703.0,0.0164316797294496,7.316928116477811,10.946372832986526,2.846343994140625,True,Term-free peak-unemployment sensitivity,Retrospective conditional validation using realized macro paths.
layer2_peak,148,True,all three numerical criteria satisfied,6,1.381489000712019e-07,6.737996143701963e-06,1.1641532182693479e-10,-184900.0753669584,555741.6218095367,888703,107,8.136197624960914,888703.0,0.0258527626243056,2.3652495161871565,9.377051834017038,2.846343994140625,True,Term-free peak-unemployment sensitivity,Retrospective conditional validation using realized macro paths.
layer2_peak,149,True,all three numerical criteria satisfied,7,8.289668057493524e-08,8.567921636615239e-07,1.164153218269348e-09,-177303.06857650576,145650.72985044116,888703,107,9.65785608405713,888703.0,0.0073307048262395,3.5645693991751353,10.89411370898597,2.846343994140625,True,Term-free peak-unemployment sensitivity,Retrospective conditional validation using realized macro paths.
layer2_peak,150,True,all three numerical criteria satisfied,27,1.1522533772678756e-06,8.492259129688762e-06,8.440110832452773e-10,-181284.25237047471,1415763.483237255,888703,107,40.31800729094539,888703.0000000001,7.747853228735493e-05,4.70583986214057,41.55723425000906,2.846343994140625,True,Term-free peak-unemployment sensitivity,Retrospective conditional validation using realized macro paths.
layer2_peak,151,True,all three numerical criteria satisfied,7,7.657840877732867e-08,6.929933571986346e-07,2.9103830456733704e-10,-170610.19839034876,2278892.821104634,888703,107,9.642895291908644,888702.9999999999,0.0157842500624143,4.405656995434847,10.886892582988366,2.846343994140625,True,Term-free peak-unemployment sensitivity,Retrospective conditional validation using realized macro paths.
layer2_peak,152,True,all three numerical criteria satisfied,7,6.680039024807525e-08,5.35376777133223e-07,1.2223608791828156e-09,-184254.5702610762,1187808.5503305804,888703,107,9.6576401659986,888703.0,0.0072005329310722,3.850303739446064,10.89341337501537,2.846343994140625,True,Term-free peak-unemployment sensitivity,Retrospective conditional validation using realized macro paths.
layer2_peak,153,True,all three numerical criteria satisfied,6,1.2146301045564458e-07,5.459342171665327e-06,6.984919309616089e-10,-175323.19108761314,678098.7980922665,888703,107,8.149249625043012,888702.9999999999,0.0232811136681863,5.145087340624228,9.38367795792874,2.846343994140625,True,Term-free peak-unemployment sensitivity,Retrospective conditional validation using realized macro paths.
layer2_peak,154,True,all three numerical criteria satisfied,6,3.2461122440532956e-08,2.862677483950194e-07,8.73114913702011e-10,-189029.2478580901,142284.84146621783,888703,107,8.267369667068124,888703.0,0.0468013489020182,4.229520047314503,9.74945220805239,2.846343994140625,True,Term-free peak-unemployment sensitivity,Retrospective conditional validation using realized macro paths.
layer2_peak,155,True,all three numerical criteria satisfied,5,3.5558536164089793e-07,3.788892703804336e-06,8.149072527885436e-10,-170439.2216174488,581296.0834848547,888703,107,6.678751333034597,888703.0,0.0453815038210871,4.426296774695583,7.934211124898866,2.846343994140625,True,Term-free peak-unemployment sensitivity,Retrospective conditional validation using realized macro paths.
layer2_peak,156,True,all three numerical criteria satisfied,5,2.787635736548433e-07,2.9871513866908117e-06,1.455191522836685e-09,-180004.39849823405,1248194.0305097888,888703,107,6.722613167017698,888702.9999999998,0.0367592094377293,4.604306872887619,7.957535499939695,2.846343994140625,True,Term-free peak-unemployment sensitivity,Retrospective conditional validation using realized macro paths.
layer2_peak,157,True,all three numerical criteria satisfied,10,3.336895527907817e-07,2.9438289514960303e-06,2.9103830456733704e-10,-176642.9947205564,594652.4156098079,888703,107,14.210054374998435,888703.0,0.0005169653112404,5.180508864325064,15.447529042023234,2.846343994140625,True,Term-free peak-unemployment sensitivity,Retrospective conditional validation using realized macro paths.
layer2_peak,158,True,all three numerical criteria satisfied,5,1.8179017146802978e-07,1.7763017996497157e-06,7.275957614183425e-10,-184324.08444043103,210299.13480455297,888703,107,6.668548000045121,888703.0,0.0116073391607876,4.778855185562173,7.898584750015289,2.846343994140625,True,Term-free peak-unemployment sensitivity,Retrospective conditional validation using realized macro paths.
layer2_peak,159,True,all three numerical criteria satisfied,16,1.1419030356840665e-06,9.103701708479406e-06,9.60426405072212e-10,-184178.10982602765,778993.8591963525,888703,107,24.027478583040647,888703.0,0.0004738219208843,3.0396369530720344,25.270096999942325,2.846343994140625,True,Term-free peak-unemployment sensitivity,Retrospective conditional validation using realized macro paths.
layer2_peak,160,True,all three numerical criteria satisfied,5,3.4942712210424277e-07,8.401711238725795e-06,1.6589183360338211e-09,-182218.73535893217,1409911.2159120124,888703,107,6.707625124952756,888703.0,0.0561112570412084,3.9001581741064553,7.959941332926974,2.846343994140625,True,Term-free peak-unemployment sensitivity,Retrospective conditional validation using realized macro paths.
layer2_peak,161,True,all three numerical criteria satisfied,6,2.9911375170023275e-08,6.359505403397137e-07,1.7462298274040222e-10,-183367.3592465287,353491.9197093703,888703,107,8.154231749940664,888703.0,0.0031169153257272,3.831922714864223,9.39529054099694,2.846343994140625,True,Term-free peak-unemployment sensitivity,Retrospective conditional validation using realized macro paths.
layer2_peak,162,True,all three numerical criteria satisfied,5,4.22919000331644e-07,7.477915228593091e-06,1.164153218269348e-09,-183500.3619737476,5452279.75612315,888703,107,6.659332875045948,888703.0,0.0570162903789907,4.301319634841198,7.896222040988505,2.846343994140625,True,Term-free peak-unemployment sensitivity,Retrospective conditional validation using realized macro paths.
layer2_peak,163,True,all three numerical criteria satisfied,8,1.1438549135086702e-06,8.096443061988978e-06,5.820766091346741e-10,-185335.94012354745,3451266.4672921747,888703,107,11.140842541004533,888703.0000000002,0.0019217469417057,4.301752831975967,12.380109750083648,2.846343994140625,True,Term-free peak-unemployment sensitivity,Retrospective conditional validation using realized macro paths.
layer2_peak,164,True,all three numerical criteria satisfied,6,1.6154896141558914e-08,2.1507818548371918e-07,2.9103830456733704e-10,-179975.39115168247,244794.56617310256,888703,107,8.14143537497148,888703.0000000001,0.0242174341006551,3.3739334086539157,9.377156083937734,2.846343994140625,True,Term-free peak-unemployment sensitivity,Retrospective conditional validation using realized macro paths.
layer2_peak,165,True,all three numerical criteria satisfied,6,2.8111400765396393e-08,1.223972812436358e-06,2.3283064365386963e-10,-185445.729189081,908389.5200980466,888703,107,8.175535875023343,888702.9999999999,0.0054511732730804,5.865671385864775,9.417542291921563,2.846343994140625,True,Term-free peak-unemployment sensitivity,Retrospective conditional validation using realized macro paths.
layer2_peak,166,True,all three numerical criteria satisfied,6,1.2669941709083398e-07,1.639448649282116e-06,4.656612873077393e-10,-182941.94799375295,237703.5117959912,888703,107,8.293262917082757,888702.9999999998,0.0258555518103868,3.1232808148146223,9.546723874984307,2.846343994140625,True,Term-free peak-unemployment sensitivity,Retrospective conditional validation using realized macro paths.
layer2_peak,167,True,all three numerical criteria satisfied,5,1.376424956339811e-07,1.4525777112250893e-06,1.1350493878126142e-09,-188904.28206433976,2412091.3745697835,888703,107,6.712628958048299,888703.0,0.013140939327155,2.5867590768266955,7.961594374966808,2.846343994140625,True,Term-free peak-unemployment sensitivity,Retrospective conditional validation using realized macro paths.
layer2_peak,168,True,all three numerical criteria satisfied,7,7.054047990181057e-07,3.779719981444885e-06,1.3969838619232178e-09,-188976.20169186627,359700.1416689471,888703,107,9.628385666990653,888703.0,0.0072240759004076,4.326055527488839,10.870289625017904,2.846343994140625,True,Term-free peak-unemployment sensitivity,Retrospective conditional validation using realized macro paths.
layer2_peak,169,True,all three numerical criteria satisfied,7,3.290195997873724e-07,5.419825405250656e-06,1.4551915228366852e-10,-169754.33684186317,338417.3848498955,888703,107,9.637044333969245,888703.0,0.0032624773923244,3.376354133209942,10.87513499998022,2.846343994140625,True,Term-free peak-unemployment sensitivity,Retrospective conditional validation using realized macro paths.
layer2_peak,170,True,all three numerical criteria satisfied,6,1.6161538863715008e-07,2.3728006141032765e-06,4.365574568510055e-10,-177439.56296090732,489922.259476962,888703,107,8.25239341694396,888703.0000000001,0.0281370346189077,3.801509979655772,9.489587790914811,2.846343994140625,True,Term-free peak-unemployment sensitivity,Retrospective conditional validation using realized macro paths.
layer2_peak,171,True,all three numerical criteria satisfied,6,9.473402066586157e-08,2.90972526695299e-06,6.693881005048752e-10,-183466.67005041975,12922467.117285002,888703,107,8.14364475000184,888703.0000000001,0.0271378361609439,3.295701968141187,9.41356283298228,2.846343994140625,True,Term-free peak-unemployment sensitivity,Retrospective conditional validation using realized macro paths.
layer2_peak,172,True,all three numerical criteria satisfied,7,1.6018182293530993e-08,5.753192104940297e-07,8.149072527885436e-10,-186117.25125207123,577530.63719823,888703,107,9.74022437504027,888703.0000000001,0.0253547874963183,3.3481194457739423,10.991222625016237,2.846343994140625,True,Term-free peak-unemployment sensitivity,Retrospective conditional validation using realized macro paths.
layer2_peak,173,True,all three numerical criteria satisfied,6,1.390204705173383e-07,3.1808992253523627e-06,1.7462298274040222e-10,-188645.00848603813,919286.1179830343,888703,107,8.291138166910969,888703.0000000002,0.0104752540200735,3.325227350719061,9.55259745894,2.846343994140625,True,Term-free peak-unemployment sensitivity,Retrospective conditional validation using realized macro paths.
layer2_peak,174,True,all three numerical criteria satisfied,6,9.481234202830313e-08,3.6138220149695144e-06,1.7462298274040222e-10,-183767.75316482113,363573.53274182306,888703,107,8.192768707987852,888702.9999999999,0.0209939490425942,3.7468079133698526,9.432310083066112,2.846343994140625,True,Term-free peak-unemployment sensitivity,Retrospective conditional validation using realized macro paths.
layer2_peak,175,True,all three numerical criteria satisfied,6,1.283799568641884e-07,7.4554335824927875e-06,9.89530235528946e-10,-175398.40276581753,539429.5278131732,888703,107,8.13692583295051,888702.9999999998,0.0084860047195824,4.334733543558475,9.377409667009488,2.846343994140625,True,Term-free peak-unemployment sensitivity,Retrospective conditional validation using realized macro paths.
layer2_peak,176,True,all three numerical criteria satisfied,5,2.2609635011976065e-07,4.698653226498095e-06,3.4924596548080444e-10,-179009.71358976388,593505.3105707001,888703,107,6.6658564589452,888703.0,0.0103035397201574,4.518214003173106,7.941802417044528,2.846343994140625,True,Term-free peak-unemployment sensitivity,Retrospective conditional validation using realized macro paths.
layer2_peak,177,True,all three numerical criteria satisfied,6,5.8115837024019446e-08,1.8092507942935043e-06,1.4551915228366852e-10,-182127.9990915169,936346.872520209,888703,107,8.142751042032614,888703.0000000002,0.0229251442433069,5.502924683658466,9.388424583012238,2.846343994140625,True,Term-free peak-unemployment sensitivity,Retrospective conditional validation using realized macro paths.
layer2_peak,178,True,all three numerical criteria satisfied,6,1.3670647619526006e-07,5.013548742827112e-06,1.7171259969472883e-09,-183436.5863865283,438816.3072657561,888703,107,8.183968500001356,888702.9999999999,0.00745233583564,4.317730151974508,9.424978915951217,2.846343994140625,True,Term-free peak-unemployment sensitivity,Retrospective conditional validation using realized macro paths.
layer2_peak,179,True,all three numerical criteria satisfied,7,4.480027761527228e-09,2.2681947298153207e-07,4.365574568510055e-10,-184144.4046444964,508839.8087149056,888703,107,9.7241073329933,888703.0,0.003170336398249,5.1619151108272545,10.95800399989821,2.846343994140625,True,Term-free peak-unemployment sensitivity,Retrospective conditional validation using realized macro paths.
layer2_peak,180,True,all three numerical criteria satisfied,9,2.56942315424169e-07,2.8094741282291835e-06,5.238689482212067e-10,-181516.52250593752,1338669.3916284852,888703,107,12.6474060829496,888703.0000000001,0.0012803225057467,4.551923711373941,13.884735249914227,2.846343994140625,True,Term-free peak-unemployment sensitivity,Retrospective conditional validation using realized macro paths.
layer2_peak,181,True,all three numerical criteria satisfied,5,3.240786720021866e-07,5.23453538114893e-06,2.9103830456733704e-11,-184203.98252809903,282436.7044752106,888703,107,6.846773041994311,888702.9999999999,0.0141441222136996,3.948975675804935,8.082383375032805,2.846343994140625,True,Term-free peak-unemployment sensitivity,Retrospective conditional validation using realized macro paths.
layer2_peak,182,True,all three numerical criteria satisfied,6,1.5019093468794465e-07,6.013500631230073e-06,4.656612873077393e-10,-179271.25967969882,799281.2789501025,888703,107,8.162798541947268,888702.9999999999,0.0164237223133127,2.9438959802328832,9.400808458100071,2.846343994140625,True,Term-free peak-unemployment sensitivity,Retrospective conditional validation using realized macro paths.
layer2_peak,183,True,all three numerical criteria satisfied,6,1.4337816010953608e-08,6.32107278075722e-07,2.6193447411060333e-10,-183407.46425290417,3477352.7645201054,888703,107,8.204040167038329,888703.0,0.0320149076018723,3.5581962630391257,9.453633124940096,2.846343994140625,True,Term-free peak-unemployment sensitivity,Retrospective conditional validation using realized macro paths.
layer2_peak,184,True,all three numerical criteria satisfied,9,7.192456809914285e-07,5.214079437099173e-06,1.1059455573558807e-09,-181964.3058086448,707462.9559358845,888703,107,12.715843249927277,888703.0,0.0010161564529395,5.197652810653577,13.994474333012477,2.846343994140625,True,Term-free peak-unemployment sensitivity,Retrospective conditional validation using realized macro paths.
layer2_peak,185,True,all three numerical criteria satisfied,5,5.104999057927638e-08,6.952585167585568e-07,7.858034223318101e-10,-175386.49124376682,869795.5368889781,888703,107,6.672435000073165,888703.0000000001,0.0461470578391701,4.893628019302409,7.911057666991837,2.846343994140625,True,Term-free peak-unemployment sensitivity,Retrospective conditional validation using realized macro paths.
layer2_peak,186,True,all three numerical criteria satisfied,8,5.174801590062407e-07,2.877452306204731e-06,3.4924596548080444e-10,-192419.05132179172,427667.33483960025,888703,107,11.126020041061564,888703.0,0.0006999731398465,4.278816456938234,12.370794084039517,2.846343994140625,True,Term-free peak-unemployment sensitivity,Retrospective conditional validation using realized macro paths.
layer2_peak,187,True,all three numerical criteria satisfied,5,3.847680507677498e-07,2.0692248210441022e-06,3.4924596548080444e-10,-177145.86564557065,383831.7497699491,888703,107,6.66871379094664,888703.0,0.0269007427808669,6.103825633964266,7.902946957969107,2.846343994140625,True,Term-free peak-unemployment sensitivity,Retrospective conditional validation using realized macro paths.
layer2_peak,188,True,all three numerical criteria satisfied,9,4.653041733515062e-07,3.06107178049686e-06,4.94765117764473e-10,-184485.48760795343,693647.3938270995,888703,107,12.624966083094478,888703.0000000001,0.0008813130598338,3.1196424696201195,13.858537249965591,2.846343994140625,True,Term-free peak-unemployment sensitivity,Retrospective conditional validation using realized macro paths.
layer2_peak,189,True,all three numerical criteria satisfied,6,1.8131627171526005e-08,5.244244609681203e-07,0.0,-178159.92730119693,458519.8655631469,888703,107,8.349978249985725,888703.0000000001,0.0284320828963338,3.409672241719177,9.590043957927264,2.846343994140625,True,Term-free peak-unemployment sensitivity,Retrospective conditional validation using realized macro paths.
layer2_peak,190,True,all three numerical criteria satisfied,5,2.943233584238821e-07,4.660373570263346e-06,2.0081643015146255e-09,-189480.54429467753,374770.841251008,888703,107,6.667153042042628,888703.0,0.0216125498793978,3.683309528058522,7.943412041990086,2.846343994140625,True,Term-free peak-unemployment sensitivity,Retrospective conditional validation using realized macro paths.
layer2_peak,191,True,all three numerical criteria satisfied,5,1.161828760479934e-06,7.185619535277077e-06,6.984919309616089e-10,-184854.1934548089,863406.8164533392,888703,107,6.662684499984607,888703.0,0.0030782280007528,3.711673057730605,7.89247954194434,2.846343994140625,True,Term-free peak-unemployment sensitivity,Retrospective conditional validation using realized macro paths.
layer2_peak,192,True,all three numerical criteria satisfied,7,5.581952994213487e-07,4.57293868621339e-06,2.037268131971359e-10,-183900.9046128289,169767.08221207664,888703,107,9.609989333897827,888703.0,0.0219424071808607,4.809267752785757,10.84909841697663,2.846343994140625,True,Term-free peak-unemployment sensitivity,Retrospective conditional validation using realized macro paths.
layer2_peak,193,True,all three numerical criteria satisfied,8,1.17406115940355e-07,1.895444127320012e-06,1.251464709639549e-09,-186372.20615474775,17276108.756428942,888703,107,11.29927966708783,888703.0000000001,0.0059486921746151,5.898349297819935,12.52909229195211,2.846343994140625,True,Term-free peak-unemployment sensitivity,Retrospective conditional validation using realized macro paths.
layer2_peak,194,True,all three numerical criteria satisfied,7,1.7832879544949755e-07,1.6983787333724187e-06,7.275957614183425e-10,-178266.29734212777,144345.00920052372,888703,107,9.808721500099637,888703.0,0.0375062887207906,6.496347706035844,11.042459832970051,2.846343994140625,True,Term-free peak-unemployment sensitivity,Retrospective conditional validation using realized macro paths.
layer2_peak,195,True,all three numerical criteria satisfied,6,1.154588147046126e-07,3.2663708053881635e-06,1.4551915228366852e-10,-179301.12688995135,717868.2106013237,888703,107,8.16354845801834,888703.0,0.0168779154144355,2.8508007483113667,9.405148333054967,2.846343994140625,True,Term-free peak-unemployment sensitivity,Retrospective conditional validation using realized macro paths.
layer2_peak,196,True,all three numerical criteria satisfied,5,6.200298494286281e-07,5.194929017460215e-06,1.4842953532934187e-09,-183765.08439103933,529199.1866555279,888703,107,6.666437417035922,888703.0,0.0151272601472457,3.929402766683291,7.963631125050597,2.846343994140625,True,Term-free peak-unemployment sensitivity,Retrospective conditional validation using realized macro paths.
layer2_peak,197,True,all three numerical criteria satisfied,6,2.2532762656163828e-08,5.958624200719242e-07,9.89530235528946e-10,-182985.02671539225,310280.3395068831,888703,107,8.14556245796848,888703.0,0.0251887336007333,3.742275449925992,9.411414167028852,2.846343994140625,True,Term-free peak-unemployment sensitivity,Retrospective conditional validation using realized macro paths.
layer2_peak,198,True,all three numerical criteria satisfied,7,1.876903362495843e-06,7.151192388921146e-06,3.4924596548080444e-10,-185786.2734179401,540856.9708638465,888703,107,9.615933208027856,888703.0,0.0021189329470485,5.107691774026443,10.854807666968554,2.846343994140625,True,Term-free peak-unemployment sensitivity,Retrospective conditional validation using realized macro paths.
layer2_peak,199,True,all three numerical criteria satisfied,5,2.181430060943269e-07,4.512866221384471e-06,1.7462298274040222e-10,-178350.86678623702,226972.9883182843,888703,107,6.722683249972761,888703.0,0.0160006998858496,3.617232139546292,7.954516208032146,2.846343994140625,True,Term-free peak-unemployment sensitivity,Retrospective conditional validation using realized macro paths.
