bin,lower_edge,upper_edge,n,predicted_pd,recorded_rate,lower,upper,undefined_draws,variant,model,cohort,outcome,probabilities,layer_interpretation,training_row_sha256,specification_role
1,-inf,0.0102762898947053,40545,0.0077510811204242,0.0072758663213713,,,0,layer1,firth_raw,training_1991_2002,recorded charge-off within 36 months,raw,Approval-descriptor prediction,97993c926897a2c2b2bf84dda98dda9e21305de47f3044706c514f41feb7589a,Term-free primary specification
2,0.0102762898947053,0.0137460994330406,40544,0.0120684150228492,0.0093478689818468,,,0,layer1,firth_raw,training_1991_2002,recorded charge-off within 36 months,raw,Approval-descriptor prediction,97993c926897a2c2b2bf84dda98dda9e21305de47f3044706c514f41feb7589a,Term-free primary specification
3,0.0137460994330406,0.0170246891147201,40544,0.0153748703882351,0.0139848066298342,,,0,layer1,firth_raw,training_1991_2002,recorded charge-off within 36 months,raw,Approval-descriptor prediction,97993c926897a2c2b2bf84dda98dda9e21305de47f3044706c514f41feb7589a,Term-free primary specification
4,0.0170246891147201,0.0205729962485955,40544,0.0187587279316019,0.0175858326756116,,,0,layer1,firth_raw,training_1991_2002,recorded charge-off within 36 months,raw,Approval-descriptor prediction,97993c926897a2c2b2bf84dda98dda9e21305de47f3044706c514f41feb7589a,Term-free primary specification
5,0.0205729962485955,0.0247961280501349,40544,0.0226087363475685,0.0228887134964483,,,0,layer1,firth_raw,training_1991_2002,recorded charge-off within 36 months,raw,Approval-descriptor prediction,97993c926897a2c2b2bf84dda98dda9e21305de47f3044706c514f41feb7589a,Term-free primary specification
6,0.0247961280501349,0.030266658036992,40545,0.0273840371142897,0.0270810210876803,,,0,layer1,firth_raw,training_1991_2002,recorded charge-off within 36 months,raw,Approval-descriptor prediction,97993c926897a2c2b2bf84dda98dda9e21305de47f3044706c514f41feb7589a,Term-free primary specification
7,0.030266658036992,0.0380766715297017,40544,0.0339121024465128,0.0359855958958168,,,0,layer1,firth_raw,training_1991_2002,recorded charge-off within 36 months,raw,Approval-descriptor prediction,97993c926897a2c2b2bf84dda98dda9e21305de47f3044706c514f41feb7589a,Term-free primary specification
8,0.0380766715297017,0.0496762409925393,40544,0.0434042838071896,0.046911996842936,,,0,layer1,firth_raw,training_1991_2002,recorded charge-off within 36 months,raw,Approval-descriptor prediction,97993c926897a2c2b2bf84dda98dda9e21305de47f3044706c514f41feb7589a,Term-free primary specification
9,0.0496762409925393,0.0709753802358753,40544,0.0591234884553341,0.0622533543804262,,,0,layer1,firth_raw,training_1991_2002,recorded charge-off within 36 months,raw,Approval-descriptor prediction,97993c926897a2c2b2bf84dda98dda9e21305de47f3044706c514f41feb7589a,Term-free primary specification
10,0.0709753802358753,inf,40545,0.1060037733775349,0.1020594401282525,,,0,layer1,firth_raw,training_1991_2002,recorded charge-off within 36 months,raw,Approval-descriptor prediction,97993c926897a2c2b2bf84dda98dda9e21305de47f3044706c514f41feb7589a,Term-free primary specification
1,-inf,0.0102762898947053,4374,0.007528189246691,0.0112025605852766,0.0064510098234986,0.0170977347065002,0,layer1,firth_raw,calibration_2003H2,recorded charge-off within 36 months,raw,Approval-descriptor prediction,97993c926897a2c2b2bf84dda98dda9e21305de47f3044706c514f41feb7589a,Term-free primary specification
2,0.0102762898947053,0.0137460994330406,3297,0.011941925411964,0.0121322414316044,0.0090407865694201,0.0168063018268658,0,layer1,firth_raw,calibration_2003H2,recorded charge-off within 36 months,raw,Approval-descriptor prediction,97993c926897a2c2b2bf84dda98dda9e21305de47f3044706c514f41feb7589a,Term-free primary specification
3,0.0137460994330406,0.0170246891147201,2919,0.0153193208187957,0.0232956491949297,0.017811366736112,0.0290246330783145,0,layer1,firth_raw,calibration_2003H2,recorded charge-off within 36 months,raw,Approval-descriptor prediction,97993c926897a2c2b2bf84dda98dda9e21305de47f3044706c514f41feb7589a,Term-free primary specification
4,0.0170246891147201,0.0205729962485955,2637,0.0187442229269595,0.0337504740235115,0.0207532502061482,0.0429502483251676,0,layer1,firth_raw,calibration_2003H2,recorded charge-off within 36 months,raw,Approval-descriptor prediction,97993c926897a2c2b2bf84dda98dda9e21305de47f3044706c514f41feb7589a,Term-free primary specification
5,0.0205729962485955,0.0247961280501349,2356,0.0225804157859102,0.0280135823429541,0.0215901122879278,0.0337542586862975,0,layer1,firth_raw,calibration_2003H2,recorded charge-off within 36 months,raw,Approval-descriptor prediction,97993c926897a2c2b2bf84dda98dda9e21305de47f3044706c514f41feb7589a,Term-free primary specification
6,0.0247961280501349,0.030266658036992,2147,0.0274599603270711,0.0288775034932463,0.0199995124329595,0.0381301333801333,0,layer1,firth_raw,calibration_2003H2,recorded charge-off within 36 months,raw,Approval-descriptor prediction,97993c926897a2c2b2bf84dda98dda9e21305de47f3044706c514f41feb7589a,Term-free primary specification
7,0.030266658036992,0.0380766715297017,2054,0.0339201374435744,0.0350535540408958,0.0267939519508811,0.0442379807692307,0,layer1,firth_raw,calibration_2003H2,recorded charge-off within 36 months,raw,Approval-descriptor prediction,97993c926897a2c2b2bf84dda98dda9e21305de47f3044706c514f41feb7589a,Term-free primary specification
8,0.0380766715297017,0.0496762409925393,2061,0.043572698327793,0.0533721494420184,0.0436741226185636,0.0612144911252892,0,layer1,firth_raw,calibration_2003H2,recorded charge-off within 36 months,raw,Approval-descriptor prediction,97993c926897a2c2b2bf84dda98dda9e21305de47f3044706c514f41feb7589a,Term-free primary specification
9,0.0496762409925393,0.0709753802358753,2752,0.0598502883409129,0.0566860465116279,0.0445591869001161,0.0726457970921117,0,layer1,firth_raw,calibration_2003H2,recorded charge-off within 36 months,raw,Approval-descriptor prediction,97993c926897a2c2b2bf84dda98dda9e21305de47f3044706c514f41feb7589a,Term-free primary specification
10,0.0709753802358753,inf,7358,0.1259884776532973,0.0970372383799945,0.0852527645564266,0.1099882564037823,0,layer1,firth_raw,calibration_2003H2,recorded charge-off within 36 months,raw,Approval-descriptor prediction,97993c926897a2c2b2bf84dda98dda9e21305de47f3044706c514f41feb7589a,Term-free primary specification
1,-inf,0.0102762898947053,31377,0.0070367685120597,0.052235714058068,0.0421673594975517,0.0619601181399803,0,layer1,firth_raw,crisis_2007_2009,recorded charge-off within 36 months,raw,Approval-descriptor prediction,97993c926897a2c2b2bf84dda98dda9e21305de47f3044706c514f41feb7589a,Term-free primary specification
2,0.0102762898947053,0.0137460994330406,16171,0.0119613755161963,0.0859563415991589,0.0651442310079734,0.1036978282395731,0,layer1,firth_raw,crisis_2007_2009,recorded charge-off within 36 months,raw,Approval-descriptor prediction,97993c926897a2c2b2bf84dda98dda9e21305de47f3044706c514f41feb7589a,Term-free primary specification
3,0.0137460994330406,0.0170246891147201,12543,0.0153275297619593,0.0945547317228733,0.0695471425175882,0.1182072050786521,0,layer1,firth_raw,crisis_2007_2009,recorded charge-off within 36 months,raw,Approval-descriptor prediction,97993c926897a2c2b2bf84dda98dda9e21305de47f3044706c514f41feb7589a,Term-free primary specification
4,0.0170246891147201,0.0205729962485955,10090,0.0187209823726669,0.1002973240832507,0.0729622654106759,0.1260069678739253,0,layer1,firth_raw,crisis_2007_2009,recorded charge-off within 36 months,raw,Approval-descriptor prediction,97993c926897a2c2b2bf84dda98dda9e21305de47f3044706c514f41feb7589a,Term-free primary specification
5,0.0205729962485955,0.0247961280501349,8824,0.0225550691102419,0.1101541251133272,0.0839882103040116,0.135063590080236,0,layer1,firth_raw,crisis_2007_2009,recorded charge-off within 36 months,raw,Approval-descriptor prediction,97993c926897a2c2b2bf84dda98dda9e21305de47f3044706c514f41feb7589a,Term-free primary specification
6,0.0247961280501349,0.030266658036992,8290,0.0273527957212497,0.1159227985524728,0.0910638204923112,0.1412208482496979,0,layer1,firth_raw,crisis_2007_2009,recorded charge-off within 36 months,raw,Approval-descriptor prediction,97993c926897a2c2b2bf84dda98dda9e21305de47f3044706c514f41feb7589a,Term-free primary specification
7,0.030266658036992,0.0380766715297017,8624,0.034035708569291,0.1318413729128014,0.1082546242682946,0.15556369610064,0,layer1,firth_raw,crisis_2007_2009,recorded charge-off within 36 months,raw,Approval-descriptor prediction,97993c926897a2c2b2bf84dda98dda9e21305de47f3044706c514f41feb7589a,Term-free primary specification
8,0.0380766715297017,0.0496762409925393,11130,0.0438571262487614,0.1494159928122192,0.1143045757850889,0.1832215366787444,0,layer1,firth_raw,crisis_2007_2009,recorded charge-off within 36 months,raw,Approval-descriptor prediction,97993c926897a2c2b2bf84dda98dda9e21305de47f3044706c514f41feb7589a,Term-free primary specification
9,0.0496762409925393,0.0709753802358753,19353,0.060170513382044,0.1671575466335968,0.1307618383106093,0.1999812243058902,0,layer1,firth_raw,crisis_2007_2009,recorded charge-off within 36 months,raw,Approval-descriptor prediction,97993c926897a2c2b2bf84dda98dda9e21305de47f3044706c514f41feb7589a,Term-free primary specification
10,0.0709753802358753,inf,54909,0.1315703608980774,0.1642171592999326,0.1318634276177513,0.1933655711985996,0,layer1,firth_raw,crisis_2007_2009,recorded charge-off within 36 months,raw,Approval-descriptor prediction,97993c926897a2c2b2bf84dda98dda9e21305de47f3044706c514f41feb7589a,Term-free primary specification
1,-inf,0.0102762898947053,33943,0.0066164948613371,0.0058922310933034,0.0046565563690039,0.0071672522383764,0,layer1,firth_raw,additional_cohort_2011_2013,recorded charge-off within 36 months,raw,Approval-descriptor prediction,97993c926897a2c2b2bf84dda98dda9e21305de47f3044706c514f41feb7589a,Term-free primary specification
2,0.0102762898947053,0.0137460994330406,13447,0.0119431947673562,0.0095932178181006,0.0077454733746162,0.01191909598038,0,layer1,firth_raw,additional_cohort_2011_2013,recorded charge-off within 36 months,raw,Approval-descriptor prediction,97993c926897a2c2b2bf84dda98dda9e21305de47f3044706c514f41feb7589a,Term-free primary specification
3,0.0137460994330406,0.0170246891147201,9097,0.0152917459619971,0.0114323403319775,0.0092282454154618,0.0137457185018703,0,layer1,firth_raw,additional_cohort_2011_2013,recorded charge-off within 36 months,raw,Approval-descriptor prediction,97993c926897a2c2b2bf84dda98dda9e21305de47f3044706c514f41feb7589a,Term-free primary specification
4,0.0170246891147201,0.0205729962485955,6780,0.0186730015453155,0.011504424778761,0.0094248761504885,0.0142175269318604,0,layer1,firth_raw,additional_cohort_2011_2013,recorded charge-off within 36 months,raw,Approval-descriptor prediction,97993c926897a2c2b2bf84dda98dda9e21305de47f3044706c514f41feb7589a,Term-free primary specification
5,0.0205729962485955,0.0247961280501349,5490,0.0225002591489821,0.0138433515482695,0.0109287691678101,0.0170793341679417,0,layer1,firth_raw,additional_cohort_2011_2013,recorded charge-off within 36 months,raw,Approval-descriptor prediction,97993c926897a2c2b2bf84dda98dda9e21305de47f3044706c514f41feb7589a,Term-free primary specification
6,0.0247961280501349,0.030266658036992,4725,0.0273595686574129,0.0131216931216931,0.0099752227173537,0.0167635940873168,0,layer1,firth_raw,additional_cohort_2011_2013,recorded charge-off within 36 months,raw,Approval-descriptor prediction,97993c926897a2c2b2bf84dda98dda9e21305de47f3044706c514f41feb7589a,Term-free primary specification
7,0.030266658036992,0.0380766715297017,4819,0.034022212392725,0.017015978418759,0.0130571458499182,0.0207578971244419,0,layer1,firth_raw,additional_cohort_2011_2013,recorded charge-off within 36 months,raw,Approval-descriptor prediction,97993c926897a2c2b2bf84dda98dda9e21305de47f3044706c514f41feb7589a,Term-free primary specification
8,0.0380766715297017,0.0496762409925393,6398,0.0438496129793612,0.01734917161613,0.0134127843559774,0.0209677681250276,0,layer1,firth_raw,additional_cohort_2011_2013,recorded charge-off within 36 months,raw,Approval-descriptor prediction,97993c926897a2c2b2bf84dda98dda9e21305de47f3044706c514f41feb7589a,Term-free primary specification
9,0.0496762409925393,0.0709753802358753,10525,0.060002532772143,0.020522565320665,0.0173972800572871,0.023628273945034,0,layer1,firth_raw,additional_cohort_2011_2013,recorded charge-off within 36 months,raw,Approval-descriptor prediction,97993c926897a2c2b2bf84dda98dda9e21305de47f3044706c514f41feb7589a,Term-free primary specification
10,0.0709753802358753,inf,24778,0.1382464089338501,0.0294212607958673,0.0253289348861349,0.0333835442625335,0,layer1,firth_raw,additional_cohort_2011_2013,recorded charge-off within 36 months,raw,Approval-descriptor prediction,97993c926897a2c2b2bf84dda98dda9e21305de47f3044706c514f41feb7589a,Term-free primary specification
1,-inf,0.0120741088347323,40545,0.0096515378585594,0.0073745221358983,,,0,layer1,elasticnet_raw,training_1991_2002,recorded charge-off within 36 months,raw,Approval-descriptor prediction,97993c926897a2c2b2bf84dda98dda9e21305de47f3044706c514f41feb7589a,Term-free primary specification
2,0.0120741088347323,0.0153587647777452,40544,0.013765997103075,0.0097425019731649,,,0,layer1,elasticnet_raw,training_1991_2002,recorded charge-off within 36 months,raw,Approval-descriptor prediction,97993c926897a2c2b2bf84dda98dda9e21305de47f3044706c514f41feb7589a,Term-free primary specification
3,0.0153587647777452,0.0185388774556271,40544,0.0169487198085455,0.0142561168113654,,,0,layer1,elasticnet_raw,training_1991_2002,recorded charge-off within 36 months,raw,Approval-descriptor prediction,97993c926897a2c2b2bf84dda98dda9e21305de47f3044706c514f41feb7589a,Term-free primary specification
4,0.0185388774556271,0.0219965623553526,40543,0.0202141083001779,0.0171669585378487,,,0,layer1,elasticnet_raw,training_1991_2002,recorded charge-off within 36 months,raw,Approval-descriptor prediction,97993c926897a2c2b2bf84dda98dda9e21305de47f3044706c514f41feb7589a,Term-free primary specification
5,0.0219965623553526,0.0261660239085708,40528,0.0240166894287402,0.0227743782076589,,,0,layer1,elasticnet_raw,training_1991_2002,recorded charge-off within 36 months,raw,Approval-descriptor prediction,97993c926897a2c2b2bf84dda98dda9e21305de47f3044706c514f41feb7589a,Term-free primary specification
6,0.0261660239085708,0.0315659082917955,40562,0.0287323750554595,0.0285488881218874,,,0,layer1,elasticnet_raw,training_1991_2002,recorded charge-off within 36 months,raw,Approval-descriptor prediction,97993c926897a2c2b2bf84dda98dda9e21305de47f3044706c514f41feb7589a,Term-free primary specification
7,0.0315659082917955,0.0390999493590336,40544,0.0351135692965427,0.0368735201262825,,,0,layer1,elasticnet_raw,training_1991_2002,recorded charge-off within 36 months,raw,Approval-descriptor prediction,97993c926897a2c2b2bf84dda98dda9e21305de47f3044706c514f41feb7589a,Term-free primary specification
8,0.0390999493590336,0.0498233095857852,40544,0.0440821308075699,0.0464433701657458,,,0,layer1,elasticnet_raw,training_1991_2002,recorded charge-off within 36 months,raw,Approval-descriptor prediction,97993c926897a2c2b2bf84dda98dda9e21305de47f3044706c514f41feb7589a,Term-free primary specification
9,0.0498233095857852,0.0681253076491031,40544,0.0580344540505432,0.0625986582478295,,,0,layer1,elasticnet_raw,training_1991_2002,recorded charge-off within 36 months,raw,Approval-descriptor prediction,97993c926897a2c2b2bf84dda98dda9e21305de47f3044706c514f41feb7589a,Term-free primary specification
10,0.0681253076491031,inf,40545,0.0949202320725321,0.0995930447650758,,,0,layer1,elasticnet_raw,training_1991_2002,recorded charge-off within 36 months,raw,Approval-descriptor prediction,97993c926897a2c2b2bf84dda98dda9e21305de47f3044706c514f41feb7589a,Term-free primary specification
1,-inf,0.0120741088347323,4235,0.009371421982798,0.007556080283353,0.0032291370370349,0.0132061811663729,0,layer1,elasticnet_raw,calibration_2003H2,recorded charge-off within 36 months,raw,Approval-descriptor prediction,97993c926897a2c2b2bf84dda98dda9e21305de47f3044706c514f41feb7589a,Term-free primary specification
2,0.0120741088347323,0.0153587647777452,2936,0.0137360423872514,0.0112397820163487,0.0077821563682219,0.015799736134023,0,layer1,elasticnet_raw,calibration_2003H2,recorded charge-off within 36 months,raw,Approval-descriptor prediction,97993c926897a2c2b2bf84dda98dda9e21305de47f3044706c514f41feb7589a,Term-free primary specification
3,0.0153587647777452,0.0185388774556271,2747,0.0169580558571985,0.0178376410629777,0.0122823293217465,0.0255617875471183,0,layer1,elasticnet_raw,calibration_2003H2,recorded charge-off within 36 months,raw,Approval-descriptor prediction,97993c926897a2c2b2bf84dda98dda9e21305de47f3044706c514f41feb7589a,Term-free primary specification
4,0.0185388774556271,0.0219965623553526,2621,0.0202229441168366,0.0312857687905379,0.0204935530626789,0.0418356090079542,0,layer1,elasticnet_raw,calibration_2003H2,recorded charge-off within 36 months,raw,Approval-descriptor prediction,97993c926897a2c2b2bf84dda98dda9e21305de47f3044706c514f41feb7589a,Term-free primary specification
5,0.0219965623553526,0.0261660239085708,2538,0.0239677453869245,0.0338849487785658,0.0241542896115143,0.04183476126335,0,layer1,elasticnet_raw,calibration_2003H2,recorded charge-off within 36 months,raw,Approval-descriptor prediction,97993c926897a2c2b2bf84dda98dda9e21305de47f3044706c514f41feb7589a,Term-free primary specification
6,0.0261660239085708,0.0315659082917955,2318,0.0286771407806733,0.0319240724762726,0.0250564631767507,0.0389683335346561,0,layer1,elasticnet_raw,calibration_2003H2,recorded charge-off within 36 months,raw,Approval-descriptor prediction,97993c926897a2c2b2bf84dda98dda9e21305de47f3044706c514f41feb7589a,Term-free primary specification
7,0.0315659082917955,0.0390999493590336,2308,0.0350331261072022,0.0359618717504332,0.028342564689389,0.0439217685399829,0,layer1,elasticnet_raw,calibration_2003H2,recorded charge-off within 36 months,raw,Approval-descriptor prediction,97993c926897a2c2b2bf84dda98dda9e21305de47f3044706c514f41feb7589a,Term-free primary specification
8,0.0390999493590336,0.0498233095857852,2223,0.0441786626057219,0.0499325236167341,0.0419248532960907,0.0573476278212012,0,layer1,elasticnet_raw,calibration_2003H2,recorded charge-off within 36 months,raw,Approval-descriptor prediction,97993c926897a2c2b2bf84dda98dda9e21305de47f3044706c514f41feb7589a,Term-free primary specification
9,0.0498233095857852,0.0681253076491031,3021,0.0585965672130854,0.0628930817610062,0.0529248545662036,0.0740630050904489,0,layer1,elasticnet_raw,calibration_2003H2,recorded charge-off within 36 months,raw,Approval-descriptor prediction,97993c926897a2c2b2bf84dda98dda9e21305de47f3044706c514f41feb7589a,Term-free primary specification
10,0.0681253076491031,inf,7008,0.1062789604939091,0.0978881278538812,0.085403398911537,0.1103628085724193,0,layer1,elasticnet_raw,calibration_2003H2,recorded charge-off within 36 months,raw,Approval-descriptor prediction,97993c926897a2c2b2bf84dda98dda9e21305de47f3044706c514f41feb7589a,Term-free primary specification
1,-inf,0.0120741088347323,19146,0.009220104773216,0.024757129426512,0.0204358960100464,0.0284995285594843,0,layer1,elasticnet_raw,crisis_2007_2009,recorded charge-off within 36 months,raw,Approval-descriptor prediction,97993c926897a2c2b2bf84dda98dda9e21305de47f3044706c514f41feb7589a,Term-free primary specification
2,0.0120741088347323,0.0153587647777452,13599,0.0137334529039824,0.0523567909405103,0.0438262276227943,0.0599741237507938,0,layer1,elasticnet_raw,crisis_2007_2009,recorded charge-off within 36 months,raw,Approval-descriptor prediction,97993c926897a2c2b2bf84dda98dda9e21305de47f3044706c514f41feb7589a,Term-free primary specification
3,0.0153587647777452,0.0185388774556271,12938,0.0169340485782802,0.0781419075591281,0.0589372667372063,0.0948313166970681,0,layer1,elasticnet_raw,crisis_2007_2009,recorded charge-off within 36 months,raw,Approval-descriptor prediction,97993c926897a2c2b2bf84dda98dda9e21305de47f3044706c514f41feb7589a,Term-free primary specification
4,0.0185388774556271,0.0219965623553526,12370,0.0202352245124257,0.0992724333063864,0.0736470187424788,0.1236922530675885,0,layer1,elasticnet_raw,crisis_2007_2009,recorded charge-off within 36 months,raw,Approval-descriptor prediction,97993c926897a2c2b2bf84dda98dda9e21305de47f3044706c514f41feb7589a,Term-free primary specification
5,0.0219965623553526,0.0261660239085708,11698,0.0239834132617059,0.1145494956402803,0.0819266070505087,0.1438023876210526,0,layer1,elasticnet_raw,crisis_2007_2009,recorded charge-off within 36 months,raw,Approval-descriptor prediction,97993c926897a2c2b2bf84dda98dda9e21305de47f3044706c514f41feb7589a,Term-free primary specification
6,0.0261660239085708,0.0315659082917955,10604,0.0286764653117269,0.1213692946058091,0.0865224207739596,0.1564222168532166,0,layer1,elasticnet_raw,crisis_2007_2009,recorded charge-off within 36 months,raw,Approval-descriptor prediction,97993c926897a2c2b2bf84dda98dda9e21305de47f3044706c514f41feb7589a,Term-free primary specification
7,0.0315659082917955,0.0390999493590336,9543,0.035075400183036,0.1255370428586398,0.0989532041452552,0.1569304640755403,0,layer1,elasticnet_raw,crisis_2007_2009,recorded charge-off within 36 months,raw,Approval-descriptor prediction,97993c926897a2c2b2bf84dda98dda9e21305de47f3044706c514f41feb7589a,Term-free primary specification
8,0.0390999493590336,0.0498233095857852,9836,0.0442873126341881,0.1320658804392029,0.1068553501862071,0.1587488473143237,0,layer1,elasticnet_raw,crisis_2007_2009,recorded charge-off within 36 months,raw,Approval-descriptor prediction,97993c926897a2c2b2bf84dda98dda9e21305de47f3044706c514f41feb7589a,Term-free primary specification
9,0.0498233095857852,0.0681253076491031,18253,0.0592339071168327,0.1715882320714403,0.1308425508027743,0.2091086437608013,0,layer1,elasticnet_raw,crisis_2007_2009,recorded charge-off within 36 months,raw,Approval-descriptor prediction,97993c926897a2c2b2bf84dda98dda9e21305de47f3044706c514f41feb7589a,Term-free primary specification
10,0.0681253076491031,inf,63324,0.1114656950708018,0.1663034552460362,0.1349734970128484,0.1946857305447764,0,layer1,elasticnet_raw,crisis_2007_2009,recorded charge-off within 36 months,raw,Approval-descriptor prediction,97993c926897a2c2b2bf84dda98dda9e21305de47f3044706c514f41feb7589a,Term-free primary specification
1,-inf,0.0120741088347323,22016,0.0089472306305527,0.0031340843023255,0.0021987187663481,0.0041240247551273,0,layer1,elasticnet_raw,additional_cohort_2011_2013,recorded charge-off within 36 months,raw,Approval-descriptor prediction,97993c926897a2c2b2bf84dda98dda9e21305de47f3044706c514f41feb7589a,Term-free primary specification
2,0.0120741088347323,0.0153587647777452,12603,0.0136948279982647,0.0056335793065143,0.0039438377135572,0.0078998110270651,0,layer1,elasticnet_raw,additional_cohort_2011_2013,recorded charge-off within 36 months,raw,Approval-descriptor prediction,97993c926897a2c2b2bf84dda98dda9e21305de47f3044706c514f41feb7589a,Term-free primary specification
3,0.0153587647777452,0.0185388774556271,10113,0.0168741700247041,0.0084050232374171,0.0061259331306666,0.0111016545228794,0,layer1,elasticnet_raw,additional_cohort_2011_2013,recorded charge-off within 36 months,raw,Approval-descriptor prediction,97993c926897a2c2b2bf84dda98dda9e21305de47f3044706c514f41feb7589a,Term-free primary specification
4,0.0185388774556271,0.0219965623553526,8999,0.0201833398813516,0.0105567285253917,0.007540793488716,0.013786206163994,0,layer1,elasticnet_raw,additional_cohort_2011_2013,recorded charge-off within 36 months,raw,Approval-descriptor prediction,97993c926897a2c2b2bf84dda98dda9e21305de47f3044706c514f41feb7589a,Term-free primary specification
5,0.0219965623553526,0.0261660239085708,7894,0.0239340531245227,0.0139346338991639,0.0115722603670235,0.0165233099325138,0,layer1,elasticnet_raw,additional_cohort_2011_2013,recorded charge-off within 36 months,raw,Approval-descriptor prediction,97993c926897a2c2b2bf84dda98dda9e21305de47f3044706c514f41feb7589a,Term-free primary specification
6,0.0261660239085708,0.0315659082917955,6891,0.0286313249038319,0.0162530837324045,0.0133484215411481,0.0197089976755628,0,layer1,elasticnet_raw,additional_cohort_2011_2013,recorded charge-off within 36 months,raw,Approval-descriptor prediction,97993c926897a2c2b2bf84dda98dda9e21305de47f3044706c514f41feb7589a,Term-free primary specification
7,0.0315659082917955,0.0390999493590336,6318,0.0351385615862208,0.0164609053497942,0.0119806491189752,0.0209341989558483,0,layer1,elasticnet_raw,additional_cohort_2011_2013,recorded charge-off within 36 months,raw,Approval-descriptor prediction,97993c926897a2c2b2bf84dda98dda9e21305de47f3044706c514f41feb7589a,Term-free primary specification
8,0.0390999493590336,0.0498233095857852,7248,0.0443685640197036,0.0165562913907284,0.0136046529980901,0.0199406987371219,0,layer1,elasticnet_raw,additional_cohort_2011_2013,recorded charge-off within 36 months,raw,Approval-descriptor prediction,97993c926897a2c2b2bf84dda98dda9e21305de47f3044706c514f41feb7589a,Term-free primary specification
9,0.0498233095857852,0.0681253076491031,10513,0.0586799330441893,0.0192143060972129,0.0168916484974879,0.021854603593634,0,layer1,elasticnet_raw,additional_cohort_2011_2013,recorded charge-off within 36 months,raw,Approval-descriptor prediction,97993c926897a2c2b2bf84dda98dda9e21305de47f3044706c514f41feb7589a,Term-free primary specification
10,0.0681253076491031,inf,27407,0.1138130787987772,0.0298828766373554,0.0254493946916411,0.0341371217783283,0,layer1,elasticnet_raw,additional_cohort_2011_2013,recorded charge-off within 36 months,raw,Approval-descriptor prediction,97993c926897a2c2b2bf84dda98dda9e21305de47f3044706c514f41feb7589a,Term-free primary specification
1,-inf,0.0160754634487376,40545,0.0133308886089872,0.0073745221358983,,,0,layer1,elasticnet_calibrated,training_1991_2002,recorded charge-off within 36 months,2003H2 sigmoid calibrated,Approval-descriptor prediction,97993c926897a2c2b2bf84dda98dda9e21305de47f3044706c514f41feb7589a,Term-free primary specification
2,0.0160754634487376,0.0196006149807546,40544,0.0179037268299127,0.0097425019731649,,,0,layer1,elasticnet_calibrated,training_1991_2002,recorded charge-off within 36 months,2003H2 sigmoid calibrated,Approval-descriptor prediction,97993c926897a2c2b2bf84dda98dda9e21305de47f3044706c514f41feb7589a,Term-free primary specification
3,0.0196006149807546,0.0228874716653819,40544,0.0212530055587047,0.0142561168113654,,,0,layer1,elasticnet_calibrated,training_1991_2002,recorded charge-off within 36 months,2003H2 sigmoid calibrated,Approval-descriptor prediction,97993c926897a2c2b2bf84dda98dda9e21305de47f3044706c514f41feb7589a,Term-free primary specification
4,0.0228874716653819,0.0263499188960659,40543,0.0245737167905822,0.0171669585378487,,,0,layer1,elasticnet_calibrated,training_1991_2002,recorded charge-off within 36 months,2003H2 sigmoid calibrated,Approval-descriptor prediction,97993c926897a2c2b2bf84dda98dda9e21305de47f3044706c514f41feb7589a,Term-free primary specification
5,0.0263499188960659,0.0304003609082477,40528,0.0283226404566657,0.0227743782076589,,,0,layer1,elasticnet_calibrated,training_1991_2002,recorded charge-off within 36 months,2003H2 sigmoid calibrated,Approval-descriptor prediction,97993c926897a2c2b2bf84dda98dda9e21305de47f3044706c514f41feb7589a,Term-free primary specification
6,0.0304003609082477,0.0354825304610494,40562,0.0328295098679134,0.0285488881218874,,,0,layer1,elasticnet_calibrated,training_1991_2002,recorded charge-off within 36 months,2003H2 sigmoid calibrated,Approval-descriptor prediction,97993c926897a2c2b2bf84dda98dda9e21305de47f3044706c514f41feb7589a,Term-free primary specification
7,0.0354825304610494,0.0423295785296745,40544,0.0387275557833737,0.0368735201262825,,,0,layer1,elasticnet_calibrated,training_1991_2002,recorded charge-off within 36 months,2003H2 sigmoid calibrated,Approval-descriptor prediction,97993c926897a2c2b2bf84dda98dda9e21305de47f3044706c514f41feb7589a,Term-free primary specification
8,0.0423295785296745,0.05170100833782,40544,0.0467159038338721,0.0464433701657458,,,0,layer1,elasticnet_calibrated,training_1991_2002,recorded charge-off within 36 months,2003H2 sigmoid calibrated,Approval-descriptor prediction,97993c926897a2c2b2bf84dda98dda9e21305de47f3044706c514f41feb7589a,Term-free primary specification
9,0.05170100833782,0.0669681394412776,40544,0.0586148845453746,0.0625986582478295,,,0,layer1,elasticnet_calibrated,training_1991_2002,recorded charge-off within 36 months,2003H2 sigmoid calibrated,Approval-descriptor prediction,97993c926897a2c2b2bf84dda98dda9e21305de47f3044706c514f41feb7589a,Term-free primary specification
10,0.0669681394412776,inf,40545,0.087844339383991,0.0995930447650758,,,0,layer1,elasticnet_calibrated,training_1991_2002,recorded charge-off within 36 months,2003H2 sigmoid calibrated,Approval-descriptor prediction,97993c926897a2c2b2bf84dda98dda9e21305de47f3044706c514f41feb7589a,Term-free primary specification
1,-inf,0.0160754634487376,4235,0.0130035716881198,0.007556080283353,0.0032291370370349,0.0132061811663729,0,layer1,elasticnet_calibrated,calibration_2003H2,recorded charge-off within 36 months,2003H2 sigmoid calibrated,Approval-descriptor prediction,97993c926897a2c2b2bf84dda98dda9e21305de47f3044706c514f41feb7589a,Term-free primary specification
2,0.0160754634487376,0.0196006149807546,2936,0.01787164637267,0.0112397820163487,0.0077821563682219,0.015799736134023,0,layer1,elasticnet_calibrated,calibration_2003H2,recorded charge-off within 36 months,2003H2 sigmoid calibrated,Approval-descriptor prediction,97993c926897a2c2b2bf84dda98dda9e21305de47f3044706c514f41feb7589a,Term-free primary specification
3,0.0196006149807546,0.0228874716653819,2747,0.0212626793758223,0.0178376410629777,0.0122823293217465,0.0255617875471183,0,layer1,elasticnet_calibrated,calibration_2003H2,recorded charge-off within 36 months,2003H2 sigmoid calibrated,Approval-descriptor prediction,97993c926897a2c2b2bf84dda98dda9e21305de47f3044706c514f41feb7589a,Term-free primary specification
4,0.0228874716653819,0.0263499188960659,2621,0.0245826964361674,0.0312857687905379,0.0204935530626789,0.0418356090079542,0,layer1,elasticnet_calibrated,calibration_2003H2,recorded charge-off within 36 months,2003H2 sigmoid calibrated,Approval-descriptor prediction,97993c926897a2c2b2bf84dda98dda9e21305de47f3044706c514f41feb7589a,Term-free primary specification
5,0.0263499188960659,0.0304003609082477,2538,0.0282751514012161,0.0338849487785658,0.0241542896115143,0.04183476126335,0,layer1,elasticnet_calibrated,calibration_2003H2,recorded charge-off within 36 months,2003H2 sigmoid calibrated,Approval-descriptor prediction,97993c926897a2c2b2bf84dda98dda9e21305de47f3044706c514f41feb7589a,Term-free primary specification
6,0.0304003609082477,0.0354825304610494,2318,0.0327774877258534,0.0319240724762726,0.0250564631767507,0.0389683335346561,0,layer1,elasticnet_calibrated,calibration_2003H2,recorded charge-off within 36 months,2003H2 sigmoid calibrated,Approval-descriptor prediction,97993c926897a2c2b2bf84dda98dda9e21305de47f3044706c514f41feb7589a,Term-free primary specification
7,0.0354825304610494,0.0423295785296745,2308,0.0386545794998478,0.0359618717504332,0.028342564689389,0.0439217685399829,0,layer1,elasticnet_calibrated,calibration_2003H2,recorded charge-off within 36 months,2003H2 sigmoid calibrated,Approval-descriptor prediction,97993c926897a2c2b2bf84dda98dda9e21305de47f3044706c514f41feb7589a,Term-free primary specification
8,0.0423295785296745,0.05170100833782,2223,0.0467999732340428,0.0499325236167341,0.0419248532960907,0.0573476278212012,0,layer1,elasticnet_calibrated,calibration_2003H2,recorded charge-off within 36 months,2003H2 sigmoid calibrated,Approval-descriptor prediction,97993c926897a2c2b2bf84dda98dda9e21305de47f3044706c514f41feb7589a,Term-free primary specification
9,0.05170100833782,0.0669681394412776,3021,0.0590841762194829,0.0628930817610062,0.0529248545662036,0.0740630050904489,0,layer1,elasticnet_calibrated,calibration_2003H2,recorded charge-off within 36 months,2003H2 sigmoid calibrated,Approval-descriptor prediction,97993c926897a2c2b2bf84dda98dda9e21305de47f3044706c514f41feb7589a,Term-free primary specification
10,0.0669681394412776,inf,7008,0.0964802979689681,0.0978881278538812,0.085403398911537,0.1103628085724193,0,layer1,elasticnet_calibrated,calibration_2003H2,recorded charge-off within 36 months,2003H2 sigmoid calibrated,Approval-descriptor prediction,97993c926897a2c2b2bf84dda98dda9e21305de47f3044706c514f41feb7589a,Term-free primary specification
1,-inf,0.0160754634487376,19146,0.01282602590504,0.024757129426512,0.0204358960100464,0.0284995285594843,0,layer1,elasticnet_calibrated,crisis_2007_2009,recorded charge-off within 36 months,2003H2 sigmoid calibrated,Approval-descriptor prediction,97993c926897a2c2b2bf84dda98dda9e21305de47f3044706c514f41feb7589a,Term-free primary specification
2,0.0160754634487376,0.0196006149807546,13599,0.0178688545608522,0.0523567909405103,0.0438262276227943,0.0599741237507938,0,layer1,elasticnet_calibrated,crisis_2007_2009,recorded charge-off within 36 months,2003H2 sigmoid calibrated,Approval-descriptor prediction,97993c926897a2c2b2bf84dda98dda9e21305de47f3044706c514f41feb7589a,Term-free primary specification
3,0.0196006149807546,0.0228874716653819,12938,0.0212378477891853,0.0781419075591281,0.0589372667372063,0.0948313166970681,0,layer1,elasticnet_calibrated,crisis_2007_2009,recorded charge-off within 36 months,2003H2 sigmoid calibrated,Approval-descriptor prediction,97993c926897a2c2b2bf84dda98dda9e21305de47f3044706c514f41feb7589a,Term-free primary specification
4,0.0228874716653819,0.0263499188960659,12370,0.0245948739178951,0.0992724333063864,0.0736470187424788,0.1236922530675885,0,layer1,elasticnet_calibrated,crisis_2007_2009,recorded charge-off within 36 months,2003H2 sigmoid calibrated,Approval-descriptor prediction,97993c926897a2c2b2bf84dda98dda9e21305de47f3044706c514f41feb7589a,Term-free primary specification
5,0.0263499188960659,0.0304003609082477,11698,0.0282901617439296,0.1145494956402803,0.0819266070505087,0.1438023876210526,0,layer1,elasticnet_calibrated,crisis_2007_2009,recorded charge-off within 36 months,2003H2 sigmoid calibrated,Approval-descriptor prediction,97993c926897a2c2b2bf84dda98dda9e21305de47f3044706c514f41feb7589a,Term-free primary specification
6,0.0304003609082477,0.0354825304610494,10604,0.0327768441366321,0.1213692946058091,0.0865224207739596,0.1564222168532166,0,layer1,elasticnet_calibrated,crisis_2007_2009,recorded charge-off within 36 months,2003H2 sigmoid calibrated,Approval-descriptor prediction,97993c926897a2c2b2bf84dda98dda9e21305de47f3044706c514f41feb7589a,Term-free primary specification
7,0.0354825304610494,0.0423295785296745,9543,0.0386931318653706,0.1255370428586398,0.0989532041452552,0.1569304640755403,0,layer1,elasticnet_calibrated,crisis_2007_2009,recorded charge-off within 36 months,2003H2 sigmoid calibrated,Approval-descriptor prediction,97993c926897a2c2b2bf84dda98dda9e21305de47f3044706c514f41feb7589a,Term-free primary specification
8,0.0423295785296745,0.05170100833782,9836,0.0468947000643012,0.1320658804392029,0.1068553501862071,0.1587488473143237,0,layer1,elasticnet_calibrated,crisis_2007_2009,recorded charge-off within 36 months,2003H2 sigmoid calibrated,Approval-descriptor prediction,97993c926897a2c2b2bf84dda98dda9e21305de47f3044706c514f41feb7589a,Term-free primary specification
9,0.05170100833782,0.0669681394412776,18253,0.0596153719299738,0.1715882320714403,0.1308425508027743,0.2091086437608013,0,layer1,elasticnet_calibrated,crisis_2007_2009,recorded charge-off within 36 months,2003H2 sigmoid calibrated,Approval-descriptor prediction,97993c926897a2c2b2bf84dda98dda9e21305de47f3044706c514f41feb7589a,Term-free primary specification
10,0.0669681394412776,inf,63324,0.1003304251308934,0.1663034552460362,0.1349734970128484,0.1946857305447764,0,layer1,elasticnet_calibrated,crisis_2007_2009,recorded charge-off within 36 months,2003H2 sigmoid calibrated,Approval-descriptor prediction,97993c926897a2c2b2bf84dda98dda9e21305de47f3044706c514f41feb7589a,Term-free primary specification
1,-inf,0.0160754634487376,22016,0.0125037974494353,0.0031340843023255,0.0021987187663481,0.0041240247551273,0,layer1,elasticnet_calibrated,additional_cohort_2011_2013,recorded charge-off within 36 months,2003H2 sigmoid calibrated,Approval-descriptor prediction,97993c926897a2c2b2bf84dda98dda9e21305de47f3044706c514f41feb7589a,Term-free primary specification
2,0.0160754634487376,0.0196006149807546,12603,0.0178273946578624,0.0056335793065143,0.0039438377135572,0.0078998110270651,0,layer1,elasticnet_calibrated,additional_cohort_2011_2013,recorded charge-off within 36 months,2003H2 sigmoid calibrated,Approval-descriptor prediction,97993c926897a2c2b2bf84dda98dda9e21305de47f3044706c514f41feb7589a,Term-free primary specification
3,0.0196006149807546,0.0228874716653819,10113,0.0211759767466475,0.0084050232374171,0.0061259331306666,0.0111016545228794,0,layer1,elasticnet_calibrated,additional_cohort_2011_2013,recorded charge-off within 36 months,2003H2 sigmoid calibrated,Approval-descriptor prediction,97993c926897a2c2b2bf84dda98dda9e21305de47f3044706c514f41feb7589a,Term-free primary specification
4,0.0228874716653819,0.0263499188960659,8999,0.0245428971474834,0.0105567285253917,0.007540793488716,0.013786206163994,0,layer1,elasticnet_calibrated,additional_cohort_2011_2013,recorded charge-off within 36 months,2003H2 sigmoid calibrated,Approval-descriptor prediction,97993c926897a2c2b2bf84dda98dda9e21305de47f3044706c514f41feb7589a,Term-free primary specification
5,0.0263499188960659,0.0304003609082477,7894,0.0282422736273537,0.0139346338991639,0.0115722603670235,0.0165233099325138,0,layer1,elasticnet_calibrated,additional_cohort_2011_2013,recorded charge-off within 36 months,2003H2 sigmoid calibrated,Approval-descriptor prediction,97993c926897a2c2b2bf84dda98dda9e21305de47f3044706c514f41feb7589a,Term-free primary specification
6,0.0304003609082477,0.0354825304610494,6891,0.0327344330036388,0.0162530837324045,0.0133484215411481,0.0197089976755628,0,layer1,elasticnet_calibrated,additional_cohort_2011_2013,recorded charge-off within 36 months,2003H2 sigmoid calibrated,Approval-descriptor prediction,97993c926897a2c2b2bf84dda98dda9e21305de47f3044706c514f41feb7589a,Term-free primary specification
7,0.0354825304610494,0.0423295785296745,6318,0.0387501798941531,0.0164609053497942,0.0119806491189752,0.0209341989558483,0,layer1,elasticnet_calibrated,additional_cohort_2011_2013,recorded charge-off within 36 months,2003H2 sigmoid calibrated,Approval-descriptor prediction,97993c926897a2c2b2bf84dda98dda9e21305de47f3044706c514f41feb7589a,Term-free primary specification
8,0.0423295785296745,0.05170100833782,7248,0.046965929020362,0.0165562913907284,0.0136046529980901,0.0199406987371219,0,layer1,elasticnet_calibrated,additional_cohort_2011_2013,recorded charge-off within 36 months,2003H2 sigmoid calibrated,Approval-descriptor prediction,97993c926897a2c2b2bf84dda98dda9e21305de47f3044706c514f41feb7589a,Term-free primary specification
9,0.05170100833782,0.0669681394412776,10513,0.0591531791430682,0.0192143060972129,0.0168916484974879,0.021854603593634,0,layer1,elasticnet_calibrated,additional_cohort_2011_2013,recorded charge-off within 36 months,2003H2 sigmoid calibrated,Approval-descriptor prediction,97993c926897a2c2b2bf84dda98dda9e21305de47f3044706c514f41feb7589a,Term-free primary specification
10,0.0669681394412776,inf,27407,0.1020165462345376,0.0298828766373554,0.0254493946916411,0.0341371217783283,0,layer1,elasticnet_calibrated,additional_cohort_2011_2013,recorded charge-off within 36 months,2003H2 sigmoid calibrated,Approval-descriptor prediction,97993c926897a2c2b2bf84dda98dda9e21305de47f3044706c514f41feb7589a,Term-free primary specification
1,-inf,0.0082741628855881,40545,0.0061479237116167,0.0033542976939203,,,0,layer1,lightgbm_raw,training_1991_2002,recorded charge-off within 36 months,raw,Approval-descriptor prediction,97993c926897a2c2b2bf84dda98dda9e21305de47f3044706c514f41feb7589a,Term-free primary specification
2,0.0082741628855881,0.0117122409313883,40544,0.0099971936424561,0.0063634569850039,,,0,layer1,lightgbm_raw,training_1991_2002,recorded charge-off within 36 months,raw,Approval-descriptor prediction,97993c926897a2c2b2bf84dda98dda9e21305de47f3044706c514f41feb7589a,Term-free primary specification
3,0.0117122409313883,0.0151903851710468,40510,0.0134446509056972,0.009429770427055,,,0,layer1,lightgbm_raw,training_1991_2002,recorded charge-off within 36 months,raw,Approval-descriptor prediction,97993c926897a2c2b2bf84dda98dda9e21305de47f3044706c514f41feb7589a,Term-free primary specification
4,0.0151903851710468,0.019143138931451,40575,0.0170713688177121,0.0144177449168207,,,0,layer1,lightgbm_raw,training_1991_2002,recorded charge-off within 36 months,raw,Approval-descriptor prediction,97993c926897a2c2b2bf84dda98dda9e21305de47f3044706c514f41feb7589a,Term-free primary specification
5,0.019143138931451,0.0239303816186245,40547,0.0214314381595739,0.0199274915530125,,,0,layer1,lightgbm_raw,training_1991_2002,recorded charge-off within 36 months,raw,Approval-descriptor prediction,97993c926897a2c2b2bf84dda98dda9e21305de47f3044706c514f41feb7589a,Term-free primary specification
6,0.0239303816186245,0.0300686374251382,40545,0.0268363568668862,0.025527192008879,,,0,layer1,lightgbm_raw,training_1991_2002,recorded charge-off within 36 months,raw,Approval-descriptor prediction,97993c926897a2c2b2bf84dda98dda9e21305de47f3044706c514f41feb7589a,Term-free primary specification
7,0.0300686374251382,0.0386627547550567,40544,0.0340663481840223,0.033593133385951,,,0,layer1,lightgbm_raw,training_1991_2002,recorded charge-off within 36 months,raw,Approval-descriptor prediction,97993c926897a2c2b2bf84dda98dda9e21305de47f3044706c514f41feb7589a,Term-free primary specification
8,0.0386627547550567,0.0511642377022633,40544,0.0443504456830941,0.0448648382004735,,,0,layer1,lightgbm_raw,training_1991_2002,recorded charge-off within 36 months,raw,Approval-descriptor prediction,97993c926897a2c2b2bf84dda98dda9e21305de47f3044706c514f41feb7589a,Term-free primary specification
9,0.0511642377022633,0.0723491003561556,40544,0.0606997113875362,0.0633879242304656,,,0,layer1,lightgbm_raw,training_1991_2002,recorded charge-off within 36 months,raw,Approval-descriptor prediction,97993c926897a2c2b2bf84dda98dda9e21305de47f3044706c514f41feb7589a,Term-free primary specification
10,0.0723491003561556,inf,40545,0.110950357459708,0.1245036379331606,,,0,layer1,lightgbm_raw,training_1991_2002,recorded charge-off within 36 months,raw,Approval-descriptor prediction,97993c926897a2c2b2bf84dda98dda9e21305de47f3044706c514f41feb7589a,Term-free primary specification
1,-inf,0.0082741628855881,3712,0.005989332047096,0.0064655172413793,0.0031148633623318,0.0125116218467619,0,layer1,lightgbm_raw,calibration_2003H2,recorded charge-off within 36 months,raw,Approval-descriptor prediction,97993c926897a2c2b2bf84dda98dda9e21305de47f3044706c514f41feb7589a,Term-free primary specification
2,0.0082741628855881,0.0117122409313883,3431,0.0099936558926988,0.0136986301369863,0.007872471823375,0.0213901854430264,0,layer1,lightgbm_raw,calibration_2003H2,recorded charge-off within 36 months,raw,Approval-descriptor prediction,97993c926897a2c2b2bf84dda98dda9e21305de47f3044706c514f41feb7589a,Term-free primary specification
3,0.0117122409313883,0.0151903851710468,3145,0.0134018151997282,0.0213036565977742,0.0157679223847662,0.0277185526064475,0,layer1,lightgbm_raw,calibration_2003H2,recorded charge-off within 36 months,raw,Approval-descriptor prediction,97993c926897a2c2b2bf84dda98dda9e21305de47f3044706c514f41feb7589a,Term-free primary specification
4,0.0151903851710468,0.019143138931451,2992,0.0171213999905399,0.0270721925133689,0.0183899096326472,0.0371255068930302,0,layer1,lightgbm_raw,calibration_2003H2,recorded charge-off within 36 months,raw,Approval-descriptor prediction,97993c926897a2c2b2bf84dda98dda9e21305de47f3044706c514f41feb7589a,Term-free primary specification
5,0.019143138931451,0.0239303816186245,3098,0.0214003955471759,0.0345384118786313,0.0280590187975269,0.0400642597222521,0,layer1,lightgbm_raw,calibration_2003H2,recorded charge-off within 36 months,raw,Approval-descriptor prediction,97993c926897a2c2b2bf84dda98dda9e21305de47f3044706c514f41feb7589a,Term-free primary specification
6,0.0239303816186245,0.0300686374251382,2943,0.0268046395278196,0.0434930343187223,0.0345302234649571,0.0530123185467579,0,layer1,lightgbm_raw,calibration_2003H2,recorded charge-off within 36 months,raw,Approval-descriptor prediction,97993c926897a2c2b2bf84dda98dda9e21305de47f3044706c514f41feb7589a,Term-free primary specification
7,0.0300686374251382,0.0386627547550567,2547,0.0340042831675257,0.0408323517864153,0.03369797133834,0.0478160895748226,0,layer1,lightgbm_raw,calibration_2003H2,recorded charge-off within 36 months,raw,Approval-descriptor prediction,97993c926897a2c2b2bf84dda98dda9e21305de47f3044706c514f41feb7589a,Term-free primary specification
8,0.0386627547550567,0.0511642377022633,2261,0.0443183833756011,0.0499778858911985,0.0417204882710373,0.057016576168713,0,layer1,lightgbm_raw,calibration_2003H2,recorded charge-off within 36 months,raw,Approval-descriptor prediction,97993c926897a2c2b2bf84dda98dda9e21305de47f3044706c514f41feb7589a,Term-free primary specification
9,0.0511642377022633,0.0723491003561556,2231,0.0611836927156958,0.0676826535186015,0.0558827981894424,0.083863977167793,0,layer1,lightgbm_raw,calibration_2003H2,recorded charge-off within 36 months,raw,Approval-descriptor prediction,97993c926897a2c2b2bf84dda98dda9e21305de47f3044706c514f41feb7589a,Term-free primary specification
10,0.0723491003561556,inf,5595,0.124547430950836,0.1079535299374441,0.0948473211035757,0.1234298126399308,0,layer1,lightgbm_raw,calibration_2003H2,recorded charge-off within 36 months,raw,Approval-descriptor prediction,97993c926897a2c2b2bf84dda98dda9e21305de47f3044706c514f41feb7589a,Term-free primary specification
1,-inf,0.0082741628855881,16834,0.0058853225370908,0.0352263276701912,0.0232800384118824,0.0439704897810681,0,layer1,lightgbm_raw,crisis_2007_2009,recorded charge-off within 36 months,raw,Approval-descriptor prediction,97993c926897a2c2b2bf84dda98dda9e21305de47f3044706c514f41feb7589a,Term-free primary specification
2,0.0082741628855881,0.0117122409313883,15328,0.0099874583160273,0.0649791231732776,0.0465216703935385,0.0859430865129119,0,layer1,lightgbm_raw,crisis_2007_2009,recorded charge-off within 36 months,raw,Approval-descriptor prediction,97993c926897a2c2b2bf84dda98dda9e21305de47f3044706c514f41feb7589a,Term-free primary specification
3,0.0117122409313883,0.0151903851710468,14493,0.0134167600658821,0.084868557234527,0.0638778748011796,0.1076408518818401,0,layer1,lightgbm_raw,crisis_2007_2009,recorded charge-off within 36 months,raw,Approval-descriptor prediction,97993c926897a2c2b2bf84dda98dda9e21305de47f3044706c514f41feb7589a,Term-free primary specification
4,0.0151903851710468,0.019143138931451,13387,0.017090464815887,0.0938970643161275,0.0675475694268961,0.1206566300128652,0,layer1,lightgbm_raw,crisis_2007_2009,recorded charge-off within 36 months,raw,Approval-descriptor prediction,97993c926897a2c2b2bf84dda98dda9e21305de47f3044706c514f41feb7589a,Term-free primary specification
5,0.019143138931451,0.0239303816186245,13054,0.0214266552031884,0.1092385475716255,0.0826451786062379,0.1383435326796076,0,layer1,lightgbm_raw,crisis_2007_2009,recorded charge-off within 36 months,raw,Approval-descriptor prediction,97993c926897a2c2b2bf84dda98dda9e21305de47f3044706c514f41feb7589a,Term-free primary specification
6,0.0239303816186245,0.0300686374251382,12353,0.0268537538754106,0.1112280417712296,0.0818706863312376,0.1410799085441151,0,layer1,lightgbm_raw,crisis_2007_2009,recorded charge-off within 36 months,raw,Approval-descriptor prediction,97993c926897a2c2b2bf84dda98dda9e21305de47f3044706c514f41feb7589a,Term-free primary specification
7,0.0300686374251382,0.0386627547550567,12355,0.0341157715000745,0.1214083367057871,0.0939814269501863,0.1468597434265281,0,layer1,lightgbm_raw,crisis_2007_2009,recorded charge-off within 36 months,raw,Approval-descriptor prediction,97993c926897a2c2b2bf84dda98dda9e21305de47f3044706c514f41feb7589a,Term-free primary specification
8,0.0386627547550567,0.0511642377022633,13620,0.0446091805086657,0.1406754772393539,0.1060509318438914,0.1729066069690206,0,layer1,lightgbm_raw,crisis_2007_2009,recorded charge-off within 36 months,raw,Approval-descriptor prediction,97993c926897a2c2b2bf84dda98dda9e21305de47f3044706c514f41feb7589a,Term-free primary specification
9,0.0511642377022633,0.0723491003561556,18389,0.0616649304562973,0.1725488063516232,0.1274069895481222,0.2106993089988895,0,layer1,lightgbm_raw,crisis_2007_2009,recorded charge-off within 36 months,raw,Approval-descriptor prediction,97993c926897a2c2b2bf84dda98dda9e21305de47f3044706c514f41feb7589a,Term-free primary specification
10,0.0723491003561556,inf,51498,0.1291107101538605,0.1698512563594702,0.1409885354261899,0.2005367660657561,0,layer1,lightgbm_raw,crisis_2007_2009,recorded charge-off within 36 months,raw,Approval-descriptor prediction,97993c926897a2c2b2bf84dda98dda9e21305de47f3044706c514f41feb7589a,Term-free primary specification
1,-inf,0.0082741628855881,21381,0.0055551620354397,0.0023852953556896,0.0015791075000546,0.0033740527771342,0,layer1,lightgbm_raw,additional_cohort_2011_2013,recorded charge-off within 36 months,raw,Approval-descriptor prediction,97993c926897a2c2b2bf84dda98dda9e21305de47f3044706c514f41feb7589a,Term-free primary specification
2,0.0082741628855881,0.0117122409313883,13979,0.0099560258086095,0.0066528363974533,0.0049641615229413,0.0083436309702434,0,layer1,lightgbm_raw,additional_cohort_2011_2013,recorded charge-off within 36 months,raw,Approval-descriptor prediction,97993c926897a2c2b2bf84dda98dda9e21305de47f3044706c514f41feb7589a,Term-free primary specification
3,0.0117122409313883,0.0151903851710468,11297,0.0133654561101819,0.0061963353102593,0.0044050790519923,0.008104730180803,0,layer1,lightgbm_raw,additional_cohort_2011_2013,recorded charge-off within 36 months,raw,Approval-descriptor prediction,97993c926897a2c2b2bf84dda98dda9e21305de47f3044706c514f41feb7589a,Term-free primary specification
4,0.0151903851710468,0.019143138931451,9749,0.0170678429173648,0.0124115293876295,0.0101633382334544,0.0147424128808745,0,layer1,lightgbm_raw,additional_cohort_2011_2013,recorded charge-off within 36 months,raw,Approval-descriptor prediction,97993c926897a2c2b2bf84dda98dda9e21305de47f3044706c514f41feb7589a,Term-free primary specification
5,0.019143138931451,0.0239303816186245,8698,0.0214078583013211,0.0136813060473672,0.0115133085409145,0.0159463795826826,0,layer1,lightgbm_raw,additional_cohort_2011_2013,recorded charge-off within 36 months,raw,Approval-descriptor prediction,97993c926897a2c2b2bf84dda98dda9e21305de47f3044706c514f41feb7589a,Term-free primary specification
6,0.0239303816186245,0.0300686374251382,7703,0.026804446286852,0.014669609243152,0.0109064798721874,0.0187478492053608,0,layer1,lightgbm_raw,additional_cohort_2011_2013,recorded charge-off within 36 months,raw,Approval-descriptor prediction,97993c926897a2c2b2bf84dda98dda9e21305de47f3044706c514f41feb7589a,Term-free primary specification
7,0.0300686374251382,0.0386627547550567,7049,0.0340838785738868,0.0185841963399063,0.0145885035587528,0.0228911633800017,0,layer1,lightgbm_raw,additional_cohort_2011_2013,recorded charge-off within 36 months,raw,Approval-descriptor prediction,97993c926897a2c2b2bf84dda98dda9e21305de47f3044706c514f41feb7589a,Term-free primary specification
8,0.0386627547550567,0.0511642377022633,7206,0.0445357867612842,0.0180405217873993,0.0144418036597388,0.0222183381807679,0,layer1,lightgbm_raw,additional_cohort_2011_2013,recorded charge-off within 36 months,raw,Approval-descriptor prediction,97993c926897a2c2b2bf84dda98dda9e21305de47f3044706c514f41feb7589a,Term-free primary specification
9,0.0511642377022633,0.0723491003561556,8570,0.0612543372926136,0.0268378063010501,0.0224827405001818,0.0302263199767178,0,layer1,lightgbm_raw,additional_cohort_2011_2013,recorded charge-off within 36 months,raw,Approval-descriptor prediction,97993c926897a2c2b2bf84dda98dda9e21305de47f3044706c514f41feb7589a,Term-free primary specification
10,0.0723491003561556,inf,24370,0.134223400092525,0.0299138284776364,0.0253900061293455,0.0350302359036623,0,layer1,lightgbm_raw,additional_cohort_2011_2013,recorded charge-off within 36 months,raw,Approval-descriptor prediction,97993c926897a2c2b2bf84dda98dda9e21305de47f3044706c514f41feb7589a,Term-free primary specification
1,-inf,0.01487900191829,40545,0.011875651110394,0.0033542976939203,,,0,layer1,lightgbm_calibrated,training_1991_2002,recorded charge-off within 36 months,2003H2 sigmoid calibrated,Approval-descriptor prediction,97993c926897a2c2b2bf84dda98dda9e21305de47f3044706c514f41feb7589a,Term-free primary specification
2,0.01487900191829,0.0192348453629968,40544,0.0170952266290722,0.0063634569850039,,,0,layer1,lightgbm_calibrated,training_1991_2002,recorded charge-off within 36 months,2003H2 sigmoid calibrated,Approval-descriptor prediction,97993c926897a2c2b2bf84dda98dda9e21305de47f3044706c514f41feb7589a,Term-free primary specification
3,0.0192348453629968,0.023305978034492,40510,0.0212858885301957,0.009429770427055,,,0,layer1,lightgbm_calibrated,training_1991_2002,recorded charge-off within 36 months,2003H2 sigmoid calibrated,Approval-descriptor prediction,97993c926897a2c2b2bf84dda98dda9e21305de47f3044706c514f41feb7589a,Term-free primary specification
4,0.023305978034492,0.0276432194516091,40575,0.025392069389711,0.0144177449168207,,,0,layer1,lightgbm_calibrated,training_1991_2002,recorded charge-off within 36 months,2003H2 sigmoid calibrated,Approval-descriptor prediction,97993c926897a2c2b2bf84dda98dda9e21305de47f3044706c514f41feb7589a,Term-free primary specification
5,0.0276432194516091,0.0325910254407289,40547,0.0300324307513564,0.0199274915530125,,,0,layer1,lightgbm_calibrated,training_1991_2002,recorded charge-off within 36 months,2003H2 sigmoid calibrated,Approval-descriptor prediction,97993c926897a2c2b2bf84dda98dda9e21305de47f3044706c514f41feb7589a,Term-free primary specification
6,0.0325910254407289,0.0385696968250694,40545,0.03545088245699,0.025527192008879,,,0,layer1,lightgbm_calibrated,training_1991_2002,recorded charge-off within 36 months,2003H2 sigmoid calibrated,Approval-descriptor prediction,97993c926897a2c2b2bf84dda98dda9e21305de47f3044706c514f41feb7589a,Term-free primary specification
7,0.0385696968250694,0.0464314143279716,40544,0.0422692481331317,0.033593133385951,,,0,layer1,lightgbm_calibrated,training_1991_2002,recorded charge-off within 36 months,2003H2 sigmoid calibrated,Approval-descriptor prediction,97993c926897a2c2b2bf84dda98dda9e21305de47f3044706c514f41feb7589a,Term-free primary specification
8,0.0464314143279716,0.0571091951006123,40544,0.0513522237176086,0.0448648382004735,,,0,layer1,lightgbm_calibrated,training_1991_2002,recorded charge-off within 36 months,2003H2 sigmoid calibrated,Approval-descriptor prediction,97993c926897a2c2b2bf84dda98dda9e21305de47f3044706c514f41feb7589a,Term-free primary specification
9,0.0571091951006123,0.0738273866221269,40544,0.0647520009659912,0.0633879242304656,,,0,layer1,lightgbm_calibrated,training_1991_2002,recorded charge-off within 36 months,2003H2 sigmoid calibrated,Approval-descriptor prediction,97993c926897a2c2b2bf84dda98dda9e21305de47f3044706c514f41feb7589a,Term-free primary specification
10,0.0738273866221269,inf,40545,0.1006335463870502,0.1245036379331606,,,0,layer1,lightgbm_calibrated,training_1991_2002,recorded charge-off within 36 months,2003H2 sigmoid calibrated,Approval-descriptor prediction,97993c926897a2c2b2bf84dda98dda9e21305de47f3044706c514f41feb7589a,Term-free primary specification
1,-inf,0.01487900191829,3712,0.0116369068573033,0.0064655172413793,0.0031148633623318,0.0125116218467619,0,layer1,lightgbm_calibrated,calibration_2003H2,recorded charge-off within 36 months,2003H2 sigmoid calibrated,Approval-descriptor prediction,97993c926897a2c2b2bf84dda98dda9e21305de47f3044706c514f41feb7589a,Term-free primary specification
2,0.01487900191829,0.0192348453629968,3431,0.0170910353317195,0.0136986301369863,0.007872471823375,0.0213901854430264,0,layer1,lightgbm_calibrated,calibration_2003H2,recorded charge-off within 36 months,2003H2 sigmoid calibrated,Approval-descriptor prediction,97993c926897a2c2b2bf84dda98dda9e21305de47f3044706c514f41feb7589a,Term-free primary specification
3,0.0192348453629968,0.023305978034492,3145,0.021235435536751,0.0213036565977742,0.0157679223847662,0.0277185526064475,0,layer1,lightgbm_calibrated,calibration_2003H2,recorded charge-off within 36 months,2003H2 sigmoid calibrated,Approval-descriptor prediction,97993c926897a2c2b2bf84dda98dda9e21305de47f3044706c514f41feb7589a,Term-free primary specification
4,0.023305978034492,0.0276432194516091,2992,0.0254468513956971,0.0270721925133689,0.0183899096326472,0.0371255068930302,0,layer1,lightgbm_calibrated,calibration_2003H2,recorded charge-off within 36 months,2003H2 sigmoid calibrated,Approval-descriptor prediction,97993c926897a2c2b2bf84dda98dda9e21305de47f3044706c514f41feb7589a,Term-free primary specification
5,0.0276432194516091,0.0325910254407289,3098,0.0299999258240974,0.0345384118786313,0.0280590187975269,0.0400642597222521,0,layer1,lightgbm_calibrated,calibration_2003H2,recorded charge-off within 36 months,2003H2 sigmoid calibrated,Approval-descriptor prediction,97993c926897a2c2b2bf84dda98dda9e21305de47f3044706c514f41feb7589a,Term-free primary specification
6,0.0325910254407289,0.0385696968250694,2943,0.0354205697604702,0.0434930343187223,0.0345302234649571,0.0530123185467579,0,layer1,lightgbm_calibrated,calibration_2003H2,recorded charge-off within 36 months,2003H2 sigmoid calibrated,Approval-descriptor prediction,97993c926897a2c2b2bf84dda98dda9e21305de47f3044706c514f41feb7589a,Term-free primary specification
7,0.0385696968250694,0.0464314143279716,2547,0.042213248675462,0.0408323517864153,0.03369797133834,0.0478160895748226,0,layer1,lightgbm_calibrated,calibration_2003H2,recorded charge-off within 36 months,2003H2 sigmoid calibrated,Approval-descriptor prediction,97993c926897a2c2b2bf84dda98dda9e21305de47f3044706c514f41feb7589a,Term-free primary specification
8,0.0464314143279716,0.0571091951006123,2261,0.0513246013211379,0.0499778858911985,0.0417204882710373,0.057016576168713,0,layer1,lightgbm_calibrated,calibration_2003H2,recorded charge-off within 36 months,2003H2 sigmoid calibrated,Approval-descriptor prediction,97993c926897a2c2b2bf84dda98dda9e21305de47f3044706c514f41feb7589a,Term-free primary specification
9,0.0571091951006123,0.0738273866221269,2231,0.0651304185397126,0.0676826535186015,0.0558827981894424,0.083863977167793,0,layer1,lightgbm_calibrated,calibration_2003H2,recorded charge-off within 36 months,2003H2 sigmoid calibrated,Approval-descriptor prediction,97993c926897a2c2b2bf84dda98dda9e21305de47f3044706c514f41feb7589a,Term-free primary specification
10,0.0738273866221269,inf,5595,0.1099537750655786,0.1079535299374441,0.0948473211035757,0.1234298126399308,0,layer1,lightgbm_calibrated,calibration_2003H2,recorded charge-off within 36 months,2003H2 sigmoid calibrated,Approval-descriptor prediction,97993c926897a2c2b2bf84dda98dda9e21305de47f3044706c514f41feb7589a,Term-free primary specification
1,-inf,0.01487900191829,16834,0.0114729209535145,0.0352263276701912,0.0232800384118824,0.0439704897810681,0,layer1,lightgbm_calibrated,crisis_2007_2009,recorded charge-off within 36 months,2003H2 sigmoid calibrated,Approval-descriptor prediction,97993c926897a2c2b2bf84dda98dda9e21305de47f3044706c514f41feb7589a,Term-free primary specification
2,0.01487900191829,0.0192348453629968,15328,0.0170831009310034,0.0649791231732776,0.0465216703935385,0.0859430865129119,0,layer1,lightgbm_calibrated,crisis_2007_2009,recorded charge-off within 36 months,2003H2 sigmoid calibrated,Approval-descriptor prediction,97993c926897a2c2b2bf84dda98dda9e21305de47f3044706c514f41feb7589a,Term-free primary specification
3,0.0192348453629968,0.023305978034492,14493,0.0212533285200811,0.084868557234527,0.0638778748011796,0.1076408518818401,0,layer1,lightgbm_calibrated,crisis_2007_2009,recorded charge-off within 36 months,2003H2 sigmoid calibrated,Approval-descriptor prediction,97993c926897a2c2b2bf84dda98dda9e21305de47f3044706c514f41feb7589a,Term-free primary specification
4,0.023305978034492,0.0276432194516091,13387,0.0254129913928988,0.0938970643161275,0.0675475694268961,0.1206566300128652,0,layer1,lightgbm_calibrated,crisis_2007_2009,recorded charge-off within 36 months,2003H2 sigmoid calibrated,Approval-descriptor prediction,97993c926897a2c2b2bf84dda98dda9e21305de47f3044706c514f41feb7589a,Term-free primary specification
5,0.0276432194516091,0.0325910254407289,13054,0.0300275351471875,0.1092385475716255,0.0826451786062379,0.1383435326796076,0,layer1,lightgbm_calibrated,crisis_2007_2009,recorded charge-off within 36 months,2003H2 sigmoid calibrated,Approval-descriptor prediction,97993c926897a2c2b2bf84dda98dda9e21305de47f3044706c514f41feb7589a,Term-free primary specification
6,0.0325910254407289,0.0385696968250694,12353,0.0354679806634561,0.1112280417712296,0.0818706863312376,0.1410799085441151,0,layer1,lightgbm_calibrated,crisis_2007_2009,recorded charge-off within 36 months,2003H2 sigmoid calibrated,Approval-descriptor prediction,97993c926897a2c2b2bf84dda98dda9e21305de47f3044706c514f41feb7589a,Term-free primary specification
7,0.0385696968250694,0.0464314143279716,12355,0.042314572157198,0.1214083367057871,0.0939814269501863,0.1468597434265281,0,layer1,lightgbm_calibrated,crisis_2007_2009,recorded charge-off within 36 months,2003H2 sigmoid calibrated,Approval-descriptor prediction,97993c926897a2c2b2bf84dda98dda9e21305de47f3044706c514f41feb7589a,Term-free primary specification
8,0.0464314143279716,0.0571091951006123,13620,0.0515740842405047,0.1406754772393539,0.1060509318438914,0.1729066069690206,0,layer1,lightgbm_calibrated,crisis_2007_2009,recorded charge-off within 36 months,2003H2 sigmoid calibrated,Approval-descriptor prediction,97993c926897a2c2b2bf84dda98dda9e21305de47f3044706c514f41feb7589a,Term-free primary specification
9,0.0571091951006123,0.0738273866221269,18389,0.0655135691007138,0.1725488063516232,0.1274069895481222,0.2106993089988895,0,layer1,lightgbm_calibrated,crisis_2007_2009,recorded charge-off within 36 months,2003H2 sigmoid calibrated,Approval-descriptor prediction,97993c926897a2c2b2bf84dda98dda9e21305de47f3044706c514f41feb7589a,Term-free primary specification
10,0.0738273866221269,inf,51498,0.1128559515872061,0.1698512563594702,0.1409885354261899,0.2005367660657561,0,layer1,lightgbm_calibrated,crisis_2007_2009,recorded charge-off within 36 months,2003H2 sigmoid calibrated,Approval-descriptor prediction,97993c926897a2c2b2bf84dda98dda9e21305de47f3044706c514f41feb7589a,Term-free primary specification
1,-inf,0.01487900191829,21381,0.0109729926645036,0.0023852953556896,0.0015791075000546,0.0033740527771342,0,layer1,lightgbm_calibrated,additional_cohort_2011_2013,recorded charge-off within 36 months,2003H2 sigmoid calibrated,Approval-descriptor prediction,97993c926897a2c2b2bf84dda98dda9e21305de47f3044706c514f41feb7589a,Term-free primary specification
2,0.01487900191829,0.0192348453629968,13979,0.0170430405929312,0.0066528363974533,0.0049641615229413,0.0083436309702434,0,layer1,lightgbm_calibrated,additional_cohort_2011_2013,recorded charge-off within 36 months,2003H2 sigmoid calibrated,Approval-descriptor prediction,97993c926897a2c2b2bf84dda98dda9e21305de47f3044706c514f41feb7589a,Term-free primary specification
3,0.0192348453629968,0.023305978034492,11297,0.0211932693711019,0.0061963353102593,0.0044050790519923,0.008104730180803,0,layer1,lightgbm_calibrated,additional_cohort_2011_2013,recorded charge-off within 36 months,2003H2 sigmoid calibrated,Approval-descriptor prediction,97993c926897a2c2b2bf84dda98dda9e21305de47f3044706c514f41feb7589a,Term-free primary specification
4,0.023305978034492,0.0276432194516091,9749,0.0253879505279118,0.0124115293876295,0.0101633382334544,0.0147424128808745,0,layer1,lightgbm_calibrated,additional_cohort_2011_2013,recorded charge-off within 36 months,2003H2 sigmoid calibrated,Approval-descriptor prediction,97993c926897a2c2b2bf84dda98dda9e21305de47f3044706c514f41feb7589a,Term-free primary specification
5,0.0276432194516091,0.0325910254407289,8698,0.0300080657788669,0.0136813060473672,0.0115133085409145,0.0159463795826826,0,layer1,lightgbm_calibrated,additional_cohort_2011_2013,recorded charge-off within 36 months,2003H2 sigmoid calibrated,Approval-descriptor prediction,97993c926897a2c2b2bf84dda98dda9e21305de47f3044706c514f41feb7589a,Term-free primary specification
6,0.0325910254407289,0.0385696968250694,7703,0.0354202078409729,0.014669609243152,0.0109064798721874,0.0187478492053608,0,layer1,lightgbm_calibrated,additional_cohort_2011_2013,recorded charge-off within 36 months,2003H2 sigmoid calibrated,Approval-descriptor prediction,97993c926897a2c2b2bf84dda98dda9e21305de47f3044706c514f41feb7589a,Term-free primary specification
7,0.0385696968250694,0.0464314143279716,7049,0.0422854399005059,0.0185841963399063,0.0145885035587528,0.0228911633800017,0,layer1,lightgbm_calibrated,additional_cohort_2011_2013,recorded charge-off within 36 months,2003H2 sigmoid calibrated,Approval-descriptor prediction,97993c926897a2c2b2bf84dda98dda9e21305de47f3044706c514f41feb7589a,Term-free primary specification
8,0.0464314143279716,0.0571091951006123,7206,0.05151176123199,0.0180405217873993,0.0144418036597388,0.0222183381807679,0,layer1,lightgbm_calibrated,additional_cohort_2011_2013,recorded charge-off within 36 months,2003H2 sigmoid calibrated,Approval-descriptor prediction,97993c926897a2c2b2bf84dda98dda9e21305de47f3044706c514f41feb7589a,Term-free primary specification
9,0.0571091951006123,0.0738273866221269,8570,0.0651898907970795,0.0268378063010501,0.0224827405001818,0.0302263199767178,0,layer1,lightgbm_calibrated,additional_cohort_2011_2013,recorded charge-off within 36 months,2003H2 sigmoid calibrated,Approval-descriptor prediction,97993c926897a2c2b2bf84dda98dda9e21305de47f3044706c514f41feb7589a,Term-free primary specification
10,0.0738273866221269,inf,24370,0.1161515546472455,0.0299138284776364,0.0253900061293455,0.0350302359036623,0,layer1,lightgbm_calibrated,additional_cohort_2011_2013,recorded charge-off within 36 months,2003H2 sigmoid calibrated,Approval-descriptor prediction,97993c926897a2c2b2bf84dda98dda9e21305de47f3044706c514f41feb7589a,Term-free primary specification
1,-inf,0.0027532779866361,40545,0.001868620959634,0.0031816500184979,,,0,layer1_term,firth_raw,training_1991_2002,recorded charge-off within 36 months,raw,Approval-descriptor prediction,97993c926897a2c2b2bf84dda98dda9e21305de47f3044706c514f41feb7589a,With-Term sensitivity; reported-term timing unverified
2,0.0027532779866361,0.0063652523044108,40544,0.0042787612723957,0.0063881215469613,,,0,layer1_term,firth_raw,training_1991_2002,recorded charge-off within 36 months,raw,Approval-descriptor prediction,97993c926897a2c2b2bf84dda98dda9e21305de47f3044706c514f41feb7589a,With-Term sensitivity; reported-term timing unverified
3,0.0063652523044108,0.0123897652400983,40544,0.0092913493864,0.0085586029992107,,,0,layer1_term,firth_raw,training_1991_2002,recorded charge-off within 36 months,raw,Approval-descriptor prediction,97993c926897a2c2b2bf84dda98dda9e21305de47f3044706c514f41feb7589a,With-Term sensitivity; reported-term timing unverified
4,0.0123897652400983,0.0184566663776714,40544,0.0154085198596525,0.0137874901341752,,,0,layer1_term,firth_raw,training_1991_2002,recorded charge-off within 36 months,raw,Approval-descriptor prediction,97993c926897a2c2b2bf84dda98dda9e21305de47f3044706c514f41feb7589a,With-Term sensitivity; reported-term timing unverified
5,0.0184566663776714,0.0246885283493744,40543,0.0215199424680658,0.0183262215425597,,,0,layer1_term,firth_raw,training_1991_2002,recorded charge-off within 36 months,raw,Approval-descriptor prediction,97993c926897a2c2b2bf84dda98dda9e21305de47f3044706c514f41feb7589a,With-Term sensitivity; reported-term timing unverified
6,0.0246885283493744,0.0318132572722495,40546,0.0281208004468554,0.0264144428550288,,,0,layer1_term,firth_raw,training_1991_2002,recorded charge-off within 36 months,raw,Approval-descriptor prediction,97993c926897a2c2b2bf84dda98dda9e21305de47f3044706c514f41feb7589a,With-Term sensitivity; reported-term timing unverified
7,0.0318132572722495,0.0411868407748666,40544,0.0362460665700623,0.0344070639305445,,,0,layer1_term,firth_raw,training_1991_2002,recorded charge-off within 36 months,raw,Approval-descriptor prediction,97993c926897a2c2b2bf84dda98dda9e21305de47f3044706c514f41feb7589a,With-Term sensitivity; reported-term timing unverified
8,0.0411868407748666,0.0543212730634461,40544,0.0472944977023558,0.0456294396211523,,,0,layer1_term,firth_raw,training_1991_2002,recorded charge-off within 36 months,raw,Approval-descriptor prediction,97993c926897a2c2b2bf84dda98dda9e21305de47f3044706c514f41feb7589a,With-Term sensitivity; reported-term timing unverified
9,0.0543212730634461,0.0779149564515577,40539,0.0646591394868746,0.0655418239226423,,,0,layer1_term,firth_raw,training_1991_2002,recorded charge-off within 36 months,raw,Approval-descriptor prediction,97993c926897a2c2b2bf84dda98dda9e21305de47f3044706c514f41feb7589a,With-Term sensitivity; reported-term timing unverified
10,0.0779149564515577,inf,40550,0.1176877161785494,0.1231319358816276,,,0,layer1_term,firth_raw,training_1991_2002,recorded charge-off within 36 months,raw,Approval-descriptor prediction,97993c926897a2c2b2bf84dda98dda9e21305de47f3044706c514f41feb7589a,With-Term sensitivity; reported-term timing unverified
1,-inf,0.0027532779866361,2745,0.0017171485278464,0.0007285974499089,0.0,0.0022224077165646,0,layer1_term,firth_raw,calibration_2003H2,recorded charge-off within 36 months,raw,Approval-descriptor prediction,97993c926897a2c2b2bf84dda98dda9e21305de47f3044706c514f41feb7589a,With-Term sensitivity; reported-term timing unverified
2,0.0027532779866361,0.0063652523044108,2199,0.0044468286967479,0.0040927694406548,0.0010450156541871,0.0070548293162614,0,layer1_term,firth_raw,calibration_2003H2,recorded charge-off within 36 months,raw,Approval-descriptor prediction,97993c926897a2c2b2bf84dda98dda9e21305de47f3044706c514f41feb7589a,With-Term sensitivity; reported-term timing unverified
3,0.0063652523044108,0.0123897652400983,3759,0.0094661245354657,0.0140994945464219,0.0089271753324856,0.0208445919229719,0,layer1_term,firth_raw,calibration_2003H2,recorded charge-off within 36 months,raw,Approval-descriptor prediction,97993c926897a2c2b2bf84dda98dda9e21305de47f3044706c514f41feb7589a,With-Term sensitivity; reported-term timing unverified
4,0.0123897652400983,0.0184566663776714,3592,0.0153177879895431,0.0244988864142538,0.0197791539038376,0.0294305980148794,0,layer1_term,firth_raw,calibration_2003H2,recorded charge-off within 36 months,raw,Approval-descriptor prediction,97993c926897a2c2b2bf84dda98dda9e21305de47f3044706c514f41feb7589a,With-Term sensitivity; reported-term timing unverified
5,0.0184566663776714,0.0246885283493744,2934,0.0214115076988708,0.0453306066802999,0.0316693727011235,0.056429695707929,0,layer1_term,firth_raw,calibration_2003H2,recorded charge-off within 36 months,raw,Approval-descriptor prediction,97993c926897a2c2b2bf84dda98dda9e21305de47f3044706c514f41feb7589a,With-Term sensitivity; reported-term timing unverified
6,0.0246885283493744,0.0318132572722495,2694,0.0280805954699933,0.0360059391239792,0.0280960081434903,0.0426169733233373,0,layer1_term,firth_raw,calibration_2003H2,recorded charge-off within 36 months,raw,Approval-descriptor prediction,97993c926897a2c2b2bf84dda98dda9e21305de47f3044706c514f41feb7589a,With-Term sensitivity; reported-term timing unverified
7,0.0318132572722495,0.0411868407748666,2604,0.0363606516627843,0.0341781874039938,0.0256070227962438,0.0440129237678092,0,layer1_term,firth_raw,calibration_2003H2,recorded charge-off within 36 months,raw,Approval-descriptor prediction,97993c926897a2c2b2bf84dda98dda9e21305de47f3044706c514f41feb7589a,With-Term sensitivity; reported-term timing unverified
8,0.0411868407748666,0.0543212730634461,2837,0.0474049789401232,0.0394783221713077,0.0291297490190617,0.0533088345333852,0,layer1_term,firth_raw,calibration_2003H2,recorded charge-off within 36 months,raw,Approval-descriptor prediction,97993c926897a2c2b2bf84dda98dda9e21305de47f3044706c514f41feb7589a,With-Term sensitivity; reported-term timing unverified
9,0.0543212730634461,0.0779149564515577,3515,0.0653356792282353,0.0679943100995732,0.0516230027357692,0.0866699920825872,0,layer1_term,firth_raw,calibration_2003H2,recorded charge-off within 36 months,raw,Approval-descriptor prediction,97993c926897a2c2b2bf84dda98dda9e21305de47f3044706c514f41feb7589a,With-Term sensitivity; reported-term timing unverified
10,0.0779149564515577,inf,5076,0.1231139756989812,0.1189913317572892,0.1068262073041137,0.1358418186540586,0,layer1_term,firth_raw,calibration_2003H2,recorded charge-off within 36 months,raw,Approval-descriptor prediction,97993c926897a2c2b2bf84dda98dda9e21305de47f3044706c514f41feb7589a,With-Term sensitivity; reported-term timing unverified
1,-inf,0.0027532779866361,12666,0.0015156082727391,0.0066319279962103,0.0045611699031386,0.0091306885070111,0,layer1_term,firth_raw,crisis_2007_2009,recorded charge-off within 36 months,raw,Approval-descriptor prediction,97993c926897a2c2b2bf84dda98dda9e21305de47f3044706c514f41feb7589a,With-Term sensitivity; reported-term timing unverified
2,0.0027532779866361,0.0063652523044108,15619,0.0045449940909977,0.0444330622959216,0.0336303808006906,0.0549896086721756,0,layer1_term,firth_raw,crisis_2007_2009,recorded charge-off within 36 months,raw,Approval-descriptor prediction,97993c926897a2c2b2bf84dda98dda9e21305de47f3044706c514f41feb7589a,With-Term sensitivity; reported-term timing unverified
3,0.0063652523044108,0.0123897652400983,23701,0.009288861607746,0.092358972195266,0.0715074810258977,0.1146541360750424,0,layer1_term,firth_raw,crisis_2007_2009,recorded charge-off within 36 months,raw,Approval-descriptor prediction,97993c926897a2c2b2bf84dda98dda9e21305de47f3044706c514f41feb7589a,With-Term sensitivity; reported-term timing unverified
4,0.0123897652400983,0.0184566663776714,19229,0.0152829064728334,0.1051016693535805,0.0822316900485999,0.1292704148608607,0,layer1_term,firth_raw,crisis_2007_2009,recorded charge-off within 36 months,raw,Approval-descriptor prediction,97993c926897a2c2b2bf84dda98dda9e21305de47f3044706c514f41feb7589a,With-Term sensitivity; reported-term timing unverified
5,0.0184566663776714,0.0246885283493744,15678,0.0214540974770594,0.1184462303865288,0.0930272108843537,0.142156454123894,0,layer1_term,firth_raw,crisis_2007_2009,recorded charge-off within 36 months,raw,Approval-descriptor prediction,97993c926897a2c2b2bf84dda98dda9e21305de47f3044706c514f41feb7589a,With-Term sensitivity; reported-term timing unverified
6,0.0246885283493744,0.0318132572722495,14048,0.0280975034701364,0.1318337129840546,0.1093574929065409,0.152605829532665,0,layer1_term,firth_raw,crisis_2007_2009,recorded charge-off within 36 months,raw,Approval-descriptor prediction,97993c926897a2c2b2bf84dda98dda9e21305de47f3044706c514f41feb7589a,With-Term sensitivity; reported-term timing unverified
7,0.0318132572722495,0.0411868407748666,14467,0.036302991940453,0.1373470657358125,0.1126206718642513,0.1595963497852022,0,layer1_term,firth_raw,crisis_2007_2009,recorded charge-off within 36 months,raw,Approval-descriptor prediction,97993c926897a2c2b2bf84dda98dda9e21305de47f3044706c514f41feb7589a,With-Term sensitivity; reported-term timing unverified
8,0.0411868407748666,0.0543212730634461,15816,0.0474957230796462,0.1466236722306525,0.1162717470728393,0.1773061083366311,0,layer1_term,firth_raw,crisis_2007_2009,recorded charge-off within 36 months,raw,Approval-descriptor prediction,97993c926897a2c2b2bf84dda98dda9e21305de47f3044706c514f41feb7589a,With-Term sensitivity; reported-term timing unverified
9,0.0543212730634461,0.0779149564515577,20056,0.0652767397977444,0.1656860789788592,0.1392983228830448,0.1885729182992817,0,layer1_term,firth_raw,crisis_2007_2009,recorded charge-off within 36 months,raw,Approval-descriptor prediction,97993c926897a2c2b2bf84dda98dda9e21305de47f3044706c514f41feb7589a,With-Term sensitivity; reported-term timing unverified
10,0.0779149564515577,inf,30031,0.1284609503707055,0.1959974692817422,0.1572041317552424,0.2280658040422838,0,layer1_term,firth_raw,crisis_2007_2009,recorded charge-off within 36 months,raw,Approval-descriptor prediction,97993c926897a2c2b2bf84dda98dda9e21305de47f3044706c514f41feb7589a,With-Term sensitivity; reported-term timing unverified
1,-inf,0.0027532779866361,20545,0.0013743913738765,0.001265514723777,0.0007362058364416,0.0019604358606894,0,layer1_term,firth_raw,additional_cohort_2011_2013,recorded charge-off within 36 months,raw,Approval-descriptor prediction,97993c926897a2c2b2bf84dda98dda9e21305de47f3044706c514f41feb7589a,With-Term sensitivity; reported-term timing unverified
2,0.0027532779866361,0.0063652523044108,14274,0.0045070459166866,0.005254308532997,0.0030245357904375,0.007321138484066,0,layer1_term,firth_raw,additional_cohort_2011_2013,recorded charge-off within 36 months,raw,Approval-descriptor prediction,97993c926897a2c2b2bf84dda98dda9e21305de47f3044706c514f41feb7589a,With-Term sensitivity; reported-term timing unverified
3,0.0063652523044108,0.0123897652400983,19649,0.0091627850433823,0.010331314570716,0.0088818086565014,0.0118646014161107,0,layer1_term,firth_raw,additional_cohort_2011_2013,recorded charge-off within 36 months,raw,Approval-descriptor prediction,97993c926897a2c2b2bf84dda98dda9e21305de47f3044706c514f41feb7589a,With-Term sensitivity; reported-term timing unverified
4,0.0123897652400983,0.0184566663776714,13015,0.0152487456551628,0.0139838647714175,0.0115519424870663,0.0164397073321542,0,layer1_term,firth_raw,additional_cohort_2011_2013,recorded charge-off within 36 months,raw,Approval-descriptor prediction,97993c926897a2c2b2bf84dda98dda9e21305de47f3044706c514f41feb7589a,With-Term sensitivity; reported-term timing unverified
5,0.0184566663776714,0.0246885283493744,9712,0.0213847683051298,0.0160626029654036,0.013583901067833,0.0190067119801443,0,layer1_term,firth_raw,additional_cohort_2011_2013,recorded charge-off within 36 months,raw,Approval-descriptor prediction,97993c926897a2c2b2bf84dda98dda9e21305de47f3044706c514f41feb7589a,With-Term sensitivity; reported-term timing unverified
6,0.0246885283493744,0.0318132572722495,8143,0.028079289015769,0.0180523148716689,0.0144924724289,0.0217509158784482,0,layer1_term,firth_raw,additional_cohort_2011_2013,recorded charge-off within 36 months,raw,Approval-descriptor prediction,97993c926897a2c2b2bf84dda98dda9e21305de47f3044706c514f41feb7589a,With-Term sensitivity; reported-term timing unverified
7,0.0318132572722495,0.0411868407748666,8062,0.0362744416570166,0.0231952369139171,0.0175106086499513,0.0287897822445561,0,layer1_term,firth_raw,additional_cohort_2011_2013,recorded charge-off within 36 months,raw,Approval-descriptor prediction,97993c926897a2c2b2bf84dda98dda9e21305de47f3044706c514f41feb7589a,With-Term sensitivity; reported-term timing unverified
8,0.0411868407748666,0.0543212730634461,8225,0.0473600308464007,0.022370820668693,0.0189082633375964,0.0261217367266193,0,layer1_term,firth_raw,additional_cohort_2011_2013,recorded charge-off within 36 months,raw,Approval-descriptor prediction,97993c926897a2c2b2bf84dda98dda9e21305de47f3044706c514f41feb7589a,With-Term sensitivity; reported-term timing unverified
9,0.0543212730634461,0.0779149564515577,8683,0.0645926555325651,0.0243003570194633,0.0211065862955411,0.0283932628043307,0,layer1_term,firth_raw,additional_cohort_2011_2013,recorded charge-off within 36 months,raw,Approval-descriptor prediction,97993c926897a2c2b2bf84dda98dda9e21305de47f3044706c514f41feb7589a,With-Term sensitivity; reported-term timing unverified
10,0.0779149564515577,inf,9694,0.1354177706392057,0.0429131421497833,0.0370729940382756,0.0487571988323195,0,layer1_term,firth_raw,additional_cohort_2011_2013,recorded charge-off within 36 months,raw,Approval-descriptor prediction,97993c926897a2c2b2bf84dda98dda9e21305de47f3044706c514f41feb7589a,With-Term sensitivity; reported-term timing unverified
1,-inf,0.00026794541513,40544,0.0001401615242418,0.0,,,0,layer1_term,lightgbm_raw,training_1991_2002,recorded charge-off within 36 months,raw,Approval-descriptor prediction,97993c926897a2c2b2bf84dda98dda9e21305de47f3044706c514f41feb7589a,With-Term sensitivity; reported-term timing unverified
2,0.00026794541513,0.0005307962393783,40545,0.0004020560285626,0.0,,,0,layer1_term,lightgbm_raw,training_1991_2002,recorded charge-off within 36 months,raw,Approval-descriptor prediction,97993c926897a2c2b2bf84dda98dda9e21305de47f3044706c514f41feb7589a,With-Term sensitivity; reported-term timing unverified
3,0.0005307962393783,0.0008174436792519,40544,0.000667858237971,0.0,,,0,layer1_term,lightgbm_raw,training_1991_2002,recorded charge-off within 36 months,raw,Approval-descriptor prediction,97993c926897a2c2b2bf84dda98dda9e21305de47f3044706c514f41feb7589a,With-Term sensitivity; reported-term timing unverified
4,0.0008174436792519,0.0012422048857788,40544,0.0010098732885311,9.865824782951856e-05,,,0,layer1_term,lightgbm_raw,training_1991_2002,recorded charge-off within 36 months,raw,Approval-descriptor prediction,97993c926897a2c2b2bf84dda98dda9e21305de47f3044706c514f41feb7589a,With-Term sensitivity; reported-term timing unverified
5,0.0012422048857788,0.0021241528523117,40544,0.0016146941502511,0.0003453038674033,,,0,layer1_term,lightgbm_raw,training_1991_2002,recorded charge-off within 36 months,raw,Approval-descriptor prediction,97993c926897a2c2b2bf84dda98dda9e21305de47f3044706c514f41feb7589a,With-Term sensitivity; reported-term timing unverified
6,0.0021241528523117,0.0043769994336934,40545,0.0031006760960391,0.0012825255888518,,,0,layer1_term,lightgbm_raw,training_1991_2002,recorded charge-off within 36 months,raw,Approval-descriptor prediction,97993c926897a2c2b2bf84dda98dda9e21305de47f3044706c514f41feb7589a,With-Term sensitivity; reported-term timing unverified
7,0.0043769994336934,0.0089266443222171,40544,0.006353641100128,0.0019485003946329,,,0,layer1_term,lightgbm_raw,training_1991_2002,recorded charge-off within 36 months,raw,Approval-descriptor prediction,97993c926897a2c2b2bf84dda98dda9e21305de47f3044706c514f41feb7589a,With-Term sensitivity; reported-term timing unverified
8,0.0089266443222171,0.0229970384135729,40544,0.0144592931370224,0.0058701657458563,,,0,layer1_term,lightgbm_raw,training_1991_2002,recorded charge-off within 36 months,raw,Approval-descriptor prediction,97993c926897a2c2b2bf84dda98dda9e21305de47f3044706c514f41feb7589a,With-Term sensitivity; reported-term timing unverified
9,0.0229970384135729,0.0879747482300561,40544,0.0462481820641307,0.0251825177584846,,,0,layer1_term,lightgbm_raw,training_1991_2002,recorded charge-off within 36 months,raw,Approval-descriptor prediction,97993c926897a2c2b2bf84dda98dda9e21305de47f3044706c514f41feb7589a,With-Term sensitivity; reported-term timing unverified
10,0.0879747482300561,inf,40545,0.2713668355160336,0.3106424959921075,,,0,layer1_term,lightgbm_raw,training_1991_2002,recorded charge-off within 36 months,raw,Approval-descriptor prediction,97993c926897a2c2b2bf84dda98dda9e21305de47f3044706c514f41feb7589a,With-Term sensitivity; reported-term timing unverified
1,-inf,0.00026794541513,3632,0.0001440624993919,0.0,0.0,0.0,0,layer1_term,lightgbm_raw,calibration_2003H2,recorded charge-off within 36 months,raw,Approval-descriptor prediction,97993c926897a2c2b2bf84dda98dda9e21305de47f3044706c514f41feb7589a,With-Term sensitivity; reported-term timing unverified
2,0.00026794541513,0.0005307962393783,3886,0.0003919173112216,0.0,0.0,0.0,0,layer1_term,lightgbm_raw,calibration_2003H2,recorded charge-off within 36 months,raw,Approval-descriptor prediction,97993c926897a2c2b2bf84dda98dda9e21305de47f3044706c514f41feb7589a,With-Term sensitivity; reported-term timing unverified
3,0.0005307962393783,0.0008174436792519,2841,0.0006637163820573,0.0,0.0,0.0,0,layer1_term,lightgbm_raw,calibration_2003H2,recorded charge-off within 36 months,raw,Approval-descriptor prediction,97993c926897a2c2b2bf84dda98dda9e21305de47f3044706c514f41feb7589a,With-Term sensitivity; reported-term timing unverified
4,0.0008174436792519,0.0012422048857788,2551,0.0010079088778359,0.000392003136025,0.0,0.0013563154257036,0,layer1_term,lightgbm_raw,calibration_2003H2,recorded charge-off within 36 months,raw,Approval-descriptor prediction,97993c926897a2c2b2bf84dda98dda9e21305de47f3044706c514f41feb7589a,With-Term sensitivity; reported-term timing unverified
5,0.0012422048857788,0.0021241528523117,2493,0.0016351365835892,0.0012033694344163,0.0,0.0036505273678011,0,layer1_term,lightgbm_raw,calibration_2003H2,recorded charge-off within 36 months,raw,Approval-descriptor prediction,97993c926897a2c2b2bf84dda98dda9e21305de47f3044706c514f41feb7589a,With-Term sensitivity; reported-term timing unverified
6,0.0021241528523117,0.0043769994336934,3211,0.0031403297503749,0.0037371535347243,0.0017455741154362,0.0057933340959081,0,layer1_term,lightgbm_raw,calibration_2003H2,recorded charge-off within 36 months,raw,Approval-descriptor prediction,97993c926897a2c2b2bf84dda98dda9e21305de47f3044706c514f41feb7589a,With-Term sensitivity; reported-term timing unverified
7,0.0043769994336934,0.0089266443222171,3033,0.0063082473166889,0.0072535443455324,0.0044813265216873,0.0113226391341249,0,layer1_term,lightgbm_raw,calibration_2003H2,recorded charge-off within 36 months,raw,Approval-descriptor prediction,97993c926897a2c2b2bf84dda98dda9e21305de47f3044706c514f41feb7589a,With-Term sensitivity; reported-term timing unverified
8,0.0089266443222171,0.0229970384135729,3277,0.0146223317008391,0.0213610009154714,0.0170928404683911,0.0269203165856131,0,layer1_term,lightgbm_raw,calibration_2003H2,recorded charge-off within 36 months,raw,Approval-descriptor prediction,97993c926897a2c2b2bf84dda98dda9e21305de47f3044706c514f41feb7589a,With-Term sensitivity; reported-term timing unverified
9,0.0229970384135729,0.0879747482300561,3521,0.0469456008274602,0.0502698097131496,0.0345311739671632,0.0710741666293113,0,layer1_term,lightgbm_raw,calibration_2003H2,recorded charge-off within 36 months,raw,Approval-descriptor prediction,97993c926897a2c2b2bf84dda98dda9e21305de47f3044706c514f41feb7589a,With-Term sensitivity; reported-term timing unverified
10,0.0879747482300561,inf,3510,0.267018619752547,0.325071225071225,0.2942658687668921,0.3500425193934244,0,layer1_term,lightgbm_raw,calibration_2003H2,recorded charge-off within 36 months,raw,Approval-descriptor prediction,97993c926897a2c2b2bf84dda98dda9e21305de47f3044706c514f41feb7589a,With-Term sensitivity; reported-term timing unverified
1,-inf,0.00026794541513,13249,0.000160968309314,0.000226432183561,0.0,0.0005262815565676,0,layer1_term,lightgbm_raw,crisis_2007_2009,recorded charge-off within 36 months,raw,Approval-descriptor prediction,97993c926897a2c2b2bf84dda98dda9e21305de47f3044706c514f41feb7589a,With-Term sensitivity; reported-term timing unverified
2,0.00026794541513,0.0005307962393783,17497,0.0003944168130408,0.0005715265474081,0.0002380505975841,0.0009200629159252,0,layer1_term,lightgbm_raw,crisis_2007_2009,recorded charge-off within 36 months,raw,Approval-descriptor prediction,97993c926897a2c2b2bf84dda98dda9e21305de47f3044706c514f41feb7589a,With-Term sensitivity; reported-term timing unverified
3,0.0005307962393783,0.0008174436792519,13905,0.000665005688883,0.0006472491909385,0.000229973875869,0.0011099740677205,0,layer1_term,lightgbm_raw,crisis_2007_2009,recorded charge-off within 36 months,raw,Approval-descriptor prediction,97993c926897a2c2b2bf84dda98dda9e21305de47f3044706c514f41feb7589a,With-Term sensitivity; reported-term timing unverified
4,0.0008174436792519,0.0012422048857788,13444,0.0010110552836257,0.0023802439750074,0.0014346302864994,0.0033149796780253,0,layer1_term,lightgbm_raw,crisis_2007_2009,recorded charge-off within 36 months,raw,Approval-descriptor prediction,97993c926897a2c2b2bf84dda98dda9e21305de47f3044706c514f41feb7589a,With-Term sensitivity; reported-term timing unverified
5,0.0012422048857788,0.0021241528523117,15333,0.0016356024038087,0.0046305354464227,0.0033399191475088,0.0058493397657529,0,layer1_term,lightgbm_raw,crisis_2007_2009,recorded charge-off within 36 months,raw,Approval-descriptor prediction,97993c926897a2c2b2bf84dda98dda9e21305de47f3044706c514f41feb7589a,With-Term sensitivity; reported-term timing unverified
6,0.0021241528523117,0.0043769994336934,17121,0.0030845740140514,0.0136090181648268,0.0106044699130759,0.0171304694432688,0,layer1_term,lightgbm_raw,crisis_2007_2009,recorded charge-off within 36 months,raw,Approval-descriptor prediction,97993c926897a2c2b2bf84dda98dda9e21305de47f3044706c514f41feb7589a,With-Term sensitivity; reported-term timing unverified
7,0.0043769994336934,0.0089266443222171,13818,0.0063140536542062,0.0289477493124909,0.0232623863823894,0.0351658449374417,0,layer1_term,lightgbm_raw,crisis_2007_2009,recorded charge-off within 36 months,raw,Approval-descriptor prediction,97993c926897a2c2b2bf84dda98dda9e21305de47f3044706c514f41feb7589a,With-Term sensitivity; reported-term timing unverified
8,0.0089266443222171,0.0229970384135729,16072,0.0147585475729373,0.0739795918367346,0.0573261975909456,0.0893766687172648,0,layer1_term,lightgbm_raw,crisis_2007_2009,recorded charge-off within 36 months,raw,Approval-descriptor prediction,97993c926897a2c2b2bf84dda98dda9e21305de47f3044706c514f41feb7589a,With-Term sensitivity; reported-term timing unverified
9,0.0229970384135729,0.0879747482300561,23516,0.0493651323663208,0.1779639394454839,0.1494506751253512,0.2051518350915296,0,layer1_term,lightgbm_raw,crisis_2007_2009,recorded charge-off within 36 months,raw,Approval-descriptor prediction,97993c926897a2c2b2bf84dda98dda9e21305de47f3044706c514f41feb7589a,With-Term sensitivity; reported-term timing unverified
10,0.0879747482300561,inf,37356,0.2765429654254399,0.4304529392868615,0.3760634139794817,0.4772898624016987,0,layer1_term,lightgbm_raw,crisis_2007_2009,recorded charge-off within 36 months,raw,Approval-descriptor prediction,97993c926897a2c2b2bf84dda98dda9e21305de47f3044706c514f41feb7589a,With-Term sensitivity; reported-term timing unverified
1,-inf,0.00026794541513,18878,0.0001461964424712,0.0,0.0,0.0,0,layer1_term,lightgbm_raw,additional_cohort_2011_2013,recorded charge-off within 36 months,raw,Approval-descriptor prediction,97993c926897a2c2b2bf84dda98dda9e21305de47f3044706c514f41feb7589a,With-Term sensitivity; reported-term timing unverified
2,0.00026794541513,0.0005307962393783,18341,0.0003928904120972,0.0001090453083256,0.0,0.0002954517321452,0,layer1_term,lightgbm_raw,additional_cohort_2011_2013,recorded charge-off within 36 months,raw,Approval-descriptor prediction,97993c926897a2c2b2bf84dda98dda9e21305de47f3044706c514f41feb7589a,With-Term sensitivity; reported-term timing unverified
3,0.0005307962393783,0.0008174436792519,13070,0.0006632511100397,0.0,0.0,0.0,0,layer1_term,lightgbm_raw,additional_cohort_2011_2013,recorded charge-off within 36 months,raw,Approval-descriptor prediction,97993c926897a2c2b2bf84dda98dda9e21305de47f3044706c514f41feb7589a,With-Term sensitivity; reported-term timing unverified
4,0.0008174436792519,0.0012422048857788,11141,0.0010083168905357,0.0001795170990036,0.0,0.0004313247094559,0,layer1_term,lightgbm_raw,additional_cohort_2011_2013,recorded charge-off within 36 months,raw,Approval-descriptor prediction,97993c926897a2c2b2bf84dda98dda9e21305de47f3044706c514f41feb7589a,With-Term sensitivity; reported-term timing unverified
5,0.0012422048857788,0.0021241528523117,11299,0.0016216961259092,0.0006195238516682,0.0002349504565929,0.0011501874997542,0,layer1_term,lightgbm_raw,additional_cohort_2011_2013,recorded charge-off within 36 months,raw,Approval-descriptor prediction,97993c926897a2c2b2bf84dda98dda9e21305de47f3044706c514f41feb7589a,With-Term sensitivity; reported-term timing unverified
6,0.0021241528523117,0.0043769994336934,11712,0.0030740365313019,0.0019637978142076,0.0011548533762256,0.002785520457566,0,layer1_term,lightgbm_raw,additional_cohort_2011_2013,recorded charge-off within 36 months,raw,Approval-descriptor prediction,97993c926897a2c2b2bf84dda98dda9e21305de47f3044706c514f41feb7589a,With-Term sensitivity; reported-term timing unverified
7,0.0043769994336934,0.0089266443222171,9211,0.0062738159612887,0.0067310824014764,0.0047339075797329,0.0091173937668527,0,layer1_term,lightgbm_raw,additional_cohort_2011_2013,recorded charge-off within 36 months,raw,Approval-descriptor prediction,97993c926897a2c2b2bf84dda98dda9e21305de47f3044706c514f41feb7589a,With-Term sensitivity; reported-term timing unverified
8,0.0089266443222171,0.0229970384135729,9481,0.0146294051495179,0.0141335302183314,0.0107277389089507,0.0179977301737923,0,layer1_term,lightgbm_raw,additional_cohort_2011_2013,recorded charge-off within 36 months,raw,Approval-descriptor prediction,97993c926897a2c2b2bf84dda98dda9e21305de47f3044706c514f41feb7589a,With-Term sensitivity; reported-term timing unverified
9,0.0229970384135729,0.0879747482300561,9858,0.0458265155972529,0.0394603367823087,0.0343997422148996,0.04601854957604,0,layer1_term,lightgbm_raw,additional_cohort_2011_2013,recorded charge-off within 36 months,raw,Approval-descriptor prediction,97993c926897a2c2b2bf84dda98dda9e21305de47f3044706c514f41feb7589a,With-Term sensitivity; reported-term timing unverified
10,0.0879747482300561,inf,7011,0.224998461489087,0.1665953501640279,0.1429362769700349,0.1917618192460509,0,layer1_term,lightgbm_raw,additional_cohort_2011_2013,recorded charge-off within 36 months,raw,Approval-descriptor prediction,97993c926897a2c2b2bf84dda98dda9e21305de47f3044706c514f41feb7589a,With-Term sensitivity; reported-term timing unverified
1,-inf,0.0001880215882461,40544,9.353460657979386e-05,0.0,,,0,layer1_term,lightgbm_calibrated,training_1991_2002,recorded charge-off within 36 months,2003H2 sigmoid calibrated,Approval-descriptor prediction,97993c926897a2c2b2bf84dda98dda9e21305de47f3044706c514f41feb7589a,With-Term sensitivity; reported-term timing unverified
2,0.0001880215882461,0.0003980401567581,40545,0.000294032000561,0.0,,,0,layer1_term,lightgbm_calibrated,training_1991_2002,recorded charge-off within 36 months,2003H2 sigmoid calibrated,Approval-descriptor prediction,97993c926897a2c2b2bf84dda98dda9e21305de47f3044706c514f41feb7589a,With-Term sensitivity; reported-term timing unverified
3,0.0003980401567581,0.0006392680590604,40544,0.0005125401789477,0.0,,,0,layer1_term,lightgbm_calibrated,training_1991_2002,recorded charge-off within 36 months,2003H2 sigmoid calibrated,Approval-descriptor prediction,97993c926897a2c2b2bf84dda98dda9e21305de47f3044706c514f41feb7589a,With-Term sensitivity; reported-term timing unverified
4,0.0006392680590604,0.0010117917497781,40544,0.000806770368576,9.865824782951856e-05,,,0,layer1_term,lightgbm_calibrated,training_1991_2002,recorded charge-off within 36 months,2003H2 sigmoid calibrated,Approval-descriptor prediction,97993c926897a2c2b2bf84dda98dda9e21305de47f3044706c514f41feb7589a,With-Term sensitivity; reported-term timing unverified
5,0.0010117917497781,0.001822874989714,40544,0.0013508834993736,0.0003453038674033,,,0,layer1_term,lightgbm_calibrated,training_1991_2002,recorded charge-off within 36 months,2003H2 sigmoid calibrated,Approval-descriptor prediction,97993c926897a2c2b2bf84dda98dda9e21305de47f3044706c514f41feb7589a,With-Term sensitivity; reported-term timing unverified
6,0.001822874989714,0.004030199649406,40545,0.0027673593593026,0.0012825255888518,,,0,layer1_term,lightgbm_calibrated,training_1991_2002,recorded charge-off within 36 months,2003H2 sigmoid calibrated,Approval-descriptor prediction,97993c926897a2c2b2bf84dda98dda9e21305de47f3044706c514f41feb7589a,With-Term sensitivity; reported-term timing unverified
7,0.004030199649406,0.0088096834145761,40544,0.006079827924049,0.0019485003946329,,,0,layer1_term,lightgbm_calibrated,training_1991_2002,recorded charge-off within 36 months,2003H2 sigmoid calibrated,Approval-descriptor prediction,97993c926897a2c2b2bf84dda98dda9e21305de47f3044706c514f41feb7589a,With-Term sensitivity; reported-term timing unverified
8,0.0088096834145761,0.0248621810000664,40544,0.0150104856169004,0.0058701657458563,,,0,layer1_term,lightgbm_calibrated,training_1991_2002,recorded charge-off within 36 months,2003H2 sigmoid calibrated,Approval-descriptor prediction,97993c926897a2c2b2bf84dda98dda9e21305de47f3044706c514f41feb7589a,With-Term sensitivity; reported-term timing unverified
9,0.0248621810000664,0.1069886587736164,40544,0.0536496335079594,0.0251825177584846,,,0,layer1_term,lightgbm_calibrated,training_1991_2002,recorded charge-off within 36 months,2003H2 sigmoid calibrated,Approval-descriptor prediction,97993c926897a2c2b2bf84dda98dda9e21305de47f3044706c514f41feb7589a,With-Term sensitivity; reported-term timing unverified
10,0.1069886587736164,inf,40545,0.334531032144599,0.3106424959921075,,,0,layer1_term,lightgbm_calibrated,training_1991_2002,recorded charge-off within 36 months,2003H2 sigmoid calibrated,Approval-descriptor prediction,97993c926897a2c2b2bf84dda98dda9e21305de47f3044706c514f41feb7589a,With-Term sensitivity; reported-term timing unverified
1,-inf,0.0001880215882461,3632,9.65433414266454e-05,0.0,0.0,0.0,0,layer1_term,lightgbm_calibrated,calibration_2003H2,recorded charge-off within 36 months,2003H2 sigmoid calibrated,Approval-descriptor prediction,97993c926897a2c2b2bf84dda98dda9e21305de47f3044706c514f41feb7589a,With-Term sensitivity; reported-term timing unverified
2,0.0001880215882461,0.0003980401567581,3886,0.0002859155535615,0.0,0.0,0.0,0,layer1_term,lightgbm_calibrated,calibration_2003H2,recorded charge-off within 36 months,2003H2 sigmoid calibrated,Approval-descriptor prediction,97993c926897a2c2b2bf84dda98dda9e21305de47f3044706c514f41feb7589a,With-Term sensitivity; reported-term timing unverified
3,0.0003980401567581,0.0006392680590604,2841,0.0005090506008033,0.0,0.0,0.0,0,layer1_term,lightgbm_calibrated,calibration_2003H2,recorded charge-off within 36 months,2003H2 sigmoid calibrated,Approval-descriptor prediction,97993c926897a2c2b2bf84dda98dda9e21305de47f3044706c514f41feb7589a,With-Term sensitivity; reported-term timing unverified
4,0.0006392680590604,0.0010117917497781,2551,0.0008050684457099,0.000392003136025,0.0,0.0013563154257036,0,layer1_term,lightgbm_calibrated,calibration_2003H2,recorded charge-off within 36 months,2003H2 sigmoid calibrated,Approval-descriptor prediction,97993c926897a2c2b2bf84dda98dda9e21305de47f3044706c514f41feb7589a,With-Term sensitivity; reported-term timing unverified
5,0.0010117917497781,0.001822874989714,2493,0.0013697246323982,0.0012033694344163,0.0,0.0036505273678011,0,layer1_term,lightgbm_calibrated,calibration_2003H2,recorded charge-off within 36 months,2003H2 sigmoid calibrated,Approval-descriptor prediction,97993c926897a2c2b2bf84dda98dda9e21305de47f3044706c514f41feb7589a,With-Term sensitivity; reported-term timing unverified
6,0.001822874989714,0.004030199649406,3211,0.0028060297051405,0.0037371535347243,0.0017455741154362,0.0057933340959081,0,layer1_term,lightgbm_calibrated,calibration_2003H2,recorded charge-off within 36 months,2003H2 sigmoid calibrated,Approval-descriptor prediction,97993c926897a2c2b2bf84dda98dda9e21305de47f3044706c514f41feb7589a,With-Term sensitivity; reported-term timing unverified
7,0.004030199649406,0.0088096834145761,3033,0.0060322396587212,0.0072535443455324,0.0044813265216873,0.0113226391341249,0,layer1_term,lightgbm_calibrated,calibration_2003H2,recorded charge-off within 36 months,2003H2 sigmoid calibrated,Approval-descriptor prediction,97993c926897a2c2b2bf84dda98dda9e21305de47f3044706c514f41feb7589a,With-Term sensitivity; reported-term timing unverified
8,0.0088096834145761,0.0248621810000664,3277,0.0151966740055916,0.0213610009154714,0.0170928404683911,0.0269203165856131,0,layer1_term,lightgbm_calibrated,calibration_2003H2,recorded charge-off within 36 months,2003H2 sigmoid calibrated,Approval-descriptor prediction,97993c926897a2c2b2bf84dda98dda9e21305de47f3044706c514f41feb7589a,With-Term sensitivity; reported-term timing unverified
9,0.0248621810000664,0.1069886587736164,3521,0.0545337366758121,0.0502698097131496,0.0345311739671632,0.0710741666293113,0,layer1_term,lightgbm_calibrated,calibration_2003H2,recorded charge-off within 36 months,2003H2 sigmoid calibrated,Approval-descriptor prediction,97993c926897a2c2b2bf84dda98dda9e21305de47f3044706c514f41feb7589a,With-Term sensitivity; reported-term timing unverified
10,0.1069886587736164,inf,3510,0.3272093794357759,0.325071225071225,0.2942658687668921,0.3500425193934244,0,layer1_term,lightgbm_calibrated,calibration_2003H2,recorded charge-off within 36 months,2003H2 sigmoid calibrated,Approval-descriptor prediction,97993c926897a2c2b2bf84dda98dda9e21305de47f3044706c514f41feb7589a,With-Term sensitivity; reported-term timing unverified
1,-inf,0.0001880215882461,13249,0.0001086114729816,0.000226432183561,0.0,0.0005262815565676,0,layer1_term,lightgbm_calibrated,crisis_2007_2009,recorded charge-off within 36 months,2003H2 sigmoid calibrated,Approval-descriptor prediction,97993c926897a2c2b2bf84dda98dda9e21305de47f3044706c514f41feb7589a,With-Term sensitivity; reported-term timing unverified
2,0.0001880215882461,0.0003980401567581,17497,0.0002879141024682,0.0005715265474081,0.0002380505975841,0.0009200629159252,0,layer1_term,lightgbm_calibrated,crisis_2007_2009,recorded charge-off within 36 months,2003H2 sigmoid calibrated,Approval-descriptor prediction,97993c926897a2c2b2bf84dda98dda9e21305de47f3044706c514f41feb7589a,With-Term sensitivity; reported-term timing unverified
3,0.0003980401567581,0.0006392680590604,13905,0.0005101386805206,0.0006472491909385,0.000229973875869,0.0011099740677205,0,layer1_term,lightgbm_calibrated,crisis_2007_2009,recorded charge-off within 36 months,2003H2 sigmoid calibrated,Approval-descriptor prediction,97993c926897a2c2b2bf84dda98dda9e21305de47f3044706c514f41feb7589a,With-Term sensitivity; reported-term timing unverified
4,0.0006392680590604,0.0010117917497781,13444,0.0008078213511467,0.0023802439750074,0.0014346302864994,0.0033149796780253,0,layer1_term,lightgbm_calibrated,crisis_2007_2009,recorded charge-off within 36 months,2003H2 sigmoid calibrated,Approval-descriptor prediction,97993c926897a2c2b2bf84dda98dda9e21305de47f3044706c514f41feb7589a,With-Term sensitivity; reported-term timing unverified
5,0.0010117917497781,0.001822874989714,15333,0.0013701162790338,0.0046305354464227,0.0033399191475088,0.0058493397657529,0,layer1_term,lightgbm_calibrated,crisis_2007_2009,recorded charge-off within 36 months,2003H2 sigmoid calibrated,Approval-descriptor prediction,97993c926897a2c2b2bf84dda98dda9e21305de47f3044706c514f41feb7589a,With-Term sensitivity; reported-term timing unverified
6,0.001822874989714,0.004030199649406,17121,0.0027512955990739,0.0136090181648268,0.0106044699130759,0.0171304694432688,0,layer1_term,lightgbm_calibrated,crisis_2007_2009,recorded charge-off within 36 months,2003H2 sigmoid calibrated,Approval-descriptor prediction,97993c926897a2c2b2bf84dda98dda9e21305de47f3044706c514f41feb7589a,With-Term sensitivity; reported-term timing unverified
7,0.004030199649406,0.0088096834145761,13818,0.0060385821763899,0.0289477493124909,0.0232623863823894,0.0351658449374417,0,layer1_term,lightgbm_calibrated,crisis_2007_2009,recorded charge-off within 36 months,2003H2 sigmoid calibrated,Approval-descriptor prediction,97993c926897a2c2b2bf84dda98dda9e21305de47f3044706c514f41feb7589a,With-Term sensitivity; reported-term timing unverified
8,0.0088096834145761,0.0248621810000664,16072,0.0153508529644406,0.0739795918367346,0.0573261975909456,0.0893766687172648,0,layer1_term,lightgbm_calibrated,crisis_2007_2009,recorded charge-off within 36 months,2003H2 sigmoid calibrated,Approval-descriptor prediction,97993c926897a2c2b2bf84dda98dda9e21305de47f3044706c514f41feb7589a,With-Term sensitivity; reported-term timing unverified
9,0.0248621810000664,0.1069886587736164,23516,0.0575848476730517,0.1779639394454839,0.1494506751253512,0.2051518350915296,0,layer1_term,lightgbm_calibrated,crisis_2007_2009,recorded charge-off within 36 months,2003H2 sigmoid calibrated,Approval-descriptor prediction,97993c926897a2c2b2bf84dda98dda9e21305de47f3044706c514f41feb7589a,With-Term sensitivity; reported-term timing unverified
10,0.1069886587736164,inf,37356,0.3397748670178492,0.4304529392868615,0.3760634139794817,0.4772898624016987,0,layer1_term,lightgbm_calibrated,crisis_2007_2009,recorded charge-off within 36 months,2003H2 sigmoid calibrated,Approval-descriptor prediction,97993c926897a2c2b2bf84dda98dda9e21305de47f3044706c514f41feb7589a,With-Term sensitivity; reported-term timing unverified
1,-inf,0.0001880215882461,18878,9.797935245796076e-05,0.0,0.0,0.0,0,layer1_term,lightgbm_calibrated,additional_cohort_2011_2013,recorded charge-off within 36 months,2003H2 sigmoid calibrated,Approval-descriptor prediction,97993c926897a2c2b2bf84dda98dda9e21305de47f3044706c514f41feb7589a,With-Term sensitivity; reported-term timing unverified
2,0.0001880215882461,0.0003980401567581,18341,0.0002866974308672,0.0001090453083256,0.0,0.0002954517321452,0,layer1_term,lightgbm_calibrated,additional_cohort_2011_2013,recorded charge-off within 36 months,2003H2 sigmoid calibrated,Approval-descriptor prediction,97993c926897a2c2b2bf84dda98dda9e21305de47f3044706c514f41feb7589a,With-Term sensitivity; reported-term timing unverified
3,0.0003980401567581,0.0006392680590604,13070,0.0005086786065734,0.0,0.0,0.0,0,layer1_term,lightgbm_calibrated,additional_cohort_2011_2013,recorded charge-off within 36 months,2003H2 sigmoid calibrated,Approval-descriptor prediction,97993c926897a2c2b2bf84dda98dda9e21305de47f3044706c514f41feb7589a,With-Term sensitivity; reported-term timing unverified
4,0.0006392680590604,0.0010117917497781,11141,0.0008054076295023,0.0001795170990036,0.0,0.0004313247094559,0,layer1_term,lightgbm_calibrated,additional_cohort_2011_2013,recorded charge-off within 36 months,2003H2 sigmoid calibrated,Approval-descriptor prediction,97993c926897a2c2b2bf84dda98dda9e21305de47f3044706c514f41feb7589a,With-Term sensitivity; reported-term timing unverified
5,0.0010117917497781,0.001822874989714,11299,0.0013573194784529,0.0006195238516682,0.0002349504565929,0.0011501874997542,0,layer1_term,lightgbm_calibrated,additional_cohort_2011_2013,recorded charge-off within 36 months,2003H2 sigmoid calibrated,Approval-descriptor prediction,97993c926897a2c2b2bf84dda98dda9e21305de47f3044706c514f41feb7589a,With-Term sensitivity; reported-term timing unverified
6,0.001822874989714,0.004030199649406,11712,0.0027409307001399,0.0019637978142076,0.0011548533762256,0.002785520457566,0,layer1_term,lightgbm_calibrated,additional_cohort_2011_2013,recorded charge-off within 36 months,2003H2 sigmoid calibrated,Approval-descriptor prediction,97993c926897a2c2b2bf84dda98dda9e21305de47f3044706c514f41feb7589a,With-Term sensitivity; reported-term timing unverified
7,0.004030199649406,0.0088096834145761,9211,0.0059961925515164,0.0067310824014764,0.0047339075797329,0.0091173937668527,0,layer1_term,lightgbm_calibrated,additional_cohort_2011_2013,recorded charge-off within 36 months,2003H2 sigmoid calibrated,Approval-descriptor prediction,97993c926897a2c2b2bf84dda98dda9e21305de47f3044706c514f41feb7589a,With-Term sensitivity; reported-term timing unverified
8,0.0088096834145761,0.0248621810000664,9481,0.0152045208864502,0.0141335302183314,0.0107277389089507,0.0179977301737923,0,layer1_term,lightgbm_calibrated,additional_cohort_2011_2013,recorded charge-off within 36 months,2003H2 sigmoid calibrated,Approval-descriptor prediction,97993c926897a2c2b2bf84dda98dda9e21305de47f3044706c514f41feb7589a,With-Term sensitivity; reported-term timing unverified
9,0.0248621810000664,0.1069886587736164,9858,0.0531204493669254,0.0394603367823087,0.0343997422148996,0.04601854957604,0,layer1_term,lightgbm_calibrated,additional_cohort_2011_2013,recorded charge-off within 36 months,2003H2 sigmoid calibrated,Approval-descriptor prediction,97993c926897a2c2b2bf84dda98dda9e21305de47f3044706c514f41feb7589a,With-Term sensitivity; reported-term timing unverified
10,0.1069886587736164,inf,7011,0.2788768669943972,0.1665953501640279,0.1429362769700349,0.1917618192460509,0,layer1_term,lightgbm_calibrated,additional_cohort_2011_2013,recorded charge-off within 36 months,2003H2 sigmoid calibrated,Approval-descriptor prediction,97993c926897a2c2b2bf84dda98dda9e21305de47f3044706c514f41feb7589a,With-Term sensitivity; reported-term timing unverified
1,-inf,0.0139637254993647,88871,0.0104239861645584,0.0074152423175164,,,0,layer2,firth_raw,training_1991_2009,recorded charge-off within 36 months,raw,Retrospective conditional validation using realized macro paths.,2a72cd44b85d19e4d63228e159ed6ab3466c09314c8b2ac54b4a595f8579777e,Term-free primary specification
2,0.0139637254993647,0.0195040108958337,88870,0.0167481594948897,0.0138741982671317,,,0,layer2,firth_raw,training_1991_2009,recorded charge-off within 36 months,raw,Retrospective conditional validation using realized macro paths.,2a72cd44b85d19e4d63228e159ed6ab3466c09314c8b2ac54b4a595f8579777e,Term-free primary specification
3,0.0195040108958337,0.0253440225254553,88870,0.0223658898089597,0.0210982333745921,,,0,layer2,firth_raw,training_1991_2009,recorded charge-off within 36 months,raw,Retrospective conditional validation using realized macro paths.,2a72cd44b85d19e4d63228e159ed6ab3466c09314c8b2ac54b4a595f8579777e,Term-free primary specification
4,0.0253440225254553,0.0321515483260709,88870,0.0286601168016239,0.02965005063576,,,0,layer2,firth_raw,training_1991_2009,recorded charge-off within 36 months,raw,Retrospective conditional validation using realized macro paths.,2a72cd44b85d19e4d63228e159ed6ab3466c09314c8b2ac54b4a595f8579777e,Term-free primary specification
5,0.0321515483260709,0.0403391439731123,88870,0.0361139958475342,0.038685720715652,,,0,layer2,firth_raw,training_1991_2009,recorded charge-off within 36 months,raw,Retrospective conditional validation using realized macro paths.,2a72cd44b85d19e4d63228e159ed6ab3466c09314c8b2ac54b4a595f8579777e,Term-free primary specification
6,0.0403391439731123,0.0509749529398236,88871,0.0453897609979732,0.0468994385120005,,,0,layer2,firth_raw,training_1991_2009,recorded charge-off within 36 months,raw,Retrospective conditional validation using realized macro paths.,2a72cd44b85d19e4d63228e159ed6ab3466c09314c8b2ac54b4a595f8579777e,Term-free primary specification
7,0.0509749529398236,0.0654900229997473,88870,0.0578249052908301,0.0581636097670755,,,0,layer2,firth_raw,training_1991_2009,recorded charge-off within 36 months,raw,Retrospective conditional validation using realized macro paths.,2a72cd44b85d19e4d63228e159ed6ab3466c09314c8b2ac54b4a595f8579777e,Term-free primary specification
8,0.0654900229997473,0.088527025415375,88870,0.0758749196554974,0.0752559918982783,,,0,layer2,firth_raw,training_1991_2009,recorded charge-off within 36 months,raw,Retrospective conditional validation using realized macro paths.,2a72cd44b85d19e4d63228e159ed6ab3466c09314c8b2ac54b4a595f8579777e,Term-free primary specification
9,0.088527025415375,0.1369881342561264,88870,0.109179882476837,0.1134691121863396,,,0,layer2,firth_raw,training_1991_2009,recorded charge-off within 36 months,raw,Retrospective conditional validation using realized macro paths.,2a72cd44b85d19e4d63228e159ed6ab3466c09314c8b2ac54b4a595f8579777e,Term-free primary specification
10,0.1369881342561264,inf,88871,0.2177690360240612,0.2153570906144861,,,0,layer2,firth_raw,training_1991_2009,recorded charge-off within 36 months,raw,Retrospective conditional validation using realized macro paths.,2a72cd44b85d19e4d63228e159ed6ab3466c09314c8b2ac54b4a595f8579777e,Term-free primary specification
1,-inf,0.0139637254993647,9069,0.0096025806686579,0.0041900981365089,0.0024099725125991,0.0062484369166184,0,layer2,firth_raw,calibration_2010,recorded charge-off within 36 months,raw,Retrospective conditional validation using realized macro paths.,2a72cd44b85d19e4d63228e159ed6ab3466c09314c8b2ac54b4a595f8579777e,Term-free primary specification
2,0.0139637254993647,0.0195040108958337,6063,0.0166898945241606,0.0069272637308263,0.0049255959875722,0.009077374578901,0,layer2,firth_raw,calibration_2010,recorded charge-off within 36 months,raw,Retrospective conditional validation using realized macro paths.,2a72cd44b85d19e4d63228e159ed6ab3466c09314c8b2ac54b4a595f8579777e,Term-free primary specification
3,0.0195040108958337,0.0253440225254553,5211,0.0222773804547601,0.0130493187488006,0.0093869868264924,0.0162480675584637,0,layer2,firth_raw,calibration_2010,recorded charge-off within 36 months,raw,Retrospective conditional validation using realized macro paths.,2a72cd44b85d19e4d63228e159ed6ab3466c09314c8b2ac54b4a595f8579777e,Term-free primary specification
4,0.0253440225254553,0.0321515483260709,4402,0.0285572939586868,0.011812812358019,0.0077836564288689,0.0154118610821601,0,layer2,firth_raw,calibration_2010,recorded charge-off within 36 months,raw,Retrospective conditional validation using realized macro paths.,2a72cd44b85d19e4d63228e159ed6ab3466c09314c8b2ac54b4a595f8579777e,Term-free primary specification
5,0.0321515483260709,0.0403391439731123,3966,0.0360867229264521,0.0199193141704488,0.0138350121946209,0.0253053206370558,0,layer2,firth_raw,calibration_2010,recorded charge-off within 36 months,raw,Retrospective conditional validation using realized macro paths.,2a72cd44b85d19e4d63228e159ed6ab3466c09314c8b2ac54b4a595f8579777e,Term-free primary specification
6,0.0403391439731123,0.0509749529398236,3522,0.0452618764649229,0.0215786484951731,0.0164840251618139,0.0276193589624735,0,layer2,firth_raw,calibration_2010,recorded charge-off within 36 months,raw,Retrospective conditional validation using realized macro paths.,2a72cd44b85d19e4d63228e159ed6ab3466c09314c8b2ac54b4a595f8579777e,Term-free primary specification
7,0.0509749529398236,0.0654900229997473,3099,0.0574890370497246,0.0313004194901581,0.0242744574377646,0.0382305977179562,0,layer2,firth_raw,calibration_2010,recorded charge-off within 36 months,raw,Retrospective conditional validation using realized macro paths.,2a72cd44b85d19e4d63228e159ed6ab3466c09314c8b2ac54b4a595f8579777e,Term-free primary specification
8,0.0654900229997473,0.088527025415375,2580,0.0752828704914686,0.051937984496124,0.0386808162853133,0.0684113339873283,0,layer2,firth_raw,calibration_2010,recorded charge-off within 36 months,raw,Retrospective conditional validation using realized macro paths.,2a72cd44b85d19e4d63228e159ed6ab3466c09314c8b2ac54b4a595f8579777e,Term-free primary specification
9,0.088527025415375,0.1369881342561264,2235,0.1082630701559885,0.0935123042505592,0.0746554273447324,0.1137914987211759,0,layer2,firth_raw,calibration_2010,recorded charge-off within 36 months,raw,Retrospective conditional validation using realized macro paths.,2a72cd44b85d19e4d63228e159ed6ab3466c09314c8b2ac54b4a595f8579777e,Term-free primary specification
10,0.1369881342561264,inf,1053,0.1683425848352948,0.1168091168091168,0.0963635531579259,0.1424777719378928,0,layer2,firth_raw,calibration_2010,recorded charge-off within 36 months,raw,Retrospective conditional validation using realized macro paths.,2a72cd44b85d19e4d63228e159ed6ab3466c09314c8b2ac54b4a595f8579777e,Term-free primary specification
1,-inf,0.0139637254993647,24535,0.008853024397445,0.0053393111880986,0.0042885152540297,0.0067459031965872,0,layer2,firth_raw,post_amendment_validation_2013_2014,recorded charge-off within 36 months,raw,Retrospective conditional validation using realized macro paths.,2a72cd44b85d19e4d63228e159ed6ab3466c09314c8b2ac54b4a595f8579777e,Term-free primary specification
2,0.0139637254993647,0.0195040108958337,12067,0.016630452551105,0.0105245711444435,0.0086256039397043,0.0125346434619365,0,layer2,firth_raw,post_amendment_validation_2013_2014,recorded charge-off within 36 months,raw,Retrospective conditional validation using realized macro paths.,2a72cd44b85d19e4d63228e159ed6ab3466c09314c8b2ac54b4a595f8579777e,Term-free primary specification
3,0.0195040108958337,0.0253440225254553,10790,0.0223544335930208,0.0127896200185356,0.0104410837220092,0.0150439766645634,0,layer2,firth_raw,post_amendment_validation_2013_2014,recorded charge-off within 36 months,raw,Retrospective conditional validation using realized macro paths.,2a72cd44b85d19e4d63228e159ed6ab3466c09314c8b2ac54b4a595f8579777e,Term-free primary specification
4,0.0253440225254553,0.0321515483260709,10228,0.0286538686967803,0.0152522487289792,0.0128314642407573,0.0172459015891638,0,layer2,firth_raw,post_amendment_validation_2013_2014,recorded charge-off within 36 months,raw,Retrospective conditional validation using realized macro paths.,2a72cd44b85d19e4d63228e159ed6ab3466c09314c8b2ac54b4a595f8579777e,Term-free primary specification
5,0.0321515483260709,0.0403391439731123,9714,0.0360912948171161,0.0206917850525015,0.0156710026584991,0.0247795048880805,0,layer2,firth_raw,post_amendment_validation_2013_2014,recorded charge-off within 36 months,raw,Retrospective conditional validation using realized macro paths.,2a72cd44b85d19e4d63228e159ed6ab3466c09314c8b2ac54b4a595f8579777e,Term-free primary specification
6,0.0403391439731123,0.0509749529398236,8740,0.0452186359230744,0.0217391304347826,0.0168906620479615,0.0262451237597284,0,layer2,firth_raw,post_amendment_validation_2013_2014,recorded charge-off within 36 months,raw,Retrospective conditional validation using realized macro paths.,2a72cd44b85d19e4d63228e159ed6ab3466c09314c8b2ac54b4a595f8579777e,Term-free primary specification
7,0.0509749529398236,0.0654900229997473,6411,0.0572963067745562,0.0288566526282951,0.0218532050410594,0.0356071947327685,0,layer2,firth_raw,post_amendment_validation_2013_2014,recorded charge-off within 36 months,raw,Retrospective conditional validation using realized macro paths.,2a72cd44b85d19e4d63228e159ed6ab3466c09314c8b2ac54b4a595f8579777e,Term-free primary specification
8,0.0654900229997473,0.088527025415375,3773,0.0741787555537921,0.0344553405777895,0.028112226557706,0.0401849976589466,0,layer2,firth_raw,post_amendment_validation_2013_2014,recorded charge-off within 36 months,raw,Retrospective conditional validation using realized macro paths.,2a72cd44b85d19e4d63228e159ed6ab3466c09314c8b2ac54b4a595f8579777e,Term-free primary specification
9,0.088527025415375,0.1369881342561264,876,0.1009228444392695,0.0353881278538812,0.0212720879913451,0.0459956533392376,0,layer2,firth_raw,post_amendment_validation_2013_2014,recorded charge-off within 36 months,raw,Retrospective conditional validation using realized macro paths.,2a72cd44b85d19e4d63228e159ed6ab3466c09314c8b2ac54b4a595f8579777e,Term-free primary specification
10,0.1369881342561264,inf,22,0.1575915608775812,0.0,0.0,0.0,0,layer2,firth_raw,post_amendment_validation_2013_2014,recorded charge-off within 36 months,raw,Retrospective conditional validation using realized macro paths.,2a72cd44b85d19e4d63228e159ed6ab3466c09314c8b2ac54b4a595f8579777e,Term-free primary specification
1,-inf,0.0098703204179009,88871,0.0066994371355559,0.0039720493749367,,,0,layer2,lightgbm_raw,training_1991_2009,recorded charge-off within 36 months,raw,Retrospective conditional validation using realized macro paths.,2a72cd44b85d19e4d63228e159ed6ab3466c09314c8b2ac54b4a595f8579777e,Term-free primary specification
2,0.0098703204179009,0.0155710933178763,88870,0.0126933997356119,0.0095082705074828,,,0,layer2,lightgbm_raw,training_1991_2009,recorded charge-off within 36 months,raw,Retrospective conditional validation using realized macro paths.,2a72cd44b85d19e4d63228e159ed6ab3466c09314c8b2ac54b4a595f8579777e,Term-free primary specification
3,0.0155710933178763,0.0220151707813806,88870,0.0186827669247692,0.0151232136829076,,,0,layer2,lightgbm_raw,training_1991_2009,recorded charge-off within 36 months,raw,Retrospective conditional validation using realized macro paths.,2a72cd44b85d19e4d63228e159ed6ab3466c09314c8b2ac54b4a595f8579777e,Term-free primary specification
4,0.0220151707813806,0.0296348670617632,88870,0.0257219595234632,0.0220546866209069,,,0,layer2,lightgbm_raw,training_1991_2009,recorded charge-off within 36 months,raw,Retrospective conditional validation using realized macro paths.,2a72cd44b85d19e4d63228e159ed6ab3466c09314c8b2ac54b4a595f8579777e,Term-free primary specification
5,0.0296348670617632,0.0387346717840696,88870,0.0340189110442577,0.0320130527737144,,,0,layer2,lightgbm_raw,training_1991_2009,recorded charge-off within 36 months,raw,Retrospective conditional validation using realized macro paths.,2a72cd44b85d19e4d63228e159ed6ab3466c09314c8b2ac54b4a595f8579777e,Term-free primary specification
6,0.0387346717840696,0.0501292771193409,88871,0.0442169488206349,0.0407669543495628,,,0,layer2,lightgbm_raw,training_1991_2009,recorded charge-off within 36 months,raw,Retrospective conditional validation using realized macro paths.,2a72cd44b85d19e4d63228e159ed6ab3466c09314c8b2ac54b4a595f8579777e,Term-free primary specification
7,0.0501292771193409,0.0654505382124526,88869,0.057307829426917,0.0556887103489405,,,0,layer2,lightgbm_raw,training_1991_2009,recorded charge-off within 36 months,raw,Retrospective conditional validation using realized macro paths.,2a72cd44b85d19e4d63228e159ed6ab3466c09314c8b2ac54b4a595f8579777e,Term-free primary specification
8,0.0654505382124526,0.0892935146554567,88871,0.0762050849436219,0.0778319136726266,,,0,layer2,lightgbm_raw,training_1991_2009,recorded charge-off within 36 months,raw,Retrospective conditional validation using realized macro paths.,2a72cd44b85d19e4d63228e159ed6ab3466c09314c8b2ac54b4a595f8579777e,Term-free primary specification
9,0.0892935146554567,0.1420851745766379,88870,0.1115937295313447,0.1154382806346348,,,0,layer2,lightgbm_raw,training_1991_2009,recorded charge-off within 36 months,raw,Retrospective conditional validation using realized macro paths.,2a72cd44b85d19e4d63228e159ed6ab3466c09314c8b2ac54b4a595f8579777e,Term-free primary specification
10,0.1420851745766379,inf,88871,0.2327585763453876,0.2474710535495268,,,0,layer2,lightgbm_raw,training_1991_2009,recorded charge-off within 36 months,raw,Retrospective conditional validation using realized macro paths.,2a72cd44b85d19e4d63228e159ed6ab3466c09314c8b2ac54b4a595f8579777e,Term-free primary specification
1,-inf,0.0098703204179009,9708,0.0063948180285055,0.0018541409147095,0.0010218288212939,0.002799668187474,0,layer2,lightgbm_raw,calibration_2010,recorded charge-off within 36 months,raw,Retrospective conditional validation using realized macro paths.,2a72cd44b85d19e4d63228e159ed6ab3466c09314c8b2ac54b4a595f8579777e,Term-free primary specification
2,0.0098703204179009,0.0155710933178763,5969,0.0125040331783888,0.0073714189981571,0.0045585423428298,0.0099857140583735,0,layer2,lightgbm_raw,calibration_2010,recorded charge-off within 36 months,raw,Retrospective conditional validation using realized macro paths.,2a72cd44b85d19e4d63228e159ed6ab3466c09314c8b2ac54b4a595f8579777e,Term-free primary specification
3,0.0155710933178763,0.0220151707813806,4993,0.0187041686314186,0.0114159823753254,0.0081962552709186,0.0143208271472457,0,layer2,lightgbm_raw,calibration_2010,recorded charge-off within 36 months,raw,Retrospective conditional validation using realized macro paths.,2a72cd44b85d19e4d63228e159ed6ab3466c09314c8b2ac54b4a595f8579777e,Term-free primary specification
4,0.0220151707813806,0.0296348670617632,4619,0.0257018625051187,0.0175362632604459,0.013268513956948,0.0217774231243851,0,layer2,lightgbm_raw,calibration_2010,recorded charge-off within 36 months,raw,Retrospective conditional validation using realized macro paths.,2a72cd44b85d19e4d63228e159ed6ab3466c09314c8b2ac54b4a595f8579777e,Term-free primary specification
5,0.0296348670617632,0.0387346717840696,4436,0.0339037999251789,0.019161406672678,0.0140150669813104,0.0243690518450901,0,layer2,lightgbm_raw,calibration_2010,recorded charge-off within 36 months,raw,Retrospective conditional validation using realized macro paths.,2a72cd44b85d19e4d63228e159ed6ab3466c09314c8b2ac54b4a595f8579777e,Term-free primary specification
6,0.0387346717840696,0.0501292771193409,3648,0.0439961921498116,0.0254934210526315,0.0188618447914976,0.0321579304989322,0,layer2,lightgbm_raw,calibration_2010,recorded charge-off within 36 months,raw,Retrospective conditional validation using realized macro paths.,2a72cd44b85d19e4d63228e159ed6ab3466c09314c8b2ac54b4a595f8579777e,Term-free primary specification
7,0.0501292771193409,0.0654505382124526,2527,0.056760242045066,0.0336367233874159,0.0285936806304704,0.0394227209485424,0,layer2,lightgbm_raw,calibration_2010,recorded charge-off within 36 months,raw,Retrospective conditional validation using realized macro paths.,2a72cd44b85d19e4d63228e159ed6ab3466c09314c8b2ac54b4a595f8579777e,Term-free primary specification
8,0.0654505382124526,0.0892935146554567,1245,0.0752432744418806,0.0401606425702811,0.030968744558194,0.0513691657532197,0,layer2,lightgbm_raw,calibration_2010,recorded charge-off within 36 months,raw,Retrospective conditional validation using realized macro paths.,2a72cd44b85d19e4d63228e159ed6ab3466c09314c8b2ac54b4a595f8579777e,Term-free primary specification
9,0.0892935146554567,0.1420851745766379,1638,0.1162700740158397,0.0763125763125763,0.0614851194839466,0.0956493554916373,0,layer2,lightgbm_raw,calibration_2010,recorded charge-off within 36 months,raw,Retrospective conditional validation using realized macro paths.,2a72cd44b85d19e4d63228e159ed6ab3466c09314c8b2ac54b4a595f8579777e,Term-free primary specification
10,0.1420851745766379,inf,2417,0.1898118312708198,0.1158460901944559,0.1005423030220355,0.132564297432928,0,layer2,lightgbm_raw,calibration_2010,recorded charge-off within 36 months,raw,Retrospective conditional validation using realized macro paths.,2a72cd44b85d19e4d63228e159ed6ab3466c09314c8b2ac54b4a595f8579777e,Term-free primary specification
1,-inf,0.0098703204179009,23805,0.0056436023504679,0.003192606595253,0.002528697847618,0.0041089414018042,0,layer2,lightgbm_raw,post_amendment_validation_2013_2014,recorded charge-off within 36 months,raw,Retrospective conditional validation using realized macro paths.,2a72cd44b85d19e4d63228e159ed6ab3466c09314c8b2ac54b4a595f8579777e,Term-free primary specification
2,0.0098703204179009,0.0155710933178763,10188,0.012621086826255,0.0080486847271299,0.0060342148863421,0.0097006351138787,0,layer2,lightgbm_raw,post_amendment_validation_2013_2014,recorded charge-off within 36 months,raw,Retrospective conditional validation using realized macro paths.,2a72cd44b85d19e4d63228e159ed6ab3466c09314c8b2ac54b4a595f8579777e,Term-free primary specification
3,0.0155710933178763,0.0220151707813806,10346,0.018740847184345,0.0108254397834912,0.0088193076630335,0.012820553414996,0,layer2,lightgbm_raw,post_amendment_validation_2013_2014,recorded charge-off within 36 months,raw,Retrospective conditional validation using realized macro paths.,2a72cd44b85d19e4d63228e159ed6ab3466c09314c8b2ac54b4a595f8579777e,Term-free primary specification
4,0.0220151707813806,0.0296348670617632,10867,0.0257272852844779,0.0151835833256648,0.01279404972415,0.0175841367150902,0,layer2,lightgbm_raw,post_amendment_validation_2013_2014,recorded charge-off within 36 months,raw,Retrospective conditional validation using realized macro paths.,2a72cd44b85d19e4d63228e159ed6ab3466c09314c8b2ac54b4a595f8579777e,Term-free primary specification
5,0.0296348670617632,0.0387346717840696,11818,0.033928003716849,0.0193772211880182,0.0169159253818206,0.021766991614063,0,layer2,lightgbm_raw,post_amendment_validation_2013_2014,recorded charge-off within 36 months,raw,Retrospective conditional validation using realized macro paths.,2a72cd44b85d19e4d63228e159ed6ab3466c09314c8b2ac54b4a595f8579777e,Term-free primary specification
6,0.0387346717840696,0.0501292771193409,8848,0.0438559131423999,0.0241862567811934,0.0190157836515685,0.0288043699829367,0,layer2,lightgbm_raw,post_amendment_validation_2013_2014,recorded charge-off within 36 months,raw,Retrospective conditional validation using realized macro paths.,2a72cd44b85d19e4d63228e159ed6ab3466c09314c8b2ac54b4a595f8579777e,Term-free primary specification
7,0.0501292771193409,0.0654505382124526,6532,0.056745365082568,0.0327617881200245,0.0255878436353628,0.0385041856381161,0,layer2,lightgbm_raw,post_amendment_validation_2013_2014,recorded charge-off within 36 months,raw,Retrospective conditional validation using realized macro paths.,2a72cd44b85d19e4d63228e159ed6ab3466c09314c8b2ac54b4a595f8579777e,Term-free primary specification
8,0.0654505382124526,0.0892935146554567,3393,0.07437989582476,0.0430297671676982,0.0332313665319471,0.050312447142031,0,layer2,lightgbm_raw,post_amendment_validation_2013_2014,recorded charge-off within 36 months,raw,Retrospective conditional validation using realized macro paths.,2a72cd44b85d19e4d63228e159ed6ab3466c09314c8b2ac54b4a595f8579777e,Term-free primary specification
9,0.0892935146554567,0.1420851745766379,1204,0.1061638566600183,0.0348837209302325,0.0244176152215154,0.0442851522471087,0,layer2,lightgbm_raw,post_amendment_validation_2013_2014,recorded charge-off within 36 months,raw,Retrospective conditional validation using realized macro paths.,2a72cd44b85d19e4d63228e159ed6ab3466c09314c8b2ac54b4a595f8579777e,Term-free primary specification
10,0.1420851745766379,inf,155,0.1620539075129503,0.0580645161290322,0.0240963855421686,0.1186820136605109,0,layer2,lightgbm_raw,post_amendment_validation_2013_2014,recorded charge-off within 36 months,raw,Retrospective conditional validation using realized macro paths.,2a72cd44b85d19e4d63228e159ed6ab3466c09314c8b2ac54b4a595f8579777e,Term-free primary specification
1,-inf,0.0053573583271086,88871,0.0035998946690006,0.0039720493749367,,,0,layer2,lightgbm_calibrated,training_1991_2009,recorded charge-off within 36 months,2010 sigmoid calibrated,Retrospective conditional validation using realized macro paths.,2a72cd44b85d19e4d63228e159ed6ab3466c09314c8b2ac54b4a595f8579777e,Term-free primary specification
2,0.0053573583271086,0.0085772636631896,88870,0.0069472654642633,0.0095082705074828,,,0,layer2,lightgbm_calibrated,training_1991_2009,recorded charge-off within 36 months,2010 sigmoid calibrated,Retrospective conditional validation using realized macro paths.,2a72cd44b85d19e4d63228e159ed6ab3466c09314c8b2ac54b4a595f8579777e,Term-free primary specification
3,0.0085772636631896,0.0122755308942488,88870,0.0103584357389634,0.0151232136829076,,,0,layer2,lightgbm_calibrated,training_1991_2009,recorded charge-off within 36 months,2010 sigmoid calibrated,Retrospective conditional validation using realized macro paths.,2a72cd44b85d19e4d63228e159ed6ab3466c09314c8b2ac54b4a595f8579777e,Term-free primary specification
4,0.0122755308942488,0.0167136532128341,88870,0.0144291199897089,0.0220546866209069,,,0,layer2,lightgbm_calibrated,training_1991_2009,recorded charge-off within 36 months,2010 sigmoid calibrated,Retrospective conditional validation using realized macro paths.,2a72cd44b85d19e4d63228e159ed6ab3466c09314c8b2ac54b4a595f8579777e,Term-free primary specification
5,0.0167136532128341,0.0220935908739265,88870,0.0192987383250892,0.0320130527737144,,,0,layer2,lightgbm_calibrated,training_1991_2009,recorded charge-off within 36 months,2010 sigmoid calibrated,Retrospective conditional validation using realized macro paths.,2a72cd44b85d19e4d63228e159ed6ab3466c09314c8b2ac54b4a595f8579777e,Term-free primary specification
6,0.0220935908739265,0.0289393837287875,88871,0.0253776464419308,0.0407669543495628,,,0,layer2,lightgbm_calibrated,training_1991_2009,recorded charge-off within 36 months,2010 sigmoid calibrated,Retrospective conditional validation using realized macro paths.,2a72cd44b85d19e4d63228e159ed6ab3466c09314c8b2ac54b4a595f8579777e,Term-free primary specification
7,0.0289393837287875,0.0383188917577066,88869,0.0333179210943958,0.0556887103489405,,,0,layer2,lightgbm_calibrated,training_1991_2009,recorded charge-off within 36 months,2010 sigmoid calibrated,Retrospective conditional validation using realized macro paths.,2a72cd44b85d19e4d63228e159ed6ab3466c09314c8b2ac54b4a595f8579777e,Term-free primary specification
8,0.0383188917577066,0.0532846955558885,88871,0.0450331961427019,0.0778319136726266,,,0,layer2,lightgbm_calibrated,training_1991_2009,recorded charge-off within 36 months,2010 sigmoid calibrated,Retrospective conditional validation using realized macro paths.,2a72cd44b85d19e4d63228e159ed6ab3466c09314c8b2ac54b4a595f8579777e,Term-free primary specification
9,0.0532846955558885,0.0879240150380229,88870,0.0677514826281942,0.1154382806346348,,,0,layer2,lightgbm_calibrated,training_1991_2009,recorded charge-off within 36 months,2010 sigmoid calibrated,Retrospective conditional validation using realized macro paths.,2a72cd44b85d19e4d63228e159ed6ab3466c09314c8b2ac54b4a595f8579777e,Term-free primary specification
10,0.0879240150380229,inf,88871,0.1550254216650082,0.2474710535495268,,,0,layer2,lightgbm_calibrated,training_1991_2009,recorded charge-off within 36 months,2010 sigmoid calibrated,Retrospective conditional validation using realized macro paths.,2a72cd44b85d19e4d63228e159ed6ab3466c09314c8b2ac54b4a595f8579777e,Term-free primary specification
1,-inf,0.0053573583271086,9708,0.0034310705574742,0.0018541409147095,0.0010218288212939,0.002799668187474,0,layer2,lightgbm_calibrated,calibration_2010,recorded charge-off within 36 months,2010 sigmoid calibrated,Retrospective conditional validation using realized macro paths.,2a72cd44b85d19e4d63228e159ed6ab3466c09314c8b2ac54b4a595f8579777e,Term-free primary specification
2,0.0053573583271086,0.0085772636631896,5969,0.0068403459025776,0.0073714189981571,0.0045585423428298,0.0099857140583735,0,layer2,lightgbm_calibrated,calibration_2010,recorded charge-off within 36 months,2010 sigmoid calibrated,Retrospective conditional validation using realized macro paths.,2a72cd44b85d19e4d63228e159ed6ab3466c09314c8b2ac54b4a595f8579777e,Term-free primary specification
3,0.0085772636631896,0.0122755308942488,4993,0.0103706524868286,0.0114159823753254,0.0081962552709186,0.0143208271472457,0,layer2,lightgbm_calibrated,calibration_2010,recorded charge-off within 36 months,2010 sigmoid calibrated,Retrospective conditional validation using realized macro paths.,2a72cd44b85d19e4d63228e159ed6ab3466c09314c8b2ac54b4a595f8579777e,Term-free primary specification
4,0.0122755308942488,0.0167136532128341,4619,0.014417422222453,0.0175362632604459,0.013268513956948,0.0217774231243851,0,layer2,lightgbm_calibrated,calibration_2010,recorded charge-off within 36 months,2010 sigmoid calibrated,Retrospective conditional validation using realized macro paths.,2a72cd44b85d19e4d63228e159ed6ab3466c09314c8b2ac54b4a595f8579777e,Term-free primary specification
5,0.0167136532128341,0.0220935908739265,4436,0.0192306629430325,0.019161406672678,0.0140150669813104,0.0243690518450901,0,layer2,lightgbm_calibrated,calibration_2010,recorded charge-off within 36 months,2010 sigmoid calibrated,Retrospective conditional validation using realized macro paths.,2a72cd44b85d19e4d63228e159ed6ab3466c09314c8b2ac54b4a595f8579777e,Term-free primary specification
6,0.0220935908739265,0.0289393837287875,3648,0.0252450192240064,0.0254934210526315,0.0188618447914976,0.0321579304989322,0,layer2,lightgbm_calibrated,calibration_2010,recorded charge-off within 36 months,2010 sigmoid calibrated,Retrospective conditional validation using realized macro paths.,2a72cd44b85d19e4d63228e159ed6ab3466c09314c8b2ac54b4a595f8579777e,Term-free primary specification
7,0.0289393837287875,0.0383188917577066,2527,0.0329828836182407,0.0336367233874159,0.0285936806304704,0.0394227209485424,0,layer2,lightgbm_calibrated,calibration_2010,recorded charge-off within 36 months,2010 sigmoid calibrated,Retrospective conditional validation using realized macro paths.,2a72cd44b85d19e4d63228e159ed6ab3466c09314c8b2ac54b4a595f8579777e,Term-free primary specification
8,0.0383188917577066,0.0532846955558885,1245,0.0444307066245294,0.0401606425702811,0.030968744558194,0.0513691657532197,0,layer2,lightgbm_calibrated,calibration_2010,recorded charge-off within 36 months,2010 sigmoid calibrated,Retrospective conditional validation using realized macro paths.,2a72cd44b85d19e4d63228e159ed6ab3466c09314c8b2ac54b4a595f8579777e,Term-free primary specification
9,0.0532846955558885,0.0879240150380229,1638,0.0708194383910388,0.0763125763125763,0.0614851194839466,0.0956493554916373,0,layer2,lightgbm_calibrated,calibration_2010,recorded charge-off within 36 months,2010 sigmoid calibrated,Retrospective conditional validation using realized macro paths.,2a72cd44b85d19e4d63228e159ed6ab3466c09314c8b2ac54b4a595f8579777e,Term-free primary specification
10,0.0879240150380229,inf,2417,0.121398082084141,0.1158460901944559,0.1005423030220355,0.132564297432928,0,layer2,lightgbm_calibrated,calibration_2010,recorded charge-off within 36 months,2010 sigmoid calibrated,Retrospective conditional validation using realized macro paths.,2a72cd44b85d19e4d63228e159ed6ab3466c09314c8b2ac54b4a595f8579777e,Term-free primary specification
1,-inf,0.0053573583271086,23805,0.0030188872653662,0.003192606595253,0.002528697847618,0.0041089414018042,0,layer2,lightgbm_calibrated,post_amendment_validation_2013_2014,recorded charge-off within 36 months,2010 sigmoid calibrated,Retrospective conditional validation using realized macro paths.,2a72cd44b85d19e4d63228e159ed6ab3466c09314c8b2ac54b4a595f8579777e,Term-free primary specification
2,0.0053573583271086,0.0085772636631896,10188,0.0069064237561463,0.0080486847271299,0.0060342148863421,0.0097006351138787,0,layer2,lightgbm_calibrated,post_amendment_validation_2013_2014,recorded charge-off within 36 months,2010 sigmoid calibrated,Retrospective conditional validation using realized macro paths.,2a72cd44b85d19e4d63228e159ed6ab3466c09314c8b2ac54b4a595f8579777e,Term-free primary specification
3,0.0085772636631896,0.0122755308942488,10346,0.0103917461507582,0.0108254397834912,0.0088193076630335,0.012820553414996,0,layer2,lightgbm_calibrated,post_amendment_validation_2013_2014,recorded charge-off within 36 months,2010 sigmoid calibrated,Retrospective conditional validation using realized macro paths.,2a72cd44b85d19e4d63228e159ed6ab3466c09314c8b2ac54b4a595f8579777e,Term-free primary specification
4,0.0122755308942488,0.0167136532128341,10867,0.0144322782573726,0.0151835833256648,0.01279404972415,0.0175841367150902,0,layer2,lightgbm_calibrated,post_amendment_validation_2013_2014,recorded charge-off within 36 months,2010 sigmoid calibrated,Retrospective conditional validation using realized macro paths.,2a72cd44b85d19e4d63228e159ed6ab3466c09314c8b2ac54b4a595f8579777e,Term-free primary specification
5,0.0167136532128341,0.0220935908739265,11818,0.0192449810912533,0.0193772211880182,0.0169159253818206,0.021766991614063,0,layer2,lightgbm_calibrated,post_amendment_validation_2013_2014,recorded charge-off within 36 months,2010 sigmoid calibrated,Retrospective conditional validation using realized macro paths.,2a72cd44b85d19e4d63228e159ed6ab3466c09314c8b2ac54b4a595f8579777e,Term-free primary specification
6,0.0220935908739265,0.0289393837287875,8848,0.0251608435803097,0.0241862567811934,0.0190157836515685,0.0288043699829367,0,layer2,lightgbm_calibrated,post_amendment_validation_2013_2014,recorded charge-off within 36 months,2010 sigmoid calibrated,Retrospective conditional validation using realized macro paths.,2a72cd44b85d19e4d63228e159ed6ab3466c09314c8b2ac54b4a595f8579777e,Term-free primary specification
7,0.0289393837287875,0.0383188917577066,6532,0.0329737971931999,0.0327617881200245,0.0255878436353628,0.0385041856381161,0,layer2,lightgbm_calibrated,post_amendment_validation_2013_2014,recorded charge-off within 36 months,2010 sigmoid calibrated,Retrospective conditional validation using realized macro paths.,2a72cd44b85d19e4d63228e159ed6ab3466c09314c8b2ac54b4a595f8579777e,Term-free primary specification
8,0.0383188917577066,0.0532846955558885,3393,0.0438888601157012,0.0430297671676982,0.0332313665319471,0.050312447142031,0,layer2,lightgbm_calibrated,post_amendment_validation_2013_2014,recorded charge-off within 36 months,2010 sigmoid calibrated,Retrospective conditional validation using realized macro paths.,2a72cd44b85d19e4d63228e159ed6ab3466c09314c8b2ac54b4a595f8579777e,Term-free primary specification
9,0.0532846955558885,0.0879240150380229,1204,0.0641996791103516,0.0348837209302325,0.0244176152215154,0.0442851522471087,0,layer2,lightgbm_calibrated,post_amendment_validation_2013_2014,recorded charge-off within 36 months,2010 sigmoid calibrated,Retrospective conditional validation using realized macro paths.,2a72cd44b85d19e4d63228e159ed6ab3466c09314c8b2ac54b4a595f8579777e,Term-free primary specification
10,0.0879240150380229,inf,155,0.1016553298953656,0.0580645161290322,0.0240963855421686,0.1186820136605109,0,layer2,lightgbm_calibrated,post_amendment_validation_2013_2014,recorded charge-off within 36 months,2010 sigmoid calibrated,Retrospective conditional validation using realized macro paths.,2a72cd44b85d19e4d63228e159ed6ab3466c09314c8b2ac54b4a595f8579777e,Term-free primary specification
1,-inf,0.0042908170414279,88871,0.0023843750280363,0.0034656974716161,,,0,layer2_term,firth_raw,training_1991_2009,recorded charge-off within 36 months,raw,Retrospective conditional validation using realized macro paths.,2a72cd44b85d19e4d63228e159ed6ab3466c09314c8b2ac54b4a595f8579777e,With-Term sensitivity; reported-term timing unverified
2,0.0042908170414279,0.0134918309275825,88870,0.0084805251656746,0.0082930122651063,,,0,layer2_term,firth_raw,training_1991_2009,recorded charge-off within 36 months,raw,Retrospective conditional validation using realized macro paths.,2a72cd44b85d19e4d63228e159ed6ab3466c09314c8b2ac54b4a595f8579777e,With-Term sensitivity; reported-term timing unverified
3,0.0134918309275825,0.0227795697986489,88870,0.0182930898919554,0.0126476876336221,,,0,layer2_term,firth_raw,training_1991_2009,recorded charge-off within 36 months,raw,Retrospective conditional validation using realized macro paths.,2a72cd44b85d19e4d63228e159ed6ab3466c09314c8b2ac54b4a595f8579777e,With-Term sensitivity; reported-term timing unverified
4,0.0227795697986489,0.0315101583341709,88870,0.0271231171774115,0.0222459772701699,,,0,layer2_term,firth_raw,training_1991_2009,recorded charge-off within 36 months,raw,Retrospective conditional validation using realized macro paths.,2a72cd44b85d19e4d63228e159ed6ab3466c09314c8b2ac54b4a595f8579777e,With-Term sensitivity; reported-term timing unverified
5,0.0315101583341709,0.0411435307925082,88870,0.0361992985430859,0.033532125576685,,,0,layer2_term,firth_raw,training_1991_2009,recorded charge-off within 36 months,raw,Retrospective conditional validation using realized macro paths.,2a72cd44b85d19e4d63228e159ed6ab3466c09314c8b2ac54b4a595f8579777e,With-Term sensitivity; reported-term timing unverified
6,0.0411435307925082,0.0529822949450889,88871,0.0468311327053357,0.0471919973894746,,,0,layer2_term,firth_raw,training_1991_2009,recorded charge-off within 36 months,raw,Retrospective conditional validation using realized macro paths.,2a72cd44b85d19e4d63228e159ed6ab3466c09314c8b2ac54b4a595f8579777e,With-Term sensitivity; reported-term timing unverified
7,0.0529822949450889,0.0687507226931697,88870,0.0604306472059697,0.0579048047710138,,,0,layer2_term,firth_raw,training_1991_2009,recorded charge-off within 36 months,raw,Retrospective conditional validation using realized macro paths.,2a72cd44b85d19e4d63228e159ed6ab3466c09314c8b2ac54b4a595f8579777e,With-Term sensitivity; reported-term timing unverified
8,0.0687507226931697,0.0926710183084912,88870,0.0796979958702787,0.0815910881062225,,,0,layer2_term,firth_raw,training_1991_2009,recorded charge-off within 36 months,raw,Retrospective conditional validation using realized macro paths.,2a72cd44b85d19e4d63228e159ed6ab3466c09314c8b2ac54b4a595f8579777e,With-Term sensitivity; reported-term timing unverified
9,0.0926710183084912,0.1408913533474474,88870,0.1131090576818019,0.1281084730505232,,,0,layer2_term,firth_raw,training_1991_2009,recorded charge-off within 36 months,raw,Retrospective conditional validation using realized macro paths.,2a72cd44b85d19e4d63228e159ed6ab3466c09314c8b2ac54b4a595f8579777e,With-Term sensitivity; reported-term timing unverified
10,0.1408913533474474,inf,88871,0.2277963060690455,0.2248877586614306,,,0,layer2_term,firth_raw,training_1991_2009,recorded charge-off within 36 months,raw,Retrospective conditional validation using realized macro paths.,2a72cd44b85d19e4d63228e159ed6ab3466c09314c8b2ac54b4a595f8579777e,With-Term sensitivity; reported-term timing unverified
1,-inf,0.0042908170414279,5307,0.0020479347783529,0.0007537214999057,0.0,0.0018310629777327,0,layer2_term,firth_raw,calibration_2010,recorded charge-off within 36 months,raw,Retrospective conditional validation using realized macro paths.,2a72cd44b85d19e4d63228e159ed6ab3466c09314c8b2ac54b4a595f8579777e,With-Term sensitivity; reported-term timing unverified
2,0.0042908170414279,0.0134918309275825,5346,0.009129223565511,0.0029928918817807,0.001564568065828,0.0043657679177041,0,layer2_term,firth_raw,calibration_2010,recorded charge-off within 36 months,raw,Retrospective conditional validation using realized macro paths.,2a72cd44b85d19e4d63228e159ed6ab3466c09314c8b2ac54b4a595f8579777e,With-Term sensitivity; reported-term timing unverified
3,0.0134918309275825,0.0227795697986489,7001,0.018191523976707,0.0059991429795743,0.0039284349391347,0.0082320914279347,0,layer2_term,firth_raw,calibration_2010,recorded charge-off within 36 months,raw,Retrospective conditional validation using realized macro paths.,2a72cd44b85d19e4d63228e159ed6ab3466c09314c8b2ac54b4a595f8579777e,With-Term sensitivity; reported-term timing unverified
4,0.0227795697986489,0.0315101583341709,5525,0.0270148972845566,0.0112217194570135,0.0073847343780211,0.0143279701608136,0,layer2_term,firth_raw,calibration_2010,recorded charge-off within 36 months,raw,Retrospective conditional validation using realized macro paths.,2a72cd44b85d19e4d63228e159ed6ab3466c09314c8b2ac54b4a595f8579777e,With-Term sensitivity; reported-term timing unverified
5,0.0315101583341709,0.0411435307925082,4587,0.0361487157712211,0.0172225855679093,0.0120585836037355,0.0219523640710087,0,layer2_term,firth_raw,calibration_2010,recorded charge-off within 36 months,raw,Retrospective conditional validation using realized macro paths.,2a72cd44b85d19e4d63228e159ed6ab3466c09314c8b2ac54b4a595f8579777e,With-Term sensitivity; reported-term timing unverified
6,0.0411435307925082,0.0529822949450889,4311,0.0466955327849457,0.0211087914636975,0.0144110355016439,0.0272383182916802,0,layer2_term,firth_raw,calibration_2010,recorded charge-off within 36 months,raw,Retrospective conditional validation using realized macro paths.,2a72cd44b85d19e4d63228e159ed6ab3466c09314c8b2ac54b4a595f8579777e,With-Term sensitivity; reported-term timing unverified
7,0.0529822949450889,0.0687507226931697,3501,0.0600802037951621,0.0368466152527849,0.0274959610260794,0.047944167763375,0,layer2_term,firth_raw,calibration_2010,recorded charge-off within 36 months,raw,Retrospective conditional validation using realized macro paths.,2a72cd44b85d19e4d63228e159ed6ab3466c09314c8b2ac54b4a595f8579777e,With-Term sensitivity; reported-term timing unverified
8,0.0687507226931697,0.0926710183084912,2855,0.07921003916408,0.067600700525394,0.0532207943367068,0.0838457339603627,0,layer2_term,firth_raw,calibration_2010,recorded charge-off within 36 months,raw,Retrospective conditional validation using realized macro paths.,2a72cd44b85d19e4d63228e159ed6ab3466c09314c8b2ac54b4a595f8579777e,With-Term sensitivity; reported-term timing unverified
9,0.0926710183084912,0.1408913533474474,2046,0.1107621210893663,0.1050830889540567,0.0805282244779137,0.1317246107602418,0,layer2_term,firth_raw,calibration_2010,recorded charge-off within 36 months,raw,Retrospective conditional validation using realized macro paths.,2a72cd44b85d19e4d63228e159ed6ab3466c09314c8b2ac54b4a595f8579777e,With-Term sensitivity; reported-term timing unverified
10,0.1408913533474474,inf,721,0.1855087340733167,0.1206657420249653,0.0964912280701754,0.1465007416455806,0,layer2_term,firth_raw,calibration_2010,recorded charge-off within 36 months,raw,Retrospective conditional validation using realized macro paths.,2a72cd44b85d19e4d63228e159ed6ab3466c09314c8b2ac54b4a595f8579777e,With-Term sensitivity; reported-term timing unverified
1,-inf,0.0042908170414279,15692,0.0017000192058603,0.0010196278358399,0.0005031619004351,0.0017648918021797,0,layer2_term,firth_raw,post_amendment_validation_2013_2014,recorded charge-off within 36 months,raw,Retrospective conditional validation using realized macro paths.,2a72cd44b85d19e4d63228e159ed6ab3466c09314c8b2ac54b4a595f8579777e,With-Term sensitivity; reported-term timing unverified
2,0.0042908170414279,0.0134918309275825,14656,0.0092680031092385,0.0053902838427947,0.0039335932763357,0.0069795328578618,0,layer2_term,firth_raw,post_amendment_validation_2013_2014,recorded charge-off within 36 months,raw,Retrospective conditional validation using realized macro paths.,2a72cd44b85d19e4d63228e159ed6ab3466c09314c8b2ac54b4a595f8579777e,With-Term sensitivity; reported-term timing unverified
3,0.0134918309275825,0.0227795697986489,19430,0.0179906062189828,0.0110653628409675,0.0092338373648761,0.0127617921656717,0,layer2_term,firth_raw,post_amendment_validation_2013_2014,recorded charge-off within 36 months,raw,Retrospective conditional validation using realized macro paths.,2a72cd44b85d19e4d63228e159ed6ab3466c09314c8b2ac54b4a595f8579777e,With-Term sensitivity; reported-term timing unverified
4,0.0227795697986489,0.0315101583341709,12815,0.0268539600022808,0.0163090128755364,0.0133320336780245,0.0191512976061291,0,layer2_term,firth_raw,post_amendment_validation_2013_2014,recorded charge-off within 36 months,raw,Retrospective conditional validation using realized macro paths.,2a72cd44b85d19e4d63228e159ed6ab3466c09314c8b2ac54b4a595f8579777e,With-Term sensitivity; reported-term timing unverified
5,0.0315101583341709,0.0411435307925082,10019,0.0360113574226492,0.0196626409821339,0.0164620534653395,0.022942081656173,0,layer2_term,firth_raw,post_amendment_validation_2013_2014,recorded charge-off within 36 months,raw,Retrospective conditional validation using realized macro paths.,2a72cd44b85d19e4d63228e159ed6ab3466c09314c8b2ac54b4a595f8579777e,With-Term sensitivity; reported-term timing unverified
6,0.0411435307925082,0.0529822949450889,6979,0.0463674527889813,0.0303768448201748,0.0206240167979853,0.0388415244220233,0,layer2_term,firth_raw,post_amendment_validation_2013_2014,recorded charge-off within 36 months,raw,Retrospective conditional validation using realized macro paths.,2a72cd44b85d19e4d63228e159ed6ab3466c09314c8b2ac54b4a595f8579777e,With-Term sensitivity; reported-term timing unverified
7,0.0529822949450889,0.0687507226931697,4407,0.0596621533547941,0.045836169729975,0.0360710403634384,0.054715916433812,0,layer2_term,firth_raw,post_amendment_validation_2013_2014,recorded charge-off within 36 months,raw,Retrospective conditional validation using realized macro paths.,2a72cd44b85d19e4d63228e159ed6ab3466c09314c8b2ac54b4a595f8579777e,With-Term sensitivity; reported-term timing unverified
8,0.0687507226931697,0.0926710183084912,2224,0.0780567199764098,0.0539568345323741,0.0390774696813796,0.0655921604813151,0,layer2_term,firth_raw,post_amendment_validation_2013_2014,recorded charge-off within 36 months,raw,Retrospective conditional validation using realized macro paths.,2a72cd44b85d19e4d63228e159ed6ab3466c09314c8b2ac54b4a595f8579777e,With-Term sensitivity; reported-term timing unverified
9,0.0926710183084912,0.1408913533474474,846,0.1090286382501509,0.0425531914893617,0.0315874931340401,0.0545179487620702,0,layer2_term,firth_raw,post_amendment_validation_2013_2014,recorded charge-off within 36 months,raw,Retrospective conditional validation using realized macro paths.,2a72cd44b85d19e4d63228e159ed6ab3466c09314c8b2ac54b4a595f8579777e,With-Term sensitivity; reported-term timing unverified
10,0.1408913533474474,inf,88,0.1644985913664721,0.034090909090909,0.0,0.088235294117647,0,layer2_term,firth_raw,post_amendment_validation_2013_2014,recorded charge-off within 36 months,raw,Retrospective conditional validation using realized macro paths.,2a72cd44b85d19e4d63228e159ed6ab3466c09314c8b2ac54b4a595f8579777e,With-Term sensitivity; reported-term timing unverified
1,-inf,0.0003013964631394,88871,0.0001873859764271,0.0,,,0,layer2_term,lightgbm_raw,training_1991_2009,recorded charge-off within 36 months,raw,Retrospective conditional validation using realized macro paths.,2a72cd44b85d19e4d63228e159ed6ab3466c09314c8b2ac54b4a595f8579777e,With-Term sensitivity; reported-term timing unverified
2,0.0003013964631394,0.0004869396941153,88870,0.0003922588099722,0.0,,,0,layer2_term,lightgbm_raw,training_1991_2009,recorded charge-off within 36 months,raw,Retrospective conditional validation using realized macro paths.,2a72cd44b85d19e4d63228e159ed6ab3466c09314c8b2ac54b4a595f8579777e,With-Term sensitivity; reported-term timing unverified
3,0.0004869396941153,0.0007403776435074,88870,0.000604446995805,0.0,,,0,layer2_term,lightgbm_raw,training_1991_2009,recorded charge-off within 36 months,raw,Retrospective conditional validation using realized macro paths.,2a72cd44b85d19e4d63228e159ed6ab3466c09314c8b2ac54b4a595f8579777e,With-Term sensitivity; reported-term timing unverified
4,0.0007403776435074,0.0011981715592584,88870,0.0009410862003328,0.000101271520198,,,0,layer2_term,lightgbm_raw,training_1991_2009,recorded charge-off within 36 months,raw,Retrospective conditional validation using realized macro paths.,2a72cd44b85d19e4d63228e159ed6ab3466c09314c8b2ac54b4a595f8579777e,With-Term sensitivity; reported-term timing unverified
5,0.0011981715592584,0.0028083562257406,88870,0.001779168698577,0.0005063576009902,,,0,layer2_term,lightgbm_raw,training_1991_2009,recorded charge-off within 36 months,raw,Retrospective conditional validation using realized macro paths.,2a72cd44b85d19e4d63228e159ed6ab3466c09314c8b2ac54b4a595f8579777e,With-Term sensitivity; reported-term timing unverified
6,0.0028083562257406,0.0074919513797416,88871,0.0049492562330494,0.0014402898583339,,,0,layer2_term,lightgbm_raw,training_1991_2009,recorded charge-off within 36 months,raw,Retrospective conditional validation using realized macro paths.,2a72cd44b85d19e4d63228e159ed6ab3466c09314c8b2ac54b4a595f8579777e,With-Term sensitivity; reported-term timing unverified
7,0.0074919513797416,0.0171210906810042,88870,0.0115925931949896,0.0038708225497918,,,0,layer2_term,lightgbm_raw,training_1991_2009,recorded charge-off within 36 months,raw,Retrospective conditional validation using realized macro paths.,2a72cd44b85d19e4d63228e159ed6ab3466c09314c8b2ac54b4a595f8579777e,With-Term sensitivity; reported-term timing unverified
8,0.0171210906810042,0.0446553750826818,88870,0.0283192177806723,0.0142680319567908,,,0,layer2_term,lightgbm_raw,training_1991_2009,recorded charge-off within 36 months,raw,Retrospective conditional validation using realized macro paths.,2a72cd44b85d19e4d63228e159ed6ab3466c09314c8b2ac54b4a595f8579777e,With-Term sensitivity; reported-term timing unverified
9,0.0446553750826818,0.1716397886681866,88870,0.089197928793317,0.0744908293012265,,,0,layer2_term,lightgbm_raw,training_1991_2009,recorded charge-off within 36 months,raw,Retrospective conditional validation using realized macro paths.,2a72cd44b85d19e4d63228e159ed6ab3466c09314c8b2ac54b4a595f8579777e,With-Term sensitivity; reported-term timing unverified
10,0.1716397886681866,inf,88871,0.4819935305607634,0.5251881941240675,,,0,layer2_term,lightgbm_raw,training_1991_2009,recorded charge-off within 36 months,raw,Retrospective conditional validation using realized macro paths.,2a72cd44b85d19e4d63228e159ed6ab3466c09314c8b2ac54b4a595f8579777e,With-Term sensitivity; reported-term timing unverified
1,-inf,0.0003013964631394,7664,0.0001706353644488,0.0,0.0,0.0,0,layer2_term,lightgbm_raw,calibration_2010,recorded charge-off within 36 months,raw,Retrospective conditional validation using realized macro paths.,2a72cd44b85d19e4d63228e159ed6ab3466c09314c8b2ac54b4a595f8579777e,With-Term sensitivity; reported-term timing unverified
2,0.0003013964631394,0.0004869396941153,5797,0.0003898729194373,0.0003450060376056,0.0,0.0008147173825541,0,layer2_term,lightgbm_raw,calibration_2010,recorded charge-off within 36 months,raw,Retrospective conditional validation using realized macro paths.,2a72cd44b85d19e4d63228e159ed6ab3466c09314c8b2ac54b4a595f8579777e,With-Term sensitivity; reported-term timing unverified
3,0.0004869396941153,0.0007403776435074,4645,0.0005983409120087,0.0017222820236813,0.0007853917141174,0.0027425758746552,0,layer2_term,lightgbm_raw,calibration_2010,recorded charge-off within 36 months,raw,Retrospective conditional validation using realized macro paths.,2a72cd44b85d19e4d63228e159ed6ab3466c09314c8b2ac54b4a595f8579777e,With-Term sensitivity; reported-term timing unverified
4,0.0007403776435074,0.0011981715592584,3334,0.0009337564027608,0.0008998200359928,0.0,0.001810697889487,0,layer2_term,lightgbm_raw,calibration_2010,recorded charge-off within 36 months,raw,Retrospective conditional validation using realized macro paths.,2a72cd44b85d19e4d63228e159ed6ab3466c09314c8b2ac54b4a595f8579777e,With-Term sensitivity; reported-term timing unverified
5,0.0011981715592584,0.0028083562257406,4029,0.0018800009346353,0.0022338049143708,0.0008564412957722,0.0040639793737888,0,layer2_term,lightgbm_raw,calibration_2010,recorded charge-off within 36 months,raw,Retrospective conditional validation using realized macro paths.,2a72cd44b85d19e4d63228e159ed6ab3466c09314c8b2ac54b4a595f8579777e,With-Term sensitivity; reported-term timing unverified
6,0.0028083562257406,0.0074919513797416,4910,0.0047860114452414,0.0038696537678207,0.0021977842962616,0.0056772247066754,0,layer2_term,lightgbm_raw,calibration_2010,recorded charge-off within 36 months,raw,Retrospective conditional validation using realized macro paths.,2a72cd44b85d19e4d63228e159ed6ab3466c09314c8b2ac54b4a595f8579777e,With-Term sensitivity; reported-term timing unverified
7,0.0074919513797416,0.0171210906810042,3875,0.0115061905543722,0.0069677419354838,0.0037432539352685,0.0103477140902253,0,layer2_term,lightgbm_raw,calibration_2010,recorded charge-off within 36 months,raw,Retrospective conditional validation using realized macro paths.,2a72cd44b85d19e4d63228e159ed6ab3466c09314c8b2ac54b4a595f8579777e,With-Term sensitivity; reported-term timing unverified
8,0.0171210906810042,0.0446553750826818,3076,0.0274394674012807,0.0221066319895968,0.0169080124063479,0.0275657562952196,0,layer2_term,lightgbm_raw,calibration_2010,recorded charge-off within 36 months,raw,Retrospective conditional validation using realized macro paths.,2a72cd44b85d19e4d63228e159ed6ab3466c09314c8b2ac54b4a595f8579777e,With-Term sensitivity; reported-term timing unverified
9,0.0446553750826818,0.1716397886681866,2341,0.08819069719753,0.0623665100384451,0.0502097624607408,0.073813432199448,0,layer2_term,lightgbm_raw,calibration_2010,recorded charge-off within 36 months,raw,Retrospective conditional validation using realized macro paths.,2a72cd44b85d19e4d63228e159ed6ab3466c09314c8b2ac54b4a595f8579777e,With-Term sensitivity; reported-term timing unverified
10,0.1716397886681866,inf,1529,0.4626166437128008,0.4159581425768476,0.3652587179822696,0.4678764225996912,0,layer2_term,lightgbm_raw,calibration_2010,recorded charge-off within 36 months,raw,Retrospective conditional validation using realized macro paths.,2a72cd44b85d19e4d63228e159ed6ab3466c09314c8b2ac54b4a595f8579777e,With-Term sensitivity; reported-term timing unverified
1,-inf,0.0003013964631394,20771,0.0001624355878526,0.0,0.0,0.0,0,layer2_term,lightgbm_raw,post_amendment_validation_2013_2014,recorded charge-off within 36 months,raw,Retrospective conditional validation using realized macro paths.,2a72cd44b85d19e4d63228e159ed6ab3466c09314c8b2ac54b4a595f8579777e,With-Term sensitivity; reported-term timing unverified
2,0.0003013964631394,0.0004869396941153,13442,0.000387063193318,0.0001487873828299,0.0,0.000396058547689,0,layer2_term,lightgbm_raw,post_amendment_validation_2013_2014,recorded charge-off within 36 months,raw,Retrospective conditional validation using realized macro paths.,2a72cd44b85d19e4d63228e159ed6ab3466c09314c8b2ac54b4a595f8579777e,With-Term sensitivity; reported-term timing unverified
3,0.0004869396941153,0.0007403776435074,10191,0.0005969631062948,0.0,0.0,0.0,0,layer2_term,lightgbm_raw,post_amendment_validation_2013_2014,recorded charge-off within 36 months,raw,Retrospective conditional validation using realized macro paths.,2a72cd44b85d19e4d63228e159ed6ab3466c09314c8b2ac54b4a595f8579777e,With-Term sensitivity; reported-term timing unverified
4,0.0007403776435074,0.0011981715592584,8097,0.0009332490070209,0.0001235025318019,0.0,0.0004385616026379,0,layer2_term,lightgbm_raw,post_amendment_validation_2013_2014,recorded charge-off within 36 months,raw,Retrospective conditional validation using realized macro paths.,2a72cd44b85d19e4d63228e159ed6ab3466c09314c8b2ac54b4a595f8579777e,With-Term sensitivity; reported-term timing unverified
5,0.0011981715592584,0.0028083562257406,7270,0.0018271837467159,0.0004126547455295,0.0,0.0009410018535618,0,layer2_term,lightgbm_raw,post_amendment_validation_2013_2014,recorded charge-off within 36 months,raw,Retrospective conditional validation using realized macro paths.,2a72cd44b85d19e4d63228e159ed6ab3466c09314c8b2ac54b4a595f8579777e,With-Term sensitivity; reported-term timing unverified
6,0.0028083562257406,0.0074919513797416,8002,0.0048208070949956,0.0024993751562109,0.0014688109242362,0.0036419344133308,0,layer2_term,lightgbm_raw,post_amendment_validation_2013_2014,recorded charge-off within 36 months,raw,Retrospective conditional validation using realized macro paths.,2a72cd44b85d19e4d63228e159ed6ab3466c09314c8b2ac54b4a595f8579777e,With-Term sensitivity; reported-term timing unverified
7,0.0074919513797416,0.0171210906810042,7383,0.0115195915555495,0.0086685629148042,0.0064940672415653,0.0110941775077871,0,layer2_term,lightgbm_raw,post_amendment_validation_2013_2014,recorded charge-off within 36 months,raw,Retrospective conditional validation using realized macro paths.,2a72cd44b85d19e4d63228e159ed6ab3466c09314c8b2ac54b4a595f8579777e,With-Term sensitivity; reported-term timing unverified
8,0.0171210906810042,0.0446553750826818,6087,0.0275826797943971,0.0223426975521603,0.0185551952811756,0.0272538824259,0,layer2_term,lightgbm_raw,post_amendment_validation_2013_2014,recorded charge-off within 36 months,raw,Retrospective conditional validation using realized macro paths.,2a72cd44b85d19e4d63228e159ed6ab3466c09314c8b2ac54b4a595f8579777e,With-Term sensitivity; reported-term timing unverified
9,0.0446553750826818,0.1716397886681866,3996,0.0864650167138589,0.1106106106106106,0.089787062001251,0.131613683475351,0,layer2_term,lightgbm_raw,post_amendment_validation_2013_2014,recorded charge-off within 36 months,raw,Retrospective conditional validation using realized macro paths.,2a72cd44b85d19e4d63228e159ed6ab3466c09314c8b2ac54b4a595f8579777e,With-Term sensitivity; reported-term timing unverified
10,0.1716397886681866,inf,1917,0.3718941786864504,0.323943661971831,0.2568349289135876,0.3840100364497926,0,layer2_term,lightgbm_raw,post_amendment_validation_2013_2014,recorded charge-off within 36 months,raw,Retrospective conditional validation using realized macro paths.,2a72cd44b85d19e4d63228e159ed6ab3466c09314c8b2ac54b4a595f8579777e,With-Term sensitivity; reported-term timing unverified
1,-inf,0.0002186551845668,88871,0.0001355474048508,0.0,,,0,layer2_term,lightgbm_calibrated,training_1991_2009,recorded charge-off within 36 months,2010 sigmoid calibrated,Retrospective conditional validation using realized macro paths.,2a72cd44b85d19e4d63228e159ed6ab3466c09314c8b2ac54b4a595f8579777e,With-Term sensitivity; reported-term timing unverified
2,0.0002186551845668,0.0003545762428826,88870,0.0002851743726192,0.0,,,0,layer2_term,lightgbm_calibrated,training_1991_2009,recorded charge-off within 36 months,2010 sigmoid calibrated,Retrospective conditional validation using realized macro paths.,2a72cd44b85d19e4d63228e159ed6ab3466c09314c8b2ac54b4a595f8579777e,With-Term sensitivity; reported-term timing unverified
3,0.0003545762428826,0.0005408877846618,88870,0.0004409087235202,0.0,,,0,layer2_term,lightgbm_calibrated,training_1991_2009,recorded charge-off within 36 months,2010 sigmoid calibrated,Retrospective conditional validation using realized macro paths.,2a72cd44b85d19e4d63228e159ed6ab3466c09314c8b2ac54b4a595f8579777e,With-Term sensitivity; reported-term timing unverified
4,0.0005408877846618,0.0008786639834591,88870,0.0006888688371915,0.000101271520198,,,0,layer2_term,lightgbm_calibrated,training_1991_2009,recorded charge-off within 36 months,2010 sigmoid calibrated,Retrospective conditional validation using realized macro paths.,2a72cd44b85d19e4d63228e159ed6ab3466c09314c8b2ac54b4a595f8579777e,With-Term sensitivity; reported-term timing unverified
5,0.0008786639834591,0.0020737990983769,88870,0.0013092275164702,0.0005063576009902,,,0,layer2_term,lightgbm_calibrated,training_1991_2009,recorded charge-off within 36 months,2010 sigmoid calibrated,Retrospective conditional validation using realized macro paths.,2a72cd44b85d19e4d63228e159ed6ab3466c09314c8b2ac54b4a595f8579777e,With-Term sensitivity; reported-term timing unverified
6,0.0020737990983769,0.0055807724396446,88871,0.0036740374268389,0.0014402898583339,,,0,layer2_term,lightgbm_calibrated,training_1991_2009,recorded charge-off within 36 months,2010 sigmoid calibrated,Retrospective conditional validation using realized macro paths.,2a72cd44b85d19e4d63228e159ed6ab3466c09314c8b2ac54b4a595f8579777e,With-Term sensitivity; reported-term timing unverified
7,0.0055807724396446,0.0128660192512341,88870,0.0086766399634029,0.0038708225497918,,,0,layer2_term,lightgbm_calibrated,training_1991_2009,recorded charge-off within 36 months,2010 sigmoid calibrated,Retrospective conditional validation using realized macro paths.,2a72cd44b85d19e4d63228e159ed6ab3466c09314c8b2ac54b4a595f8579777e,With-Term sensitivity; reported-term timing unverified
8,0.0128660192512341,0.0340394645037022,88870,0.0214417199334106,0.0142680319567908,,,0,layer2_term,lightgbm_calibrated,training_1991_2009,recorded charge-off within 36 months,2010 sigmoid calibrated,Retrospective conditional validation using realized macro paths.,2a72cd44b85d19e4d63228e159ed6ab3466c09314c8b2ac54b4a595f8579777e,With-Term sensitivity; reported-term timing unverified
9,0.0340394645037022,0.1364390846651289,88870,0.0693990387621423,0.0744908293012265,,,0,layer2_term,lightgbm_calibrated,training_1991_2009,recorded charge-off within 36 months,2010 sigmoid calibrated,Retrospective conditional validation using realized macro paths.,2a72cd44b85d19e4d63228e159ed6ab3466c09314c8b2ac54b4a595f8579777e,With-Term sensitivity; reported-term timing unverified
10,0.1364390846651289,inf,88871,0.431266615014769,0.5251881941240675,,,0,layer2_term,lightgbm_calibrated,training_1991_2009,recorded charge-off within 36 months,2010 sigmoid calibrated,Retrospective conditional validation using realized macro paths.,2a72cd44b85d19e4d63228e159ed6ab3466c09314c8b2ac54b4a595f8579777e,With-Term sensitivity; reported-term timing unverified
1,-inf,0.0002186551845668,7664,0.0001233729350871,0.0,0.0,0.0,0,layer2_term,lightgbm_calibrated,calibration_2010,recorded charge-off within 36 months,2010 sigmoid calibrated,Retrospective conditional validation using realized macro paths.,2a72cd44b85d19e4d63228e159ed6ab3466c09314c8b2ac54b4a595f8579777e,With-Term sensitivity; reported-term timing unverified
2,0.0002186551845668,0.0003545762428826,5797,0.0002834264740079,0.0003450060376056,0.0,0.0008147173825541,0,layer2_term,lightgbm_calibrated,calibration_2010,recorded charge-off within 36 months,2010 sigmoid calibrated,Retrospective conditional validation using realized macro paths.,2a72cd44b85d19e4d63228e159ed6ab3466c09314c8b2ac54b4a595f8579777e,With-Term sensitivity; reported-term timing unverified
3,0.0003545762428826,0.0005408877846618,4645,0.0004364204455806,0.0017222820236813,0.0007853917141174,0.0027425758746552,0,layer2_term,lightgbm_calibrated,calibration_2010,recorded charge-off within 36 months,2010 sigmoid calibrated,Retrospective conditional validation using realized macro paths.,2a72cd44b85d19e4d63228e159ed6ab3466c09314c8b2ac54b4a595f8579777e,With-Term sensitivity; reported-term timing unverified
4,0.0005408877846618,0.0008786639834591,3334,0.0006834611045919,0.0008998200359928,0.0,0.001810697889487,0,layer2_term,lightgbm_calibrated,calibration_2010,recorded charge-off within 36 months,2010 sigmoid calibrated,Retrospective conditional validation using realized macro paths.,2a72cd44b85d19e4d63228e159ed6ab3466c09314c8b2ac54b4a595f8579777e,With-Term sensitivity; reported-term timing unverified
5,0.0008786639834591,0.0020737990983769,4029,0.0013840458440216,0.0022338049143708,0.0008564412957722,0.0040639793737888,0,layer2_term,lightgbm_calibrated,calibration_2010,recorded charge-off within 36 months,2010 sigmoid calibrated,Retrospective conditional validation using realized macro paths.,2a72cd44b85d19e4d63228e159ed6ab3466c09314c8b2ac54b4a595f8579777e,With-Term sensitivity; reported-term timing unverified
6,0.0020737990983769,0.0055807724396446,4910,0.0035518343003367,0.0038696537678207,0.0021977842962616,0.0056772247066754,0,layer2_term,lightgbm_calibrated,calibration_2010,recorded charge-off within 36 months,2010 sigmoid calibrated,Retrospective conditional validation using realized macro paths.,2a72cd44b85d19e4d63228e159ed6ab3466c09314c8b2ac54b4a595f8579777e,With-Term sensitivity; reported-term timing unverified
7,0.0055807724396446,0.0128660192512341,3875,0.0086113032224878,0.0069677419354838,0.0037432539352685,0.0103477140902253,0,layer2_term,lightgbm_calibrated,calibration_2010,recorded charge-off within 36 months,2010 sigmoid calibrated,Retrospective conditional validation using realized macro paths.,2a72cd44b85d19e4d63228e159ed6ab3466c09314c8b2ac54b4a595f8579777e,With-Term sensitivity; reported-term timing unverified
8,0.0128660192512341,0.0340394645037022,3076,0.0207658903279434,0.0221066319895968,0.0169080124063479,0.0275657562952196,0,layer2_term,lightgbm_calibrated,calibration_2010,recorded charge-off within 36 months,2010 sigmoid calibrated,Retrospective conditional validation using realized macro paths.,2a72cd44b85d19e4d63228e159ed6ab3466c09314c8b2ac54b4a595f8579777e,With-Term sensitivity; reported-term timing unverified
9,0.0340394645037022,0.1364390846651289,2341,0.0685878155412246,0.0623665100384451,0.0502097624607408,0.073813432199448,0,layer2_term,lightgbm_calibrated,calibration_2010,recorded charge-off within 36 months,2010 sigmoid calibrated,Retrospective conditional validation using realized macro paths.,2a72cd44b85d19e4d63228e159ed6ab3466c09314c8b2ac54b4a595f8579777e,With-Term sensitivity; reported-term timing unverified
10,0.1364390846651289,inf,1529,0.4122178130240763,0.4159581425768476,0.3652587179822696,0.4678764225996912,0,layer2_term,lightgbm_calibrated,calibration_2010,recorded charge-off within 36 months,2010 sigmoid calibrated,Retrospective conditional validation using realized macro paths.,2a72cd44b85d19e4d63228e159ed6ab3466c09314c8b2ac54b4a595f8579777e,With-Term sensitivity; reported-term timing unverified
1,-inf,0.0002186551845668,20771,0.0001174204854324,0.0,0.0,0.0,0,layer2_term,lightgbm_calibrated,post_amendment_validation_2013_2014,recorded charge-off within 36 months,2010 sigmoid calibrated,Retrospective conditional validation using realized macro paths.,2a72cd44b85d19e4d63228e159ed6ab3466c09314c8b2ac54b4a595f8579777e,With-Term sensitivity; reported-term timing unverified
2,0.0002186551845668,0.0003545762428826,13442,0.0002813681549182,0.0001487873828299,0.0,0.000396058547689,0,layer2_term,lightgbm_calibrated,post_amendment_validation_2013_2014,recorded charge-off within 36 months,2010 sigmoid calibrated,Retrospective conditional validation using realized macro paths.,2a72cd44b85d19e4d63228e159ed6ab3466c09314c8b2ac54b4a595f8579777e,With-Term sensitivity; reported-term timing unverified
3,0.0003545762428826,0.0005408877846618,10191,0.0004354075452214,0.0,0.0,0.0,0,layer2_term,lightgbm_calibrated,post_amendment_validation_2013_2014,recorded charge-off within 36 months,2010 sigmoid calibrated,Retrospective conditional validation using realized macro paths.,2a72cd44b85d19e4d63228e159ed6ab3466c09314c8b2ac54b4a595f8579777e,With-Term sensitivity; reported-term timing unverified
4,0.0005408877846618,0.0008786639834591,8097,0.0006830857892796,0.0001235025318019,0.0,0.0004385616026379,0,layer2_term,lightgbm_calibrated,post_amendment_validation_2013_2014,recorded charge-off within 36 months,2010 sigmoid calibrated,Retrospective conditional validation using realized macro paths.,2a72cd44b85d19e4d63228e159ed6ab3466c09314c8b2ac54b4a595f8579777e,With-Term sensitivity; reported-term timing unverified
5,0.0008786639834591,0.0020737990983769,7270,0.0013448669123555,0.0004126547455295,0.0,0.0009410018535618,0,layer2_term,lightgbm_calibrated,post_amendment_validation_2013_2014,recorded charge-off within 36 months,2010 sigmoid calibrated,Retrospective conditional validation using realized macro paths.,2a72cd44b85d19e4d63228e159ed6ab3466c09314c8b2ac54b4a595f8579777e,With-Term sensitivity; reported-term timing unverified
6,0.0020737990983769,0.0055807724396446,8002,0.0035778889204012,0.0024993751562109,0.0014688109242362,0.0036419344133308,0,layer2_term,lightgbm_calibrated,post_amendment_validation_2013_2014,recorded charge-off within 36 months,2010 sigmoid calibrated,Retrospective conditional validation using realized macro paths.,2a72cd44b85d19e4d63228e159ed6ab3466c09314c8b2ac54b4a595f8579777e,With-Term sensitivity; reported-term timing unverified
7,0.0055807724396446,0.0128660192512341,7383,0.0086213856960559,0.0086685629148042,0.0064940672415653,0.0110941775077871,0,layer2_term,lightgbm_calibrated,post_amendment_validation_2013_2014,recorded charge-off within 36 months,2010 sigmoid calibrated,Retrospective conditional validation using realized macro paths.,2a72cd44b85d19e4d63228e159ed6ab3466c09314c8b2ac54b4a595f8579777e,With-Term sensitivity; reported-term timing unverified
8,0.0128660192512341,0.0340394645037022,6087,0.0208761000568723,0.0223426975521603,0.0185551952811756,0.0272538824259,0,layer2_term,lightgbm_calibrated,post_amendment_validation_2013_2014,recorded charge-off within 36 months,2010 sigmoid calibrated,Retrospective conditional validation using realized macro paths.,2a72cd44b85d19e4d63228e159ed6ab3466c09314c8b2ac54b4a595f8579777e,With-Term sensitivity; reported-term timing unverified
9,0.0340394645037022,0.1364390846651289,3996,0.0672193980213129,0.1106106106106106,0.089787062001251,0.131613683475351,0,layer2_term,lightgbm_calibrated,post_amendment_validation_2013_2014,recorded charge-off within 36 months,2010 sigmoid calibrated,Retrospective conditional validation using realized macro paths.,2a72cd44b85d19e4d63228e159ed6ab3466c09314c8b2ac54b4a595f8579777e,With-Term sensitivity; reported-term timing unverified
10,0.1364390846651289,inf,1917,0.3198863481056599,0.323943661971831,0.2568349289135876,0.3840100364497926,0,layer2_term,lightgbm_calibrated,post_amendment_validation_2013_2014,recorded charge-off within 36 months,2010 sigmoid calibrated,Retrospective conditional validation using realized macro paths.,2a72cd44b85d19e4d63228e159ed6ab3466c09314c8b2ac54b4a595f8579777e,With-Term sensitivity; reported-term timing unverified
1,-inf,0.0139881793100855,88871,0.0104726503511823,0.0075277649626987,,,0,layer2_peak,firth_raw,training_1991_2009,recorded charge-off within 36 months,raw,Retrospective conditional validation using realized macro paths.,2a72cd44b85d19e4d63228e159ed6ab3466c09314c8b2ac54b4a595f8579777e,Term-free peak-unemployment sensitivity
2,0.0139881793100855,0.0194965741690955,88870,0.016753931574905,0.0138291887025993,,,0,layer2_peak,firth_raw,training_1991_2009,recorded charge-off within 36 months,raw,Retrospective conditional validation using realized macro paths.,2a72cd44b85d19e4d63228e159ed6ab3466c09314c8b2ac54b4a595f8579777e,Term-free peak-unemployment sensitivity
3,0.0194965741690955,0.025353002957074,88870,0.0223586801914713,0.0209069427253291,,,0,layer2_peak,firth_raw,training_1991_2009,recorded charge-off within 36 months,raw,Retrospective conditional validation using realized macro paths.,2a72cd44b85d19e4d63228e159ed6ab3466c09314c8b2ac54b4a595f8579777e,Term-free peak-unemployment sensitivity
4,0.025353002957074,0.0321538709034552,88870,0.028663876253866,0.0294700123776302,,,0,layer2_peak,firth_raw,training_1991_2009,recorded charge-off within 36 months,raw,Retrospective conditional validation using realized macro paths.,2a72cd44b85d19e4d63228e159ed6ab3466c09314c8b2ac54b4a595f8579777e,Term-free peak-unemployment sensitivity
5,0.0321538709034552,0.0403243367893036,88870,0.0361093865697229,0.0387869922358501,,,0,layer2_peak,firth_raw,training_1991_2009,recorded charge-off within 36 months,raw,Retrospective conditional validation using realized macro paths.,2a72cd44b85d19e4d63228e159ed6ab3466c09314c8b2ac54b4a595f8579777e,Term-free peak-unemployment sensitivity
6,0.0403243367893036,0.0508003710417253,88871,0.045309036483885,0.0471132315378469,,,0,layer2_peak,firth_raw,training_1991_2009,recorded charge-off within 36 months,raw,Retrospective conditional validation using realized macro paths.,2a72cd44b85d19e4d63228e159ed6ab3466c09314c8b2ac54b4a595f8579777e,Term-free peak-unemployment sensitivity
7,0.0508003710417253,0.0652212145043735,88870,0.0575896380977561,0.05724091369416,,,0,layer2_peak,firth_raw,training_1991_2009,recorded charge-off within 36 months,raw,Retrospective conditional validation using realized macro paths.,2a72cd44b85d19e4d63228e159ed6ab3466c09314c8b2ac54b4a595f8579777e,Term-free peak-unemployment sensitivity
8,0.0652212145043735,0.0881942446038481,88870,0.0755444924682008,0.0756498255879374,,,0,layer2_peak,firth_raw,training_1991_2009,recorded charge-off within 36 months,raw,Retrospective conditional validation using realized macro paths.,2a72cd44b85d19e4d63228e159ed6ab3466c09314c8b2ac54b4a595f8579777e,Term-free peak-unemployment sensitivity
9,0.0881942446038481,0.1376556159382533,88870,0.1092673471907699,0.1136378980533363,,,0,layer2_peak,firth_raw,training_1991_2009,recorded charge-off within 36 months,raw,Retrospective conditional validation using realized macro paths.,2a72cd44b85d19e4d63228e159ed6ab3466c09314c8b2ac54b4a595f8579777e,Term-free peak-unemployment sensitivity
10,0.1376556159382533,inf,88871,0.2182813493360615,0.2157059108145514,,,0,layer2_peak,firth_raw,training_1991_2009,recorded charge-off within 36 months,raw,Retrospective conditional validation using realized macro paths.,2a72cd44b85d19e4d63228e159ed6ab3466c09314c8b2ac54b4a595f8579777e,Term-free peak-unemployment sensitivity
1,-inf,0.0139881793100855,8796,0.0096365300644927,0.0043201455206912,0.0024664904597188,0.006369023843647,0,layer2_peak,firth_raw,calibration_2010,recorded charge-off within 36 months,raw,Retrospective conditional validation using realized macro paths.,2a72cd44b85d19e4d63228e159ed6ab3466c09314c8b2ac54b4a595f8579777e,Term-free peak-unemployment sensitivity
2,0.0139881793100855,0.0194965741690955,6072,0.0166737286335349,0.0064229249011857,0.0046623298588947,0.0085181429015491,0,layer2_peak,firth_raw,calibration_2010,recorded charge-off within 36 months,raw,Retrospective conditional validation using realized macro paths.,2a72cd44b85d19e4d63228e159ed6ab3466c09314c8b2ac54b4a595f8579777e,Term-free peak-unemployment sensitivity
3,0.0194965741690955,0.025353002957074,5276,0.0222555667677431,0.0119408642911296,0.0084465271820499,0.0147302564016076,0,layer2_peak,firth_raw,calibration_2010,recorded charge-off within 36 months,raw,Retrospective conditional validation using realized macro paths.,2a72cd44b85d19e4d63228e159ed6ab3466c09314c8b2ac54b4a595f8579777e,Term-free peak-unemployment sensitivity
4,0.025353002957074,0.0321538709034552,4430,0.028543729847062,0.0121896162528216,0.0083859575646149,0.0158141904408285,0,layer2_peak,firth_raw,calibration_2010,recorded charge-off within 36 months,raw,Retrospective conditional validation using realized macro paths.,2a72cd44b85d19e4d63228e159ed6ab3466c09314c8b2ac54b4a595f8579777e,Term-free peak-unemployment sensitivity
5,0.0321538709034552,0.0403243367893036,3968,0.0360848153414812,0.0199092741935483,0.0137667476175353,0.0254969864419856,0,layer2_peak,firth_raw,calibration_2010,recorded charge-off within 36 months,raw,Retrospective conditional validation using realized macro paths.,2a72cd44b85d19e4d63228e159ed6ab3466c09314c8b2ac54b4a595f8579777e,Term-free peak-unemployment sensitivity
6,0.0403243367893036,0.0508003710417253,3510,0.0452281131584958,0.0222222222222222,0.0161827164908979,0.0292976135391281,0,layer2_peak,firth_raw,calibration_2010,recorded charge-off within 36 months,raw,Retrospective conditional validation using realized macro paths.,2a72cd44b85d19e4d63228e159ed6ab3466c09314c8b2ac54b4a595f8579777e,Term-free peak-unemployment sensitivity
7,0.0508003710417253,0.0652212145043735,3190,0.0573897208767302,0.0322884012539185,0.0252909062738049,0.0395036312540498,0,layer2_peak,firth_raw,calibration_2010,recorded charge-off within 36 months,raw,Retrospective conditional validation using realized macro paths.,2a72cd44b85d19e4d63228e159ed6ab3466c09314c8b2ac54b4a595f8579777e,Term-free peak-unemployment sensitivity
8,0.0652212145043735,0.0881942446038481,2626,0.0750665823627301,0.0483625285605483,0.0374854483517073,0.0615644039468208,0,layer2_peak,firth_raw,calibration_2010,recorded charge-off within 36 months,raw,Retrospective conditional validation using realized macro paths.,2a72cd44b85d19e4d63228e159ed6ab3466c09314c8b2ac54b4a595f8579777e,Term-free peak-unemployment sensitivity
9,0.0881942446038481,0.1376556159382533,2277,0.1082970119929937,0.0948616600790513,0.0763444393784589,0.1138834769853154,0,layer2_peak,firth_raw,calibration_2010,recorded charge-off within 36 months,raw,Retrospective conditional validation using realized macro paths.,2a72cd44b85d19e4d63228e159ed6ab3466c09314c8b2ac54b4a595f8579777e,Term-free peak-unemployment sensitivity
10,0.1376556159382533,inf,1055,0.168132662352202,0.114691943127962,0.0931814346700611,0.1442910315584669,0,layer2_peak,firth_raw,calibration_2010,recorded charge-off within 36 months,raw,Retrospective conditional validation using realized macro paths.,2a72cd44b85d19e4d63228e159ed6ab3466c09314c8b2ac54b4a595f8579777e,Term-free peak-unemployment sensitivity
1,-inf,0.0139881793100855,22750,0.008982607554524,0.0051868131868131,0.0040529010560775,0.0066769942937454,0,layer2_peak,firth_raw,post_amendment_validation_2013_2014,recorded charge-off within 36 months,raw,Retrospective conditional validation using realized macro paths.,2a72cd44b85d19e4d63228e159ed6ab3466c09314c8b2ac54b4a595f8579777e,Term-free peak-unemployment sensitivity
2,0.0139881793100855,0.0194965741690955,12034,0.0166424286876941,0.0098055509390061,0.0080678300218087,0.0115631669965073,0,layer2_peak,firth_raw,post_amendment_validation_2013_2014,recorded charge-off within 36 months,raw,Retrospective conditional validation using realized macro paths.,2a72cd44b85d19e4d63228e159ed6ab3466c09314c8b2ac54b4a595f8579777e,Term-free peak-unemployment sensitivity
3,0.0194965741690955,0.025353002957074,10493,0.0223398749903625,0.0123892118555227,0.0100805833496421,0.0145908944082439,0,layer2_peak,firth_raw,post_amendment_validation_2013_2014,recorded charge-off within 36 months,raw,Retrospective conditional validation using realized macro paths.,2a72cd44b85d19e4d63228e159ed6ab3466c09314c8b2ac54b4a595f8579777e,Term-free peak-unemployment sensitivity
4,0.025353002957074,0.0321538709034552,10283,0.0286470132130308,0.0137119517650491,0.0113786516426364,0.0157570392566573,0,layer2_peak,firth_raw,post_amendment_validation_2013_2014,recorded charge-off within 36 months,raw,Retrospective conditional validation using realized macro paths.,2a72cd44b85d19e4d63228e159ed6ab3466c09314c8b2ac54b4a595f8579777e,Term-free peak-unemployment sensitivity
5,0.0321538709034552,0.0403243367893036,9804,0.0360543726628956,0.0203998368013055,0.0157262519017614,0.0244025005547247,0,layer2_peak,firth_raw,post_amendment_validation_2013_2014,recorded charge-off within 36 months,raw,Retrospective conditional validation using realized macro paths.,2a72cd44b85d19e4d63228e159ed6ab3466c09314c8b2ac54b4a595f8579777e,Term-free peak-unemployment sensitivity
6,0.0403243367893036,0.0508003710417253,9155,0.0451826214966333,0.0217367558711086,0.0162473761571548,0.0265019382839658,0,layer2_peak,firth_raw,post_amendment_validation_2013_2014,recorded charge-off within 36 months,raw,Retrospective conditional validation using realized macro paths.,2a72cd44b85d19e4d63228e159ed6ab3466c09314c8b2ac54b4a595f8579777e,Term-free peak-unemployment sensitivity
7,0.0508003710417253,0.0652212145043735,7128,0.0571438573237805,0.0266554433221099,0.0203902113445776,0.0321290576431241,0,layer2_peak,firth_raw,post_amendment_validation_2013_2014,recorded charge-off within 36 months,raw,Retrospective conditional validation using realized macro paths.,2a72cd44b85d19e4d63228e159ed6ab3466c09314c8b2ac54b4a595f8579777e,Term-free peak-unemployment sensitivity
8,0.0652212145043735,0.0881942446038481,4366,0.0740939524381887,0.0336692624828218,0.0280858642902357,0.0387146951552142,0,layer2_peak,firth_raw,post_amendment_validation_2013_2014,recorded charge-off within 36 months,raw,Retrospective conditional validation using realized macro paths.,2a72cd44b85d19e4d63228e159ed6ab3466c09314c8b2ac54b4a595f8579777e,Term-free peak-unemployment sensitivity
9,0.0881942446038481,0.1376556159382533,1115,0.1007231217037699,0.0403587443946188,0.0251106828441591,0.051537034574889,0,layer2_peak,firth_raw,post_amendment_validation_2013_2014,recorded charge-off within 36 months,raw,Retrospective conditional validation using realized macro paths.,2a72cd44b85d19e4d63228e159ed6ab3466c09314c8b2ac54b4a595f8579777e,Term-free peak-unemployment sensitivity
10,0.1376556159382533,inf,28,0.1543101521691858,0.0357142857142857,0.0,0.1111111111111111,0,layer2_peak,firth_raw,post_amendment_validation_2013_2014,recorded charge-off within 36 months,raw,Retrospective conditional validation using realized macro paths.,2a72cd44b85d19e4d63228e159ed6ab3466c09314c8b2ac54b4a595f8579777e,Term-free peak-unemployment sensitivity
