variant,coefficient,value,lower,upper,effective_interval_draws,attempted_draws,successful_model_draws,interval,units,outcome,layer_interpretation,specification_role
layer1,intercept,-3.314360942515723,-3.888124643871798,-2.6130757166207026,196,199,196,"95% percentile, positive state-weighted multiplier bootstrap; Firth re-estimated; fixed preprocessing/LGD/portfolio/scenarios",log odds; numeric coefficients on train-standardized feature scale; categorical versus stated training reference,recorded charge-off within 36 months,Approval-descriptor prediction,Term-free primary specification
layer1,log_approval,-0.4441787400115065,-0.5185592179130537,-0.3920696505761609,196,199,196,"95% percentile, positive state-weighted multiplier bootstrap; Firth re-estimated; fixed preprocessing/LGD/portfolio/scenarios",log odds; numeric coefficients on train-standardized feature scale; categorical versus stated training reference,recorded charge-off within 36 months,Approval-descriptor prediction,Term-free primary specification
layer1,guarantee_share,-0.1744378984383081,-0.235088455256766,-0.1274693530302698,196,199,196,"95% percentile, positive state-weighted multiplier bootstrap; Firth re-estimated; fixed preprocessing/LGD/portfolio/scenarios",log odds; numeric coefficients on train-standardized feature scale; categorical versus stated training reference,recorded charge-off within 36 months,Approval-descriptor prediction,Term-free primary specification
layer1,log_jobs,-0.0153835036408362,-0.0823779746474056,0.0465141118564304,196,199,196,"95% percentile, positive state-weighted multiplier bootstrap; Firth re-estimated; fixed preprocessing/LGD/portfolio/scenarios",log odds; numeric coefficients on train-standardized feature scale; categorical versus stated training reference,recorded charge-off within 36 months,Approval-descriptor prediction,Term-free primary specification
layer1,ProcessingMethod_7a with EWCP,-0.177296641327984,-0.5272622754813302,0.1137397503034327,196,199,196,"95% percentile, positive state-weighted multiplier bootstrap; Firth re-estimated; fixed preprocessing/LGD/portfolio/scenarios",log odds; numeric coefficients on train-standardized feature scale; categorical versus stated training reference,recorded charge-off within 36 months,Approval-descriptor prediction,Term-free primary specification
layer1,ProcessingMethod_Certified Lenders Program,-0.2261510936741174,-0.287057466853975,-0.1382113083795313,196,199,196,"95% percentile, positive state-weighted multiplier bootstrap; Firth re-estimated; fixed preprocessing/LGD/portfolio/scenarios",log odds; numeric coefficients on train-standardized feature scale; categorical versus stated training reference,recorded charge-off within 36 months,Approval-descriptor prediction,Term-free primary specification
layer1,ProcessingMethod_Community Express,0.6696094535781049,0.3950147817628675,0.8891719076340043,196,199,196,"95% percentile, positive state-weighted multiplier bootstrap; Firth re-estimated; fixed preprocessing/LGD/portfolio/scenarios",log odds; numeric coefficients on train-standardized feature scale; categorical versus stated training reference,recorded charge-off within 36 months,Approval-descriptor prediction,Term-free primary specification
layer1,ProcessingMethod_International Trade Loans,-0.3182586183102041,-0.843664457548503,0.0921130525252384,196,199,196,"95% percentile, positive state-weighted multiplier bootstrap; Firth re-estimated; fixed preprocessing/LGD/portfolio/scenarios",log odds; numeric coefficients on train-standardized feature scale; categorical versus stated training reference,recorded charge-off within 36 months,Approval-descriptor prediction,Term-free primary specification
layer1,ProcessingMethod_Low Documentation Program,0.3292709861359155,0.2538832117230218,0.4145609964207046,196,199,196,"95% percentile, positive state-weighted multiplier bootstrap; Firth re-estimated; fixed preprocessing/LGD/portfolio/scenarios",log odds; numeric coefficients on train-standardized feature scale; categorical versus stated training reference,recorded charge-off within 36 months,Approval-descriptor prediction,Term-free primary specification
layer1,ProcessingMethod_Other,1.5435247429332897,0.9777490817232992,1.9733165122023488,196,199,196,"95% percentile, positive state-weighted multiplier bootstrap; Firth re-estimated; fixed preprocessing/LGD/portfolio/scenarios",log odds; numeric coefficients on train-standardized feature scale; categorical versus stated training reference,recorded charge-off within 36 months,Approval-descriptor prediction,Term-free primary specification
layer1,ProcessingMethod_Preferred Lenders Program,-0.1915386926724088,-0.305265231773606,-0.0763585360911074,196,199,196,"95% percentile, positive state-weighted multiplier bootstrap; Firth re-estimated; fixed preprocessing/LGD/portfolio/scenarios",log odds; numeric coefficients on train-standardized feature scale; categorical versus stated training reference,recorded charge-off within 36 months,Approval-descriptor prediction,Term-free primary specification
layer1,ProcessingMethod_SBA Express Program,-1.1115214278993528,-1.2868296884988049,-0.9495703638499896,196,199,196,"95% percentile, positive state-weighted multiplier bootstrap; Firth re-estimated; fixed preprocessing/LGD/portfolio/scenarios",log odds; numeric coefficients on train-standardized feature scale; categorical versus stated training reference,recorded charge-off within 36 months,Approval-descriptor prediction,Term-free primary specification
layer1,ProcessingMethod_Small Asset Base Line of Credit (CAPLine),-2.540728627239051,-3.6863083045134273,-1.3146087063512024,196,199,196,"95% percentile, positive state-weighted multiplier bootstrap; Firth re-estimated; fixed preprocessing/LGD/portfolio/scenarios",log odds; numeric coefficients on train-standardized feature scale; categorical versus stated training reference,recorded charge-off within 36 months,Approval-descriptor prediction,Term-free primary specification
layer1,naics2_21,0.88210824356006,0.5052042969776194,1.2895846105916278,196,199,196,"95% percentile, positive state-weighted multiplier bootstrap; Firth re-estimated; fixed preprocessing/LGD/portfolio/scenarios",log odds; numeric coefficients on train-standardized feature scale; categorical versus stated training reference,recorded charge-off within 36 months,Approval-descriptor prediction,Term-free primary specification
layer1,naics2_23,0.8746783534330269,0.4372647121091089,1.254115815872276,196,199,196,"95% percentile, positive state-weighted multiplier bootstrap; Firth re-estimated; fixed preprocessing/LGD/portfolio/scenarios",log odds; numeric coefficients on train-standardized feature scale; categorical versus stated training reference,recorded charge-off within 36 months,Approval-descriptor prediction,Term-free primary specification
layer1,naics2_31,1.1211354843323729,0.7884649468650451,1.525038776983925,196,199,196,"95% percentile, positive state-weighted multiplier bootstrap; Firth re-estimated; fixed preprocessing/LGD/portfolio/scenarios",log odds; numeric coefficients on train-standardized feature scale; categorical versus stated training reference,recorded charge-off within 36 months,Approval-descriptor prediction,Term-free primary specification
layer1,naics2_32,0.9961710570757824,0.5360418747505278,1.46566960621439,196,199,196,"95% percentile, positive state-weighted multiplier bootstrap; Firth re-estimated; fixed preprocessing/LGD/portfolio/scenarios",log odds; numeric coefficients on train-standardized feature scale; categorical versus stated training reference,recorded charge-off within 36 months,Approval-descriptor prediction,Term-free primary specification
layer1,naics2_33,1.0201365214309994,0.6461895872673281,1.4177465056509564,196,199,196,"95% percentile, positive state-weighted multiplier bootstrap; Firth re-estimated; fixed preprocessing/LGD/portfolio/scenarios",log odds; numeric coefficients on train-standardized feature scale; categorical versus stated training reference,recorded charge-off within 36 months,Approval-descriptor prediction,Term-free primary specification
layer1,naics2_42,1.1140734897230813,0.6391715421643513,1.5092432854069575,196,199,196,"95% percentile, positive state-weighted multiplier bootstrap; Firth re-estimated; fixed preprocessing/LGD/portfolio/scenarios",log odds; numeric coefficients on train-standardized feature scale; categorical versus stated training reference,recorded charge-off within 36 months,Approval-descriptor prediction,Term-free primary specification
layer1,naics2_44,1.2015719689687585,0.767216422436098,1.58646871928218,196,199,196,"95% percentile, positive state-weighted multiplier bootstrap; Firth re-estimated; fixed preprocessing/LGD/portfolio/scenarios",log odds; numeric coefficients on train-standardized feature scale; categorical versus stated training reference,recorded charge-off within 36 months,Approval-descriptor prediction,Term-free primary specification
layer1,naics2_45,1.3196345953330717,0.9188527889534792,1.6973859735054395,196,199,196,"95% percentile, positive state-weighted multiplier bootstrap; Firth re-estimated; fixed preprocessing/LGD/portfolio/scenarios",log odds; numeric coefficients on train-standardized feature scale; categorical versus stated training reference,recorded charge-off within 36 months,Approval-descriptor prediction,Term-free primary specification
layer1,naics2_48,1.161641603032923,0.7412101088458624,1.5624639477307358,196,199,196,"95% percentile, positive state-weighted multiplier bootstrap; Firth re-estimated; fixed preprocessing/LGD/portfolio/scenarios",log odds; numeric coefficients on train-standardized feature scale; categorical versus stated training reference,recorded charge-off within 36 months,Approval-descriptor prediction,Term-free primary specification
layer1,naics2_49,0.7206637714840496,-0.0058539223845655,1.324873328010667,196,199,196,"95% percentile, positive state-weighted multiplier bootstrap; Firth re-estimated; fixed preprocessing/LGD/portfolio/scenarios",log odds; numeric coefficients on train-standardized feature scale; categorical versus stated training reference,recorded charge-off within 36 months,Approval-descriptor prediction,Term-free primary specification
layer1,naics2_51,1.0354767164652872,0.5549682759139409,1.4731979041000058,196,199,196,"95% percentile, positive state-weighted multiplier bootstrap; Firth re-estimated; fixed preprocessing/LGD/portfolio/scenarios",log odds; numeric coefficients on train-standardized feature scale; categorical versus stated training reference,recorded charge-off within 36 months,Approval-descriptor prediction,Term-free primary specification
layer1,naics2_52,0.3294709770505225,-0.2613648121124433,0.8731828269020592,196,199,196,"95% percentile, positive state-weighted multiplier bootstrap; Firth re-estimated; fixed preprocessing/LGD/portfolio/scenarios",log odds; numeric coefficients on train-standardized feature scale; categorical versus stated training reference,recorded charge-off within 36 months,Approval-descriptor prediction,Term-free primary specification
layer1,naics2_53,1.1639796386691754,0.6660990039694871,1.6296624852772164,196,199,196,"95% percentile, positive state-weighted multiplier bootstrap; Firth re-estimated; fixed preprocessing/LGD/portfolio/scenarios",log odds; numeric coefficients on train-standardized feature scale; categorical versus stated training reference,recorded charge-off within 36 months,Approval-descriptor prediction,Term-free primary specification
layer1,naics2_54,0.5876113340741113,0.1022630912946091,1.0292697590963145,196,199,196,"95% percentile, positive state-weighted multiplier bootstrap; Firth re-estimated; fixed preprocessing/LGD/portfolio/scenarios",log odds; numeric coefficients on train-standardized feature scale; categorical versus stated training reference,recorded charge-off within 36 months,Approval-descriptor prediction,Term-free primary specification
layer1,naics2_56,0.8747226464558945,0.510026293309992,1.2509186723801673,196,199,196,"95% percentile, positive state-weighted multiplier bootstrap; Firth re-estimated; fixed preprocessing/LGD/portfolio/scenarios",log odds; numeric coefficients on train-standardized feature scale; categorical versus stated training reference,recorded charge-off within 36 months,Approval-descriptor prediction,Term-free primary specification
layer1,naics2_61,0.7675573344715256,0.3738024858096633,1.1354191327083971,196,199,196,"95% percentile, positive state-weighted multiplier bootstrap; Firth re-estimated; fixed preprocessing/LGD/portfolio/scenarios",log odds; numeric coefficients on train-standardized feature scale; categorical versus stated training reference,recorded charge-off within 36 months,Approval-descriptor prediction,Term-free primary specification
layer1,naics2_62,0.3492965036055324,-0.0495667620748971,0.7544822581721856,196,199,196,"95% percentile, positive state-weighted multiplier bootstrap; Firth re-estimated; fixed preprocessing/LGD/portfolio/scenarios",log odds; numeric coefficients on train-standardized feature scale; categorical versus stated training reference,recorded charge-off within 36 months,Approval-descriptor prediction,Term-free primary specification
layer1,naics2_71,1.061181474945112,0.6927819896027736,1.4502663125589343,196,199,196,"95% percentile, positive state-weighted multiplier bootstrap; Firth re-estimated; fixed preprocessing/LGD/portfolio/scenarios",log odds; numeric coefficients on train-standardized feature scale; categorical versus stated training reference,recorded charge-off within 36 months,Approval-descriptor prediction,Term-free primary specification
layer1,naics2_72,1.0966518701208126,0.6935720763597508,1.5143388420419217,196,199,196,"95% percentile, positive state-weighted multiplier bootstrap; Firth re-estimated; fixed preprocessing/LGD/portfolio/scenarios",log odds; numeric coefficients on train-standardized feature scale; categorical versus stated training reference,recorded charge-off within 36 months,Approval-descriptor prediction,Term-free primary specification
layer1,naics2_81,0.8671339180598335,0.4671245595353884,1.2593479295086722,196,199,196,"95% percentile, positive state-weighted multiplier bootstrap; Firth re-estimated; fixed preprocessing/LGD/portfolio/scenarios",log odds; numeric coefficients on train-standardized feature scale; categorical versus stated training reference,recorded charge-off within 36 months,Approval-descriptor prediction,Term-free primary specification
layer1,naics2_Other,0.8470522883293464,0.2407511174452118,1.424837019534059,196,199,196,"95% percentile, positive state-weighted multiplier bootstrap; Firth re-estimated; fixed preprocessing/LGD/portfolio/scenarios",log odds; numeric coefficients on train-standardized feature scale; categorical versus stated training reference,recorded charge-off within 36 months,Approval-descriptor prediction,Term-free primary specification
layer1,naics2___missing__,1.2313426126562452,0.8136638850125789,1.6358162174735156,196,199,196,"95% percentile, positive state-weighted multiplier bootstrap; Firth re-estimated; fixed preprocessing/LGD/portfolio/scenarios",log odds; numeric coefficients on train-standardized feature scale; categorical versus stated training reference,recorded charge-off within 36 months,Approval-descriptor prediction,Term-free primary specification
layer1,BusinessType_INDIVIDUAL,-0.0418372057990904,-0.088336847971998,0.0125768786141981,196,199,196,"95% percentile, positive state-weighted multiplier bootstrap; Firth re-estimated; fixed preprocessing/LGD/portfolio/scenarios",log odds; numeric coefficients on train-standardized feature scale; categorical versus stated training reference,recorded charge-off within 36 months,Approval-descriptor prediction,Term-free primary specification
layer1,BusinessType_PARTNERSHIP,-0.3820147124075961,-0.4651795367481995,-0.2797873037433863,196,199,196,"95% percentile, positive state-weighted multiplier bootstrap; Firth re-estimated; fixed preprocessing/LGD/portfolio/scenarios",log odds; numeric coefficients on train-standardized feature scale; categorical versus stated training reference,recorded charge-off within 36 months,Approval-descriptor prediction,Term-free primary specification
layer1,BusinessType___missing__,1.2952378010685437,0.9109943499543444,1.7048006933976725,196,199,196,"95% percentile, positive state-weighted multiplier bootstrap; Firth re-estimated; fixed preprocessing/LGD/portfolio/scenarios",log odds; numeric coefficients on train-standardized feature scale; categorical versus stated training reference,recorded charge-off within 36 months,Approval-descriptor prediction,Term-free primary specification
layer1,BusinessAge_Less than 4 years old but at least 3,-0.1221815105288974,-0.648824197764519,0.4039033109303349,196,199,196,"95% percentile, positive state-weighted multiplier bootstrap; Firth re-estimated; fixed preprocessing/LGD/portfolio/scenarios",log odds; numeric coefficients on train-standardized feature scale; categorical versus stated training reference,recorded charge-off within 36 months,Approval-descriptor prediction,Term-free primary specification
layer1,"BusinessAge_New, Less than 1 Year old",0.2705209528415807,-0.2792951030440758,0.8299174794248351,196,199,196,"95% percentile, positive state-weighted multiplier bootstrap; Firth re-estimated; fixed preprocessing/LGD/portfolio/scenarios",log odds; numeric coefficients on train-standardized feature scale; categorical versus stated training reference,recorded charge-off within 36 months,Approval-descriptor prediction,Term-free primary specification
layer1,BusinessAge_Other,-0.6228558598365235,-1.2727169331842918,0.1039013485084653,196,199,196,"95% percentile, positive state-weighted multiplier bootstrap; Firth re-estimated; fixed preprocessing/LGD/portfolio/scenarios",log odds; numeric coefficients on train-standardized feature scale; categorical versus stated training reference,recorded charge-off within 36 months,Approval-descriptor prediction,Term-free primary specification
layer1,franchise_present,0.1188451179092899,0.0294169924177687,0.2001931470439483,196,199,196,"95% percentile, positive state-weighted multiplier bootstrap; Firth re-estimated; fixed preprocessing/LGD/portfolio/scenarios",log odds; numeric coefficients on train-standardized feature scale; categorical versus stated training reference,recorded charge-off within 36 months,Approval-descriptor prediction,Term-free primary specification
layer1,loan_type_term,-1.666419634532847,-1.9540217891880285,-1.3723740438212844,196,199,196,"95% percentile, positive state-weighted multiplier bootstrap; Firth re-estimated; fixed preprocessing/LGD/portfolio/scenarios",log odds; numeric coefficients on train-standardized feature scale; categorical versus stated training reference,recorded charge-off within 36 months,Approval-descriptor prediction,Term-free primary specification
layer1,ProjectState_AL,0.982776087115366,0.5527285474127029,1.0148864044643606,196,199,196,"95% percentile, positive state-weighted multiplier bootstrap; Firth re-estimated; fixed preprocessing/LGD/portfolio/scenarios",log odds; numeric coefficients on train-standardized feature scale; categorical versus stated training reference,recorded charge-off within 36 months,Approval-descriptor prediction,Term-free primary specification
layer1,ProjectState_AR,0.7513644286180903,0.301017026336221,0.7997598934430887,196,199,196,"95% percentile, positive state-weighted multiplier bootstrap; Firth re-estimated; fixed preprocessing/LGD/portfolio/scenarios",log odds; numeric coefficients on train-standardized feature scale; categorical versus stated training reference,recorded charge-off within 36 months,Approval-descriptor prediction,Term-free primary specification
layer1,ProjectState_AZ,0.306502586133888,-0.09326065513834,0.4218565627162388,196,199,196,"95% percentile, positive state-weighted multiplier bootstrap; Firth re-estimated; fixed preprocessing/LGD/portfolio/scenarios",log odds; numeric coefficients on train-standardized feature scale; categorical versus stated training reference,recorded charge-off within 36 months,Approval-descriptor prediction,Term-free primary specification
layer1,ProjectState_CA,0.4542601106243383,0.0429772129656541,0.5399534467874133,196,199,196,"95% percentile, positive state-weighted multiplier bootstrap; Firth re-estimated; fixed preprocessing/LGD/portfolio/scenarios",log odds; numeric coefficients on train-standardized feature scale; categorical versus stated training reference,recorded charge-off within 36 months,Approval-descriptor prediction,Term-free primary specification
layer1,ProjectState_CO,0.5971376680599363,0.2049911151083626,0.6680270591441683,196,199,196,"95% percentile, positive state-weighted multiplier bootstrap; Firth re-estimated; fixed preprocessing/LGD/portfolio/scenarios",log odds; numeric coefficients on train-standardized feature scale; categorical versus stated training reference,recorded charge-off within 36 months,Approval-descriptor prediction,Term-free primary specification
layer1,ProjectState_CT,0.5093594084748275,0.1126140448527605,0.5865855904627637,196,199,196,"95% percentile, positive state-weighted multiplier bootstrap; Firth re-estimated; fixed preprocessing/LGD/portfolio/scenarios",log odds; numeric coefficients on train-standardized feature scale; categorical versus stated training reference,recorded charge-off within 36 months,Approval-descriptor prediction,Term-free primary specification
layer1,ProjectState_DC,0.7703422232932988,0.459183963259978,1.1938375821796885,196,199,196,"95% percentile, positive state-weighted multiplier bootstrap; Firth re-estimated; fixed preprocessing/LGD/portfolio/scenarios",log odds; numeric coefficients on train-standardized feature scale; categorical versus stated training reference,recorded charge-off within 36 months,Approval-descriptor prediction,Term-free primary specification
layer1,ProjectState_DE,0.078152198353037,-0.2731303268665524,0.4547066044170007,196,199,196,"95% percentile, positive state-weighted multiplier bootstrap; Firth re-estimated; fixed preprocessing/LGD/portfolio/scenarios",log odds; numeric coefficients on train-standardized feature scale; categorical versus stated training reference,recorded charge-off within 36 months,Approval-descriptor prediction,Term-free primary specification
layer1,ProjectState_FL,0.4639836898674146,0.0641987978107363,0.5268693634018009,196,199,196,"95% percentile, positive state-weighted multiplier bootstrap; Firth re-estimated; fixed preprocessing/LGD/portfolio/scenarios",log odds; numeric coefficients on train-standardized feature scale; categorical versus stated training reference,recorded charge-off within 36 months,Approval-descriptor prediction,Term-free primary specification
layer1,ProjectState_GA,0.8273664811143472,0.420120062042382,0.9068002680010908,196,199,196,"95% percentile, positive state-weighted multiplier bootstrap; Firth re-estimated; fixed preprocessing/LGD/portfolio/scenarios",log odds; numeric coefficients on train-standardized feature scale; categorical versus stated training reference,recorded charge-off within 36 months,Approval-descriptor prediction,Term-free primary specification
layer1,ProjectState_HI,-0.0385753981057809,-0.4733588906194772,0.4549719420647366,196,199,196,"95% percentile, positive state-weighted multiplier bootstrap; Firth re-estimated; fixed preprocessing/LGD/portfolio/scenarios",log odds; numeric coefficients on train-standardized feature scale; categorical versus stated training reference,recorded charge-off within 36 months,Approval-descriptor prediction,Term-free primary specification
layer1,ProjectState_IA,0.3872977626577579,-0.0323140594432448,0.4415235102767475,196,199,196,"95% percentile, positive state-weighted multiplier bootstrap; Firth re-estimated; fixed preprocessing/LGD/portfolio/scenarios",log odds; numeric coefficients on train-standardized feature scale; categorical versus stated training reference,recorded charge-off within 36 months,Approval-descriptor prediction,Term-free primary specification
layer1,ProjectState_ID,0.4705533366122092,0.0360153676505508,0.5255549768046113,196,199,196,"95% percentile, positive state-weighted multiplier bootstrap; Firth re-estimated; fixed preprocessing/LGD/portfolio/scenarios",log odds; numeric coefficients on train-standardized feature scale; categorical versus stated training reference,recorded charge-off within 36 months,Approval-descriptor prediction,Term-free primary specification
layer1,ProjectState_IL,0.4947535638458836,0.1018427459885912,0.5440685354016757,196,199,196,"95% percentile, positive state-weighted multiplier bootstrap; Firth re-estimated; fixed preprocessing/LGD/portfolio/scenarios",log odds; numeric coefficients on train-standardized feature scale; categorical versus stated training reference,recorded charge-off within 36 months,Approval-descriptor prediction,Term-free primary specification
layer1,ProjectState_IN,0.0788890411824902,-0.3705306749998056,0.2026462557992269,196,199,196,"95% percentile, positive state-weighted multiplier bootstrap; Firth re-estimated; fixed preprocessing/LGD/portfolio/scenarios",log odds; numeric coefficients on train-standardized feature scale; categorical versus stated training reference,recorded charge-off within 36 months,Approval-descriptor prediction,Term-free primary specification
layer1,ProjectState_KS,0.6675300253953871,0.2219849893006752,0.7161106772948843,196,199,196,"95% percentile, positive state-weighted multiplier bootstrap; Firth re-estimated; fixed preprocessing/LGD/portfolio/scenarios",log odds; numeric coefficients on train-standardized feature scale; categorical versus stated training reference,recorded charge-off within 36 months,Approval-descriptor prediction,Term-free primary specification
layer1,ProjectState_KY,0.5640467079407878,0.135965758660698,0.6363764168429509,196,199,196,"95% percentile, positive state-weighted multiplier bootstrap; Firth re-estimated; fixed preprocessing/LGD/portfolio/scenarios",log odds; numeric coefficients on train-standardized feature scale; categorical versus stated training reference,recorded charge-off within 36 months,Approval-descriptor prediction,Term-free primary specification
layer1,ProjectState_LA,0.5819324119228649,0.1300801874261365,0.6277467852515035,196,199,196,"95% percentile, positive state-weighted multiplier bootstrap; Firth re-estimated; fixed preprocessing/LGD/portfolio/scenarios",log odds; numeric coefficients on train-standardized feature scale; categorical versus stated training reference,recorded charge-off within 36 months,Approval-descriptor prediction,Term-free primary specification
layer1,ProjectState_MA,0.0062285938610086,-0.4144568132708591,0.1033190422440883,196,199,196,"95% percentile, positive state-weighted multiplier bootstrap; Firth re-estimated; fixed preprocessing/LGD/portfolio/scenarios",log odds; numeric coefficients on train-standardized feature scale; categorical versus stated training reference,recorded charge-off within 36 months,Approval-descriptor prediction,Term-free primary specification
layer1,ProjectState_MD,0.2401708504499376,-0.1624313963446316,0.2981056291721001,196,199,196,"95% percentile, positive state-weighted multiplier bootstrap; Firth re-estimated; fixed preprocessing/LGD/portfolio/scenarios",log odds; numeric coefficients on train-standardized feature scale; categorical versus stated training reference,recorded charge-off within 36 months,Approval-descriptor prediction,Term-free primary specification
layer1,ProjectState_ME,0.3262365570983491,-0.0908833204013512,0.4219774530368363,196,199,196,"95% percentile, positive state-weighted multiplier bootstrap; Firth re-estimated; fixed preprocessing/LGD/portfolio/scenarios",log odds; numeric coefficients on train-standardized feature scale; categorical versus stated training reference,recorded charge-off within 36 months,Approval-descriptor prediction,Term-free primary specification
layer1,ProjectState_MI,-0.410133979935207,-0.7653355808081322,-0.3005696766058294,196,199,196,"95% percentile, positive state-weighted multiplier bootstrap; Firth re-estimated; fixed preprocessing/LGD/portfolio/scenarios",log odds; numeric coefficients on train-standardized feature scale; categorical versus stated training reference,recorded charge-off within 36 months,Approval-descriptor prediction,Term-free primary specification
layer1,ProjectState_MN,0.4422610152369432,0.0270663873807217,0.4989317069236312,196,199,196,"95% percentile, positive state-weighted multiplier bootstrap; Firth re-estimated; fixed preprocessing/LGD/portfolio/scenarios",log odds; numeric coefficients on train-standardized feature scale; categorical versus stated training reference,recorded charge-off within 36 months,Approval-descriptor prediction,Term-free primary specification
layer1,ProjectState_MO,0.5656609804568399,0.1186839648335805,0.6061541368078471,196,199,196,"95% percentile, positive state-weighted multiplier bootstrap; Firth re-estimated; fixed preprocessing/LGD/portfolio/scenarios",log odds; numeric coefficients on train-standardized feature scale; categorical versus stated training reference,recorded charge-off within 36 months,Approval-descriptor prediction,Term-free primary specification
layer1,ProjectState_MS,0.6022257407544248,0.1709225270090174,0.7554351743147159,196,199,196,"95% percentile, positive state-weighted multiplier bootstrap; Firth re-estimated; fixed preprocessing/LGD/portfolio/scenarios",log odds; numeric coefficients on train-standardized feature scale; categorical versus stated training reference,recorded charge-off within 36 months,Approval-descriptor prediction,Term-free primary specification
layer1,ProjectState_MT,0.0770201960048963,-0.3482242272812486,0.1659731936341694,196,199,196,"95% percentile, positive state-weighted multiplier bootstrap; Firth re-estimated; fixed preprocessing/LGD/portfolio/scenarios",log odds; numeric coefficients on train-standardized feature scale; categorical versus stated training reference,recorded charge-off within 36 months,Approval-descriptor prediction,Term-free primary specification
layer1,ProjectState_NC,0.3828343957948201,-0.0356289608190368,0.4937362223201064,196,199,196,"95% percentile, positive state-weighted multiplier bootstrap; Firth re-estimated; fixed preprocessing/LGD/portfolio/scenarios",log odds; numeric coefficients on train-standardized feature scale; categorical versus stated training reference,recorded charge-off within 36 months,Approval-descriptor prediction,Term-free primary specification
layer1,ProjectState_ND,0.2542595302234313,-0.1005445786967979,0.4254402871724193,196,199,196,"95% percentile, positive state-weighted multiplier bootstrap; Firth re-estimated; fixed preprocessing/LGD/portfolio/scenarios",log odds; numeric coefficients on train-standardized feature scale; categorical versus stated training reference,recorded charge-off within 36 months,Approval-descriptor prediction,Term-free primary specification
layer1,ProjectState_NE,0.0574918566328603,-0.3328398928282132,0.2461247463744993,196,199,196,"95% percentile, positive state-weighted multiplier bootstrap; Firth re-estimated; fixed preprocessing/LGD/portfolio/scenarios",log odds; numeric coefficients on train-standardized feature scale; categorical versus stated training reference,recorded charge-off within 36 months,Approval-descriptor prediction,Term-free primary specification
layer1,ProjectState_NH,-0.0870068010507678,-0.4964955666666814,0.0749373763918125,196,199,196,"95% percentile, positive state-weighted multiplier bootstrap; Firth re-estimated; fixed preprocessing/LGD/portfolio/scenarios",log odds; numeric coefficients on train-standardized feature scale; categorical versus stated training reference,recorded charge-off within 36 months,Approval-descriptor prediction,Term-free primary specification
layer1,ProjectState_NJ,0.2843259871757046,-0.0877118915456462,0.4092897929097664,196,199,196,"95% percentile, positive state-weighted multiplier bootstrap; Firth re-estimated; fixed preprocessing/LGD/portfolio/scenarios",log odds; numeric coefficients on train-standardized feature scale; categorical versus stated training reference,recorded charge-off within 36 months,Approval-descriptor prediction,Term-free primary specification
layer1,ProjectState_NM,0.6201839409770464,0.1767899123523724,0.7101826465308072,196,199,196,"95% percentile, positive state-weighted multiplier bootstrap; Firth re-estimated; fixed preprocessing/LGD/portfolio/scenarios",log odds; numeric coefficients on train-standardized feature scale; categorical versus stated training reference,recorded charge-off within 36 months,Approval-descriptor prediction,Term-free primary specification
layer1,ProjectState_NV,0.9267136479291754,0.5373672143031577,1.0136813786264671,196,199,196,"95% percentile, positive state-weighted multiplier bootstrap; Firth re-estimated; fixed preprocessing/LGD/portfolio/scenarios",log odds; numeric coefficients on train-standardized feature scale; categorical versus stated training reference,recorded charge-off within 36 months,Approval-descriptor prediction,Term-free primary specification
layer1,ProjectState_NY,0.4402194901333633,0.004306437733643,0.4856501012742721,196,199,196,"95% percentile, positive state-weighted multiplier bootstrap; Firth re-estimated; fixed preprocessing/LGD/portfolio/scenarios",log odds; numeric coefficients on train-standardized feature scale; categorical versus stated training reference,recorded charge-off within 36 months,Approval-descriptor prediction,Term-free primary specification
layer1,ProjectState_OH,-0.0795834942889849,-0.5028003592929446,-0.013129636010926,196,199,196,"95% percentile, positive state-weighted multiplier bootstrap; Firth re-estimated; fixed preprocessing/LGD/portfolio/scenarios",log odds; numeric coefficients on train-standardized feature scale; categorical versus stated training reference,recorded charge-off within 36 months,Approval-descriptor prediction,Term-free primary specification
layer1,ProjectState_OK,0.9589502599594962,0.5248950188215245,0.9903239402550746,196,199,196,"95% percentile, positive state-weighted multiplier bootstrap; Firth re-estimated; fixed preprocessing/LGD/portfolio/scenarios",log odds; numeric coefficients on train-standardized feature scale; categorical versus stated training reference,recorded charge-off within 36 months,Approval-descriptor prediction,Term-free primary specification
layer1,ProjectState_OR,0.250141199433333,-0.1263948689296406,0.4236193620771212,196,199,196,"95% percentile, positive state-weighted multiplier bootstrap; Firth re-estimated; fixed preprocessing/LGD/portfolio/scenarios",log odds; numeric coefficients on train-standardized feature scale; categorical versus stated training reference,recorded charge-off within 36 months,Approval-descriptor prediction,Term-free primary specification
layer1,ProjectState_PA,-0.1518041214004616,-0.5639240097456893,-0.0859583788850288,196,199,196,"95% percentile, positive state-weighted multiplier bootstrap; Firth re-estimated; fixed preprocessing/LGD/portfolio/scenarios",log odds; numeric coefficients on train-standardized feature scale; categorical versus stated training reference,recorded charge-off within 36 months,Approval-descriptor prediction,Term-free primary specification
layer1,ProjectState_RI,-0.0713809624081153,-0.4712550824121883,0.0440449861714136,196,199,196,"95% percentile, positive state-weighted multiplier bootstrap; Firth re-estimated; fixed preprocessing/LGD/portfolio/scenarios",log odds; numeric coefficients on train-standardized feature scale; categorical versus stated training reference,recorded charge-off within 36 months,Approval-descriptor prediction,Term-free primary specification
layer1,ProjectState_SC,0.1172693474179378,-0.2934794304624529,0.327834288049369,196,199,196,"95% percentile, positive state-weighted multiplier bootstrap; Firth re-estimated; fixed preprocessing/LGD/portfolio/scenarios",log odds; numeric coefficients on train-standardized feature scale; categorical versus stated training reference,recorded charge-off within 36 months,Approval-descriptor prediction,Term-free primary specification
layer1,ProjectState_SD,0.5906883347464774,0.1797713475392192,0.6578160555410604,196,199,196,"95% percentile, positive state-weighted multiplier bootstrap; Firth re-estimated; fixed preprocessing/LGD/portfolio/scenarios",log odds; numeric coefficients on train-standardized feature scale; categorical versus stated training reference,recorded charge-off within 36 months,Approval-descriptor prediction,Term-free primary specification
layer1,ProjectState_TN,0.8366105447843237,0.4053961654582577,0.9225681325192072,196,199,196,"95% percentile, positive state-weighted multiplier bootstrap; Firth re-estimated; fixed preprocessing/LGD/portfolio/scenarios",log odds; numeric coefficients on train-standardized feature scale; categorical versus stated training reference,recorded charge-off within 36 months,Approval-descriptor prediction,Term-free primary specification
layer1,ProjectState_TX,0.9127141486515667,0.5044682826793927,0.9598976577864634,196,199,196,"95% percentile, positive state-weighted multiplier bootstrap; Firth re-estimated; fixed preprocessing/LGD/portfolio/scenarios",log odds; numeric coefficients on train-standardized feature scale; categorical versus stated training reference,recorded charge-off within 36 months,Approval-descriptor prediction,Term-free primary specification
layer1,ProjectState_UT,0.3783526814217066,-0.0145271856253407,0.4676548526731071,196,199,196,"95% percentile, positive state-weighted multiplier bootstrap; Firth re-estimated; fixed preprocessing/LGD/portfolio/scenarios",log odds; numeric coefficients on train-standardized feature scale; categorical versus stated training reference,recorded charge-off within 36 months,Approval-descriptor prediction,Term-free primary specification
layer1,ProjectState_VA,0.4619375900714408,0.0237758086288251,0.5196331196422728,196,199,196,"95% percentile, positive state-weighted multiplier bootstrap; Firth re-estimated; fixed preprocessing/LGD/portfolio/scenarios",log odds; numeric coefficients on train-standardized feature scale; categorical versus stated training reference,recorded charge-off within 36 months,Approval-descriptor prediction,Term-free primary specification
layer1,ProjectState_VT,0.2277997483371509,-0.1951528425722263,0.4274054368025892,196,199,196,"95% percentile, positive state-weighted multiplier bootstrap; Firth re-estimated; fixed preprocessing/LGD/portfolio/scenarios",log odds; numeric coefficients on train-standardized feature scale; categorical versus stated training reference,recorded charge-off within 36 months,Approval-descriptor prediction,Term-free primary specification
layer1,ProjectState_WA,-0.0242986204528797,-0.4446799253225955,0.0327683462366331,196,199,196,"95% percentile, positive state-weighted multiplier bootstrap; Firth re-estimated; fixed preprocessing/LGD/portfolio/scenarios",log odds; numeric coefficients on train-standardized feature scale; categorical versus stated training reference,recorded charge-off within 36 months,Approval-descriptor prediction,Term-free primary specification
layer1,ProjectState_WI,0.0434155933732739,-0.3866056557393243,0.1187781768226144,196,199,196,"95% percentile, positive state-weighted multiplier bootstrap; Firth re-estimated; fixed preprocessing/LGD/portfolio/scenarios",log odds; numeric coefficients on train-standardized feature scale; categorical versus stated training reference,recorded charge-off within 36 months,Approval-descriptor prediction,Term-free primary specification
layer1,ProjectState_WV,1.339312899812013,0.9024115501664816,1.4171642205145196,196,199,196,"95% percentile, positive state-weighted multiplier bootstrap; Firth re-estimated; fixed preprocessing/LGD/portfolio/scenarios",log odds; numeric coefficients on train-standardized feature scale; categorical versus stated training reference,recorded charge-off within 36 months,Approval-descriptor prediction,Term-free primary specification
layer1,ProjectState_WY,0.4882784156794152,0.0479986083778397,0.6243219099763861,196,199,196,"95% percentile, positive state-weighted multiplier bootstrap; Firth re-estimated; fixed preprocessing/LGD/portfolio/scenarios",log odds; numeric coefficients on train-standardized feature scale; categorical versus stated training reference,recorded charge-off within 36 months,Approval-descriptor prediction,Term-free primary specification
layer1_term,intercept,-4.130365317538705,-4.790634228194669,-3.2962697675553283,196,199,196,"95% percentile, positive state-weighted multiplier bootstrap; Firth re-estimated; fixed preprocessing/LGD/portfolio/scenarios",log odds; numeric coefficients on train-standardized feature scale; categorical versus stated training reference,recorded charge-off within 36 months,Approval-descriptor prediction,With-Term sensitivity; reported-term timing unverified
layer1_term,log_approval,-0.1490730105217453,-0.2076591240068128,-0.1052843734867914,196,199,196,"95% percentile, positive state-weighted multiplier bootstrap; Firth re-estimated; fixed preprocessing/LGD/portfolio/scenarios",log odds; numeric coefficients on train-standardized feature scale; categorical versus stated training reference,recorded charge-off within 36 months,Approval-descriptor prediction,With-Term sensitivity; reported-term timing unverified
layer1_term,guarantee_share,-0.2067736547747467,-0.2522192141977042,-0.1627880586377266,196,199,196,"95% percentile, positive state-weighted multiplier bootstrap; Firth re-estimated; fixed preprocessing/LGD/portfolio/scenarios",log odds; numeric coefficients on train-standardized feature scale; categorical versus stated training reference,recorded charge-off within 36 months,Approval-descriptor prediction,With-Term sensitivity; reported-term timing unverified
layer1_term,log_jobs,-0.0423932471029179,-0.1180945923475349,0.0159682491371609,196,199,196,"95% percentile, positive state-weighted multiplier bootstrap; Firth re-estimated; fixed preprocessing/LGD/portfolio/scenarios",log odds; numeric coefficients on train-standardized feature scale; categorical versus stated training reference,recorded charge-off within 36 months,Approval-descriptor prediction,With-Term sensitivity; reported-term timing unverified
layer1_term,TermInMonths,-1.0591386510377814,-1.12457988710929,-1.0057084318476512,196,199,196,"95% percentile, positive state-weighted multiplier bootstrap; Firth re-estimated; fixed preprocessing/LGD/portfolio/scenarios",log odds; numeric coefficients on train-standardized feature scale; categorical versus stated training reference,recorded charge-off within 36 months,Approval-descriptor prediction,With-Term sensitivity; reported-term timing unverified
layer1_term,ProcessingMethod_7a with EWCP,-1.2105028027013311,-1.4841248516771255,-0.9042741251788278,196,199,196,"95% percentile, positive state-weighted multiplier bootstrap; Firth re-estimated; fixed preprocessing/LGD/portfolio/scenarios",log odds; numeric coefficients on train-standardized feature scale; categorical versus stated training reference,recorded charge-off within 36 months,Approval-descriptor prediction,With-Term sensitivity; reported-term timing unverified
layer1_term,ProcessingMethod_Certified Lenders Program,-0.1328233643660794,-0.2086924139646736,-0.0550326065791554,196,199,196,"95% percentile, positive state-weighted multiplier bootstrap; Firth re-estimated; fixed preprocessing/LGD/portfolio/scenarios",log odds; numeric coefficients on train-standardized feature scale; categorical versus stated training reference,recorded charge-off within 36 months,Approval-descriptor prediction,With-Term sensitivity; reported-term timing unverified
layer1_term,ProcessingMethod_Community Express,0.6852741454902562,0.4458999549884626,0.923355278933162,196,199,196,"95% percentile, positive state-weighted multiplier bootstrap; Firth re-estimated; fixed preprocessing/LGD/portfolio/scenarios",log odds; numeric coefficients on train-standardized feature scale; categorical versus stated training reference,recorded charge-off within 36 months,Approval-descriptor prediction,With-Term sensitivity; reported-term timing unverified
layer1_term,ProcessingMethod_International Trade Loans,-0.2602836729598835,-0.8021123961019518,0.1396216079486283,196,199,196,"95% percentile, positive state-weighted multiplier bootstrap; Firth re-estimated; fixed preprocessing/LGD/portfolio/scenarios",log odds; numeric coefficients on train-standardized feature scale; categorical versus stated training reference,recorded charge-off within 36 months,Approval-descriptor prediction,With-Term sensitivity; reported-term timing unverified
layer1_term,ProcessingMethod_Low Documentation Program,0.3019969148116964,0.221785346165891,0.384185710884464,196,199,196,"95% percentile, positive state-weighted multiplier bootstrap; Firth re-estimated; fixed preprocessing/LGD/portfolio/scenarios",log odds; numeric coefficients on train-standardized feature scale; categorical versus stated training reference,recorded charge-off within 36 months,Approval-descriptor prediction,With-Term sensitivity; reported-term timing unverified
layer1_term,ProcessingMethod_Other,0.811195668778472,0.1889001164067824,1.337864974000863,196,199,196,"95% percentile, positive state-weighted multiplier bootstrap; Firth re-estimated; fixed preprocessing/LGD/portfolio/scenarios",log odds; numeric coefficients on train-standardized feature scale; categorical versus stated training reference,recorded charge-off within 36 months,Approval-descriptor prediction,With-Term sensitivity; reported-term timing unverified
layer1_term,ProcessingMethod_Preferred Lenders Program,0.0326644410333341,-0.0688956762386429,0.132203238372324,196,199,196,"95% percentile, positive state-weighted multiplier bootstrap; Firth re-estimated; fixed preprocessing/LGD/portfolio/scenarios",log odds; numeric coefficients on train-standardized feature scale; categorical versus stated training reference,recorded charge-off within 36 months,Approval-descriptor prediction,With-Term sensitivity; reported-term timing unverified
layer1_term,ProcessingMethod_SBA Express Program,-1.3243366868624606,-1.4794318657464602,-1.1672611461537763,196,199,196,"95% percentile, positive state-weighted multiplier bootstrap; Firth re-estimated; fixed preprocessing/LGD/portfolio/scenarios",log odds; numeric coefficients on train-standardized feature scale; categorical versus stated training reference,recorded charge-off within 36 months,Approval-descriptor prediction,With-Term sensitivity; reported-term timing unverified
layer1_term,ProcessingMethod_Small Asset Base Line of Credit (CAPLine),-3.2733463100880957,-4.439803409370694,-2.050152037733191,196,199,196,"95% percentile, positive state-weighted multiplier bootstrap; Firth re-estimated; fixed preprocessing/LGD/portfolio/scenarios",log odds; numeric coefficients on train-standardized feature scale; categorical versus stated training reference,recorded charge-off within 36 months,Approval-descriptor prediction,With-Term sensitivity; reported-term timing unverified
layer1_term,naics2_21,0.6843561961275464,0.3505600378447903,1.0812866151381242,196,199,196,"95% percentile, positive state-weighted multiplier bootstrap; Firth re-estimated; fixed preprocessing/LGD/portfolio/scenarios",log odds; numeric coefficients on train-standardized feature scale; categorical versus stated training reference,recorded charge-off within 36 months,Approval-descriptor prediction,With-Term sensitivity; reported-term timing unverified
layer1_term,naics2_23,0.7761242032286121,0.3488887342519412,1.17841029224129,196,199,196,"95% percentile, positive state-weighted multiplier bootstrap; Firth re-estimated; fixed preprocessing/LGD/portfolio/scenarios",log odds; numeric coefficients on train-standardized feature scale; categorical versus stated training reference,recorded charge-off within 36 months,Approval-descriptor prediction,With-Term sensitivity; reported-term timing unverified
layer1_term,naics2_31,1.0877567969435964,0.7355443441996872,1.5250843658848017,196,199,196,"95% percentile, positive state-weighted multiplier bootstrap; Firth re-estimated; fixed preprocessing/LGD/portfolio/scenarios",log odds; numeric coefficients on train-standardized feature scale; categorical versus stated training reference,recorded charge-off within 36 months,Approval-descriptor prediction,With-Term sensitivity; reported-term timing unverified
layer1_term,naics2_32,0.9112719008552644,0.4742308303104125,1.3796929108235745,196,199,196,"95% percentile, positive state-weighted multiplier bootstrap; Firth re-estimated; fixed preprocessing/LGD/portfolio/scenarios",log odds; numeric coefficients on train-standardized feature scale; categorical versus stated training reference,recorded charge-off within 36 months,Approval-descriptor prediction,With-Term sensitivity; reported-term timing unverified
layer1_term,naics2_33,0.9084802427244968,0.5503136078464697,1.3168225850534965,196,199,196,"95% percentile, positive state-weighted multiplier bootstrap; Firth re-estimated; fixed preprocessing/LGD/portfolio/scenarios",log odds; numeric coefficients on train-standardized feature scale; categorical versus stated training reference,recorded charge-off within 36 months,Approval-descriptor prediction,With-Term sensitivity; reported-term timing unverified
layer1_term,naics2_42,0.9899641077049234,0.5328736083265146,1.4156345348873245,196,199,196,"95% percentile, positive state-weighted multiplier bootstrap; Firth re-estimated; fixed preprocessing/LGD/portfolio/scenarios",log odds; numeric coefficients on train-standardized feature scale; categorical versus stated training reference,recorded charge-off within 36 months,Approval-descriptor prediction,With-Term sensitivity; reported-term timing unverified
layer1_term,naics2_44,1.20642094693972,0.7878670455642344,1.6229199351843795,196,199,196,"95% percentile, positive state-weighted multiplier bootstrap; Firth re-estimated; fixed preprocessing/LGD/portfolio/scenarios",log odds; numeric coefficients on train-standardized feature scale; categorical versus stated training reference,recorded charge-off within 36 months,Approval-descriptor prediction,With-Term sensitivity; reported-term timing unverified
layer1_term,naics2_45,1.2668538679719246,0.8574723598692682,1.6879978534467897,196,199,196,"95% percentile, positive state-weighted multiplier bootstrap; Firth re-estimated; fixed preprocessing/LGD/portfolio/scenarios",log odds; numeric coefficients on train-standardized feature scale; categorical versus stated training reference,recorded charge-off within 36 months,Approval-descriptor prediction,With-Term sensitivity; reported-term timing unverified
layer1_term,naics2_48,1.1229607825716734,0.6642277834142232,1.5761998864696334,196,199,196,"95% percentile, positive state-weighted multiplier bootstrap; Firth re-estimated; fixed preprocessing/LGD/portfolio/scenarios",log odds; numeric coefficients on train-standardized feature scale; categorical versus stated training reference,recorded charge-off within 36 months,Approval-descriptor prediction,With-Term sensitivity; reported-term timing unverified
layer1_term,naics2_49,0.6339395224136332,-0.10872250436621,1.2490875939286323,196,199,196,"95% percentile, positive state-weighted multiplier bootstrap; Firth re-estimated; fixed preprocessing/LGD/portfolio/scenarios",log odds; numeric coefficients on train-standardized feature scale; categorical versus stated training reference,recorded charge-off within 36 months,Approval-descriptor prediction,With-Term sensitivity; reported-term timing unverified
layer1_term,naics2_51,0.9665603593017922,0.488364760517556,1.4625671665031883,196,199,196,"95% percentile, positive state-weighted multiplier bootstrap; Firth re-estimated; fixed preprocessing/LGD/portfolio/scenarios",log odds; numeric coefficients on train-standardized feature scale; categorical versus stated training reference,recorded charge-off within 36 months,Approval-descriptor prediction,With-Term sensitivity; reported-term timing unverified
layer1_term,naics2_52,0.4203144941477681,-0.1246327148998539,0.9868543584031428,196,199,196,"95% percentile, positive state-weighted multiplier bootstrap; Firth re-estimated; fixed preprocessing/LGD/portfolio/scenarios",log odds; numeric coefficients on train-standardized feature scale; categorical versus stated training reference,recorded charge-off within 36 months,Approval-descriptor prediction,With-Term sensitivity; reported-term timing unverified
layer1_term,naics2_53,1.1529546717241523,0.6651580888656281,1.6727110384016104,196,199,196,"95% percentile, positive state-weighted multiplier bootstrap; Firth re-estimated; fixed preprocessing/LGD/portfolio/scenarios",log odds; numeric coefficients on train-standardized feature scale; categorical versus stated training reference,recorded charge-off within 36 months,Approval-descriptor prediction,With-Term sensitivity; reported-term timing unverified
layer1_term,naics2_54,0.6048233654939497,0.1324572625689371,1.07930956318213,196,199,196,"95% percentile, positive state-weighted multiplier bootstrap; Firth re-estimated; fixed preprocessing/LGD/portfolio/scenarios",log odds; numeric coefficients on train-standardized feature scale; categorical versus stated training reference,recorded charge-off within 36 months,Approval-descriptor prediction,With-Term sensitivity; reported-term timing unverified
layer1_term,naics2_56,0.8678320872763166,0.5148387679670886,1.2909210300695426,196,199,196,"95% percentile, positive state-weighted multiplier bootstrap; Firth re-estimated; fixed preprocessing/LGD/portfolio/scenarios",log odds; numeric coefficients on train-standardized feature scale; categorical versus stated training reference,recorded charge-off within 36 months,Approval-descriptor prediction,With-Term sensitivity; reported-term timing unverified
layer1_term,naics2_61,0.9320652940403408,0.5503775863428492,1.3145845129394749,196,199,196,"95% percentile, positive state-weighted multiplier bootstrap; Firth re-estimated; fixed preprocessing/LGD/portfolio/scenarios",log odds; numeric coefficients on train-standardized feature scale; categorical versus stated training reference,recorded charge-off within 36 months,Approval-descriptor prediction,With-Term sensitivity; reported-term timing unverified
layer1_term,naics2_62,0.4517247335920712,0.0783383453371969,0.8687189479363656,196,199,196,"95% percentile, positive state-weighted multiplier bootstrap; Firth re-estimated; fixed preprocessing/LGD/portfolio/scenarios",log odds; numeric coefficients on train-standardized feature scale; categorical versus stated training reference,recorded charge-off within 36 months,Approval-descriptor prediction,With-Term sensitivity; reported-term timing unverified
layer1_term,naics2_71,1.1550614786950184,0.779712810032871,1.5626827086620032,196,199,196,"95% percentile, positive state-weighted multiplier bootstrap; Firth re-estimated; fixed preprocessing/LGD/portfolio/scenarios",log odds; numeric coefficients on train-standardized feature scale; categorical versus stated training reference,recorded charge-off within 36 months,Approval-descriptor prediction,With-Term sensitivity; reported-term timing unverified
layer1_term,naics2_72,1.2551799776862702,0.8213973145349519,1.704719164120748,196,199,196,"95% percentile, positive state-weighted multiplier bootstrap; Firth re-estimated; fixed preprocessing/LGD/portfolio/scenarios",log odds; numeric coefficients on train-standardized feature scale; categorical versus stated training reference,recorded charge-off within 36 months,Approval-descriptor prediction,With-Term sensitivity; reported-term timing unverified
layer1_term,naics2_81,1.0119910443043243,0.6192963889338792,1.4252054142709694,196,199,196,"95% percentile, positive state-weighted multiplier bootstrap; Firth re-estimated; fixed preprocessing/LGD/portfolio/scenarios",log odds; numeric coefficients on train-standardized feature scale; categorical versus stated training reference,recorded charge-off within 36 months,Approval-descriptor prediction,With-Term sensitivity; reported-term timing unverified
layer1_term,naics2_Other,0.8604086592538395,0.2391450195069974,1.5006572322848966,196,199,196,"95% percentile, positive state-weighted multiplier bootstrap; Firth re-estimated; fixed preprocessing/LGD/portfolio/scenarios",log odds; numeric coefficients on train-standardized feature scale; categorical versus stated training reference,recorded charge-off within 36 months,Approval-descriptor prediction,With-Term sensitivity; reported-term timing unverified
layer1_term,naics2___missing__,1.2387377883537358,0.836420594340245,1.6720599790096358,196,199,196,"95% percentile, positive state-weighted multiplier bootstrap; Firth re-estimated; fixed preprocessing/LGD/portfolio/scenarios",log odds; numeric coefficients on train-standardized feature scale; categorical versus stated training reference,recorded charge-off within 36 months,Approval-descriptor prediction,With-Term sensitivity; reported-term timing unverified
layer1_term,BusinessType_INDIVIDUAL,0.144430697995146,0.1005008544306515,0.1956747865335222,196,199,196,"95% percentile, positive state-weighted multiplier bootstrap; Firth re-estimated; fixed preprocessing/LGD/portfolio/scenarios",log odds; numeric coefficients on train-standardized feature scale; categorical versus stated training reference,recorded charge-off within 36 months,Approval-descriptor prediction,With-Term sensitivity; reported-term timing unverified
layer1_term,BusinessType_PARTNERSHIP,-0.1895395114883643,-0.2682413381071651,-0.0860854470177943,196,199,196,"95% percentile, positive state-weighted multiplier bootstrap; Firth re-estimated; fixed preprocessing/LGD/portfolio/scenarios",log odds; numeric coefficients on train-standardized feature scale; categorical versus stated training reference,recorded charge-off within 36 months,Approval-descriptor prediction,With-Term sensitivity; reported-term timing unverified
layer1_term,BusinessType___missing__,1.3203113739671772,0.9532652295947294,1.6689471663073452,196,199,196,"95% percentile, positive state-weighted multiplier bootstrap; Firth re-estimated; fixed preprocessing/LGD/portfolio/scenarios",log odds; numeric coefficients on train-standardized feature scale; categorical versus stated training reference,recorded charge-off within 36 months,Approval-descriptor prediction,With-Term sensitivity; reported-term timing unverified
layer1_term,BusinessAge_Less than 4 years old but at least 3,0.0412502583985136,-0.6073225220096738,0.6563084450101212,196,199,196,"95% percentile, positive state-weighted multiplier bootstrap; Firth re-estimated; fixed preprocessing/LGD/portfolio/scenarios",log odds; numeric coefficients on train-standardized feature scale; categorical versus stated training reference,recorded charge-off within 36 months,Approval-descriptor prediction,With-Term sensitivity; reported-term timing unverified
layer1_term,"BusinessAge_New, Less than 1 Year old",0.4005947584220082,-0.2592390044477688,1.0328242389990143,196,199,196,"95% percentile, positive state-weighted multiplier bootstrap; Firth re-estimated; fixed preprocessing/LGD/portfolio/scenarios",log odds; numeric coefficients on train-standardized feature scale; categorical versus stated training reference,recorded charge-off within 36 months,Approval-descriptor prediction,With-Term sensitivity; reported-term timing unverified
layer1_term,BusinessAge_Other,-0.8173761625522782,-1.618279366822801,-0.035063376699744,196,199,196,"95% percentile, positive state-weighted multiplier bootstrap; Firth re-estimated; fixed preprocessing/LGD/portfolio/scenarios",log odds; numeric coefficients on train-standardized feature scale; categorical versus stated training reference,recorded charge-off within 36 months,Approval-descriptor prediction,With-Term sensitivity; reported-term timing unverified
layer1_term,franchise_present,0.0398135713897763,-0.0436314817496824,0.1017842319673531,196,199,196,"95% percentile, positive state-weighted multiplier bootstrap; Firth re-estimated; fixed preprocessing/LGD/portfolio/scenarios",log odds; numeric coefficients on train-standardized feature scale; categorical versus stated training reference,recorded charge-off within 36 months,Approval-descriptor prediction,With-Term sensitivity; reported-term timing unverified
layer1_term,loan_type_term,-1.6247707755584584,-1.8861928678880855,-1.398799364343185,196,199,196,"95% percentile, positive state-weighted multiplier bootstrap; Firth re-estimated; fixed preprocessing/LGD/portfolio/scenarios",log odds; numeric coefficients on train-standardized feature scale; categorical versus stated training reference,recorded charge-off within 36 months,Approval-descriptor prediction,With-Term sensitivity; reported-term timing unverified
layer1_term,ProjectState_AL,1.153087363179242,0.7186711441957871,1.187614360251305,196,199,196,"95% percentile, positive state-weighted multiplier bootstrap; Firth re-estimated; fixed preprocessing/LGD/portfolio/scenarios",log odds; numeric coefficients on train-standardized feature scale; categorical versus stated training reference,recorded charge-off within 36 months,Approval-descriptor prediction,With-Term sensitivity; reported-term timing unverified
layer1_term,ProjectState_AR,0.967045613065204,0.5164055525834694,1.0110961872081292,196,199,196,"95% percentile, positive state-weighted multiplier bootstrap; Firth re-estimated; fixed preprocessing/LGD/portfolio/scenarios",log odds; numeric coefficients on train-standardized feature scale; categorical versus stated training reference,recorded charge-off within 36 months,Approval-descriptor prediction,With-Term sensitivity; reported-term timing unverified
layer1_term,ProjectState_AZ,0.6583182565456351,0.2754585586508717,0.751642247293635,196,199,196,"95% percentile, positive state-weighted multiplier bootstrap; Firth re-estimated; fixed preprocessing/LGD/portfolio/scenarios",log odds; numeric coefficients on train-standardized feature scale; categorical versus stated training reference,recorded charge-off within 36 months,Approval-descriptor prediction,With-Term sensitivity; reported-term timing unverified
layer1_term,ProjectState_CA,0.8411583186183654,0.4480088505265869,0.9127503363926792,196,199,196,"95% percentile, positive state-weighted multiplier bootstrap; Firth re-estimated; fixed preprocessing/LGD/portfolio/scenarios",log odds; numeric coefficients on train-standardized feature scale; categorical versus stated training reference,recorded charge-off within 36 months,Approval-descriptor prediction,With-Term sensitivity; reported-term timing unverified
layer1_term,ProjectState_CO,0.857210049358494,0.4601572095308947,0.9157588764537606,196,199,196,"95% percentile, positive state-weighted multiplier bootstrap; Firth re-estimated; fixed preprocessing/LGD/portfolio/scenarios",log odds; numeric coefficients on train-standardized feature scale; categorical versus stated training reference,recorded charge-off within 36 months,Approval-descriptor prediction,With-Term sensitivity; reported-term timing unverified
layer1_term,ProjectState_CT,0.7325257225235976,0.3312709296327774,0.8033129398057446,196,199,196,"95% percentile, positive state-weighted multiplier bootstrap; Firth re-estimated; fixed preprocessing/LGD/portfolio/scenarios",log odds; numeric coefficients on train-standardized feature scale; categorical versus stated training reference,recorded charge-off within 36 months,Approval-descriptor prediction,With-Term sensitivity; reported-term timing unverified
layer1_term,ProjectState_DC,0.9413836548848076,0.638271899378612,1.3745868860645525,196,199,196,"95% percentile, positive state-weighted multiplier bootstrap; Firth re-estimated; fixed preprocessing/LGD/portfolio/scenarios",log odds; numeric coefficients on train-standardized feature scale; categorical versus stated training reference,recorded charge-off within 36 months,Approval-descriptor prediction,With-Term sensitivity; reported-term timing unverified
layer1_term,ProjectState_DE,0.1581974945479864,-0.1968524908241957,0.5361706173389816,196,199,196,"95% percentile, positive state-weighted multiplier bootstrap; Firth re-estimated; fixed preprocessing/LGD/portfolio/scenarios",log odds; numeric coefficients on train-standardized feature scale; categorical versus stated training reference,recorded charge-off within 36 months,Approval-descriptor prediction,With-Term sensitivity; reported-term timing unverified
layer1_term,ProjectState_FL,0.7309241726388408,0.3216763582544101,0.7880195658278351,196,199,196,"95% percentile, positive state-weighted multiplier bootstrap; Firth re-estimated; fixed preprocessing/LGD/portfolio/scenarios",log odds; numeric coefficients on train-standardized feature scale; categorical versus stated training reference,recorded charge-off within 36 months,Approval-descriptor prediction,With-Term sensitivity; reported-term timing unverified
layer1_term,ProjectState_GA,1.1576052498222928,0.7632548644116447,1.226042029709642,196,199,196,"95% percentile, positive state-weighted multiplier bootstrap; Firth re-estimated; fixed preprocessing/LGD/portfolio/scenarios",log odds; numeric coefficients on train-standardized feature scale; categorical versus stated training reference,recorded charge-off within 36 months,Approval-descriptor prediction,With-Term sensitivity; reported-term timing unverified
layer1_term,ProjectState_HI,-0.1392566302789447,-0.5671815864550598,0.3525952259117863,196,199,196,"95% percentile, positive state-weighted multiplier bootstrap; Firth re-estimated; fixed preprocessing/LGD/portfolio/scenarios",log odds; numeric coefficients on train-standardized feature scale; categorical versus stated training reference,recorded charge-off within 36 months,Approval-descriptor prediction,With-Term sensitivity; reported-term timing unverified
layer1_term,ProjectState_IA,0.638466616574013,0.2293767649583694,0.6920815627431001,196,199,196,"95% percentile, positive state-weighted multiplier bootstrap; Firth re-estimated; fixed preprocessing/LGD/portfolio/scenarios",log odds; numeric coefficients on train-standardized feature scale; categorical versus stated training reference,recorded charge-off within 36 months,Approval-descriptor prediction,With-Term sensitivity; reported-term timing unverified
layer1_term,ProjectState_ID,0.7755432951580744,0.3365776054969109,0.8283237730188828,196,199,196,"95% percentile, positive state-weighted multiplier bootstrap; Firth re-estimated; fixed preprocessing/LGD/portfolio/scenarios",log odds; numeric coefficients on train-standardized feature scale; categorical versus stated training reference,recorded charge-off within 36 months,Approval-descriptor prediction,With-Term sensitivity; reported-term timing unverified
layer1_term,ProjectState_IL,0.6616459956423694,0.2732056689179843,0.7109725790292445,196,199,196,"95% percentile, positive state-weighted multiplier bootstrap; Firth re-estimated; fixed preprocessing/LGD/portfolio/scenarios",log odds; numeric coefficients on train-standardized feature scale; categorical versus stated training reference,recorded charge-off within 36 months,Approval-descriptor prediction,With-Term sensitivity; reported-term timing unverified
layer1_term,ProjectState_IN,0.2518352502795093,-0.1758185716763169,0.3640282205543071,196,199,196,"95% percentile, positive state-weighted multiplier bootstrap; Firth re-estimated; fixed preprocessing/LGD/portfolio/scenarios",log odds; numeric coefficients on train-standardized feature scale; categorical versus stated training reference,recorded charge-off within 36 months,Approval-descriptor prediction,With-Term sensitivity; reported-term timing unverified
layer1_term,ProjectState_KS,0.8342133449378125,0.3911345868452673,0.8812212236342882,196,199,196,"95% percentile, positive state-weighted multiplier bootstrap; Firth re-estimated; fixed preprocessing/LGD/portfolio/scenarios",log odds; numeric coefficients on train-standardized feature scale; categorical versus stated training reference,recorded charge-off within 36 months,Approval-descriptor prediction,With-Term sensitivity; reported-term timing unverified
layer1_term,ProjectState_KY,0.7961869619785565,0.3739989038318516,0.8653441479525563,196,199,196,"95% percentile, positive state-weighted multiplier bootstrap; Firth re-estimated; fixed preprocessing/LGD/portfolio/scenarios",log odds; numeric coefficients on train-standardized feature scale; categorical versus stated training reference,recorded charge-off within 36 months,Approval-descriptor prediction,With-Term sensitivity; reported-term timing unverified
layer1_term,ProjectState_LA,0.7239948786682648,0.2797917094428981,0.7716301082677337,196,199,196,"95% percentile, positive state-weighted multiplier bootstrap; Firth re-estimated; fixed preprocessing/LGD/portfolio/scenarios",log odds; numeric coefficients on train-standardized feature scale; categorical versus stated training reference,recorded charge-off within 36 months,Approval-descriptor prediction,With-Term sensitivity; reported-term timing unverified
layer1_term,ProjectState_MA,0.2007042317098288,-0.218328976750958,0.2687672501274475,196,199,196,"95% percentile, positive state-weighted multiplier bootstrap; Firth re-estimated; fixed preprocessing/LGD/portfolio/scenarios",log odds; numeric coefficients on train-standardized feature scale; categorical versus stated training reference,recorded charge-off within 36 months,Approval-descriptor prediction,With-Term sensitivity; reported-term timing unverified
layer1_term,ProjectState_MD,0.3687900996680598,-0.0372853490486158,0.4257464753005615,196,199,196,"95% percentile, positive state-weighted multiplier bootstrap; Firth re-estimated; fixed preprocessing/LGD/portfolio/scenarios",log odds; numeric coefficients on train-standardized feature scale; categorical versus stated training reference,recorded charge-off within 36 months,Approval-descriptor prediction,With-Term sensitivity; reported-term timing unverified
layer1_term,ProjectState_ME,0.6500957160124539,0.2360049444192539,0.7383007138756055,196,199,196,"95% percentile, positive state-weighted multiplier bootstrap; Firth re-estimated; fixed preprocessing/LGD/portfolio/scenarios",log odds; numeric coefficients on train-standardized feature scale; categorical versus stated training reference,recorded charge-off within 36 months,Approval-descriptor prediction,With-Term sensitivity; reported-term timing unverified
layer1_term,ProjectState_MI,-0.1746612062813682,-0.5240962124055123,-0.0758859049685534,196,199,196,"95% percentile, positive state-weighted multiplier bootstrap; Firth re-estimated; fixed preprocessing/LGD/portfolio/scenarios",log odds; numeric coefficients on train-standardized feature scale; categorical versus stated training reference,recorded charge-off within 36 months,Approval-descriptor prediction,With-Term sensitivity; reported-term timing unverified
layer1_term,ProjectState_MN,0.6222291021774459,0.2086987583003916,0.6751702027981468,196,199,196,"95% percentile, positive state-weighted multiplier bootstrap; Firth re-estimated; fixed preprocessing/LGD/portfolio/scenarios",log odds; numeric coefficients on train-standardized feature scale; categorical versus stated training reference,recorded charge-off within 36 months,Approval-descriptor prediction,With-Term sensitivity; reported-term timing unverified
layer1_term,ProjectState_MO,0.7440744827419621,0.3061879187875038,0.782439794226388,196,199,196,"95% percentile, positive state-weighted multiplier bootstrap; Firth re-estimated; fixed preprocessing/LGD/portfolio/scenarios",log odds; numeric coefficients on train-standardized feature scale; categorical versus stated training reference,recorded charge-off within 36 months,Approval-descriptor prediction,With-Term sensitivity; reported-term timing unverified
layer1_term,ProjectState_MS,0.8392560114602334,0.4083592408853523,1.0023056691268963,196,199,196,"95% percentile, positive state-weighted multiplier bootstrap; Firth re-estimated; fixed preprocessing/LGD/portfolio/scenarios",log odds; numeric coefficients on train-standardized feature scale; categorical versus stated training reference,recorded charge-off within 36 months,Approval-descriptor prediction,With-Term sensitivity; reported-term timing unverified
layer1_term,ProjectState_MT,0.3576500775933328,-0.0710218428700085,0.440479033742266,196,199,196,"95% percentile, positive state-weighted multiplier bootstrap; Firth re-estimated; fixed preprocessing/LGD/portfolio/scenarios",log odds; numeric coefficients on train-standardized feature scale; categorical versus stated training reference,recorded charge-off within 36 months,Approval-descriptor prediction,With-Term sensitivity; reported-term timing unverified
layer1_term,ProjectState_NC,0.463460664505168,0.0492968731446544,0.5692508410903783,196,199,196,"95% percentile, positive state-weighted multiplier bootstrap; Firth re-estimated; fixed preprocessing/LGD/portfolio/scenarios",log odds; numeric coefficients on train-standardized feature scale; categorical versus stated training reference,recorded charge-off within 36 months,Approval-descriptor prediction,With-Term sensitivity; reported-term timing unverified
layer1_term,ProjectState_ND,0.4628461087326485,0.1121002318128267,0.6299481211121556,196,199,196,"95% percentile, positive state-weighted multiplier bootstrap; Firth re-estimated; fixed preprocessing/LGD/portfolio/scenarios",log odds; numeric coefficients on train-standardized feature scale; categorical versus stated training reference,recorded charge-off within 36 months,Approval-descriptor prediction,With-Term sensitivity; reported-term timing unverified
layer1_term,ProjectState_NE,0.2341396188449846,-0.1476211250826938,0.4145216503398889,196,199,196,"95% percentile, positive state-weighted multiplier bootstrap; Firth re-estimated; fixed preprocessing/LGD/portfolio/scenarios",log odds; numeric coefficients on train-standardized feature scale; categorical versus stated training reference,recorded charge-off within 36 months,Approval-descriptor prediction,With-Term sensitivity; reported-term timing unverified
layer1_term,ProjectState_NH,0.2545219565701256,-0.1620886200589729,0.4257849815494791,196,199,196,"95% percentile, positive state-weighted multiplier bootstrap; Firth re-estimated; fixed preprocessing/LGD/portfolio/scenarios",log odds; numeric coefficients on train-standardized feature scale; categorical versus stated training reference,recorded charge-off within 36 months,Approval-descriptor prediction,With-Term sensitivity; reported-term timing unverified
layer1_term,ProjectState_NJ,0.5640835539410857,0.1899807266819521,0.6913621767650601,196,199,196,"95% percentile, positive state-weighted multiplier bootstrap; Firth re-estimated; fixed preprocessing/LGD/portfolio/scenarios",log odds; numeric coefficients on train-standardized feature scale; categorical versus stated training reference,recorded charge-off within 36 months,Approval-descriptor prediction,With-Term sensitivity; reported-term timing unverified
layer1_term,ProjectState_NM,0.8362237714924313,0.3918154207435154,0.9227456571152098,196,199,196,"95% percentile, positive state-weighted multiplier bootstrap; Firth re-estimated; fixed preprocessing/LGD/portfolio/scenarios",log odds; numeric coefficients on train-standardized feature scale; categorical versus stated training reference,recorded charge-off within 36 months,Approval-descriptor prediction,With-Term sensitivity; reported-term timing unverified
layer1_term,ProjectState_NV,1.109611947638344,0.7088080279010195,1.1875434830069695,196,199,196,"95% percentile, positive state-weighted multiplier bootstrap; Firth re-estimated; fixed preprocessing/LGD/portfolio/scenarios",log odds; numeric coefficients on train-standardized feature scale; categorical versus stated training reference,recorded charge-off within 36 months,Approval-descriptor prediction,With-Term sensitivity; reported-term timing unverified
layer1_term,ProjectState_NY,0.5983597340301353,0.1688941249348402,0.6429559994320492,196,199,196,"95% percentile, positive state-weighted multiplier bootstrap; Firth re-estimated; fixed preprocessing/LGD/portfolio/scenarios",log odds; numeric coefficients on train-standardized feature scale; categorical versus stated training reference,recorded charge-off within 36 months,Approval-descriptor prediction,With-Term sensitivity; reported-term timing unverified
layer1_term,ProjectState_OH,0.0819345928683235,-0.3373519441876685,0.1471791307572109,196,199,196,"95% percentile, positive state-weighted multiplier bootstrap; Firth re-estimated; fixed preprocessing/LGD/portfolio/scenarios",log odds; numeric coefficients on train-standardized feature scale; categorical versus stated training reference,recorded charge-off within 36 months,Approval-descriptor prediction,With-Term sensitivity; reported-term timing unverified
layer1_term,ProjectState_OK,1.1338407563529929,0.700210959528886,1.1633698254384748,196,199,196,"95% percentile, positive state-weighted multiplier bootstrap; Firth re-estimated; fixed preprocessing/LGD/portfolio/scenarios",log odds; numeric coefficients on train-standardized feature scale; categorical versus stated training reference,recorded charge-off within 36 months,Approval-descriptor prediction,With-Term sensitivity; reported-term timing unverified
layer1_term,ProjectState_OR,0.4838171271923728,0.1066040967960304,0.6532006505899319,196,199,196,"95% percentile, positive state-weighted multiplier bootstrap; Firth re-estimated; fixed preprocessing/LGD/portfolio/scenarios",log odds; numeric coefficients on train-standardized feature scale; categorical versus stated training reference,recorded charge-off within 36 months,Approval-descriptor prediction,With-Term sensitivity; reported-term timing unverified
layer1_term,ProjectState_PA,0.0364118356752846,-0.379666893506571,0.0907451137516863,196,199,196,"95% percentile, positive state-weighted multiplier bootstrap; Firth re-estimated; fixed preprocessing/LGD/portfolio/scenarios",log odds; numeric coefficients on train-standardized feature scale; categorical versus stated training reference,recorded charge-off within 36 months,Approval-descriptor prediction,With-Term sensitivity; reported-term timing unverified
layer1_term,ProjectState_RI,0.3043836878797646,-0.1032653617746894,0.3926269535110428,196,199,196,"95% percentile, positive state-weighted multiplier bootstrap; Firth re-estimated; fixed preprocessing/LGD/portfolio/scenarios",log odds; numeric coefficients on train-standardized feature scale; categorical versus stated training reference,recorded charge-off within 36 months,Approval-descriptor prediction,With-Term sensitivity; reported-term timing unverified
layer1_term,ProjectState_SC,0.2955975205275851,-0.1208444553424032,0.500305868422222,196,199,196,"95% percentile, positive state-weighted multiplier bootstrap; Firth re-estimated; fixed preprocessing/LGD/portfolio/scenarios",log odds; numeric coefficients on train-standardized feature scale; categorical versus stated training reference,recorded charge-off within 36 months,Approval-descriptor prediction,With-Term sensitivity; reported-term timing unverified
layer1_term,ProjectState_SD,0.8831345008877521,0.4766349428720045,0.9414823540773684,196,199,196,"95% percentile, positive state-weighted multiplier bootstrap; Firth re-estimated; fixed preprocessing/LGD/portfolio/scenarios",log odds; numeric coefficients on train-standardized feature scale; categorical versus stated training reference,recorded charge-off within 36 months,Approval-descriptor prediction,With-Term sensitivity; reported-term timing unverified
layer1_term,ProjectState_TN,1.0654872487568394,0.6304746371891784,1.1559527965086516,196,199,196,"95% percentile, positive state-weighted multiplier bootstrap; Firth re-estimated; fixed preprocessing/LGD/portfolio/scenarios",log odds; numeric coefficients on train-standardized feature scale; categorical versus stated training reference,recorded charge-off within 36 months,Approval-descriptor prediction,With-Term sensitivity; reported-term timing unverified
layer1_term,ProjectState_TX,1.0452009617864626,0.639783580853454,1.0883383872180472,196,199,196,"95% percentile, positive state-weighted multiplier bootstrap; Firth re-estimated; fixed preprocessing/LGD/portfolio/scenarios",log odds; numeric coefficients on train-standardized feature scale; categorical versus stated training reference,recorded charge-off within 36 months,Approval-descriptor prediction,With-Term sensitivity; reported-term timing unverified
layer1_term,ProjectState_UT,0.6497149071015187,0.2529618536019594,0.7361273175289081,196,199,196,"95% percentile, positive state-weighted multiplier bootstrap; Firth re-estimated; fixed preprocessing/LGD/portfolio/scenarios",log odds; numeric coefficients on train-standardized feature scale; categorical versus stated training reference,recorded charge-off within 36 months,Approval-descriptor prediction,With-Term sensitivity; reported-term timing unverified
layer1_term,ProjectState_VA,0.6462820484034147,0.2118761548394849,0.7079618713992649,196,199,196,"95% percentile, positive state-weighted multiplier bootstrap; Firth re-estimated; fixed preprocessing/LGD/portfolio/scenarios",log odds; numeric coefficients on train-standardized feature scale; categorical versus stated training reference,recorded charge-off within 36 months,Approval-descriptor prediction,With-Term sensitivity; reported-term timing unverified
layer1_term,ProjectState_VT,0.4782334018376633,0.0552113591780802,0.6692397294933919,196,199,196,"95% percentile, positive state-weighted multiplier bootstrap; Firth re-estimated; fixed preprocessing/LGD/portfolio/scenarios",log odds; numeric coefficients on train-standardized feature scale; categorical versus stated training reference,recorded charge-off within 36 months,Approval-descriptor prediction,With-Term sensitivity; reported-term timing unverified
layer1_term,ProjectState_WA,0.1597651387691147,-0.260661448727223,0.2140557419917947,196,199,196,"95% percentile, positive state-weighted multiplier bootstrap; Firth re-estimated; fixed preprocessing/LGD/portfolio/scenarios",log odds; numeric coefficients on train-standardized feature scale; categorical versus stated training reference,recorded charge-off within 36 months,Approval-descriptor prediction,With-Term sensitivity; reported-term timing unverified
layer1_term,ProjectState_WI,0.3498401646762451,-0.0831177038427031,0.4294082332203832,196,199,196,"95% percentile, positive state-weighted multiplier bootstrap; Firth re-estimated; fixed preprocessing/LGD/portfolio/scenarios",log odds; numeric coefficients on train-standardized feature scale; categorical versus stated training reference,recorded charge-off within 36 months,Approval-descriptor prediction,With-Term sensitivity; reported-term timing unverified
layer1_term,ProjectState_WV,1.5817788579660277,1.150564596273233,1.6593919102551338,196,199,196,"95% percentile, positive state-weighted multiplier bootstrap; Firth re-estimated; fixed preprocessing/LGD/portfolio/scenarios",log odds; numeric coefficients on train-standardized feature scale; categorical versus stated training reference,recorded charge-off within 36 months,Approval-descriptor prediction,With-Term sensitivity; reported-term timing unverified
layer1_term,ProjectState_WY,0.744169905954957,0.3057303981597435,0.882149283233543,196,199,196,"95% percentile, positive state-weighted multiplier bootstrap; Firth re-estimated; fixed preprocessing/LGD/portfolio/scenarios",log odds; numeric coefficients on train-standardized feature scale; categorical versus stated training reference,recorded charge-off within 36 months,Approval-descriptor prediction,With-Term sensitivity; reported-term timing unverified
layer2,intercept,-5.712632248831114,-6.162852565461888,-5.244020211051833,198,199,198,"95% percentile, positive state-weighted multiplier bootstrap; Firth re-estimated; fixed preprocessing/LGD/portfolio/scenarios",log odds; numeric coefficients on train-standardized feature scale; categorical versus stated training reference,recorded charge-off within 36 months,Retrospective conditional validation using realized macro paths.,Term-free primary specification
layer2,log_approval,-0.3148522946932086,-0.3703149112115077,-0.2484759899395644,198,199,198,"95% percentile, positive state-weighted multiplier bootstrap; Firth re-estimated; fixed preprocessing/LGD/portfolio/scenarios",log odds; numeric coefficients on train-standardized feature scale; categorical versus stated training reference,recorded charge-off within 36 months,Retrospective conditional validation using realized macro paths.,Term-free primary specification
layer2,guarantee_share,0.0335716554559757,-0.0657953529256612,0.1568263170084734,198,199,198,"95% percentile, positive state-weighted multiplier bootstrap; Firth re-estimated; fixed preprocessing/LGD/portfolio/scenarios",log odds; numeric coefficients on train-standardized feature scale; categorical versus stated training reference,recorded charge-off within 36 months,Retrospective conditional validation using realized macro paths.,Term-free primary specification
layer2,log_jobs,0.0691363129912033,0.0503730159270317,0.086176732451487,198,199,198,"95% percentile, positive state-weighted multiplier bootstrap; Firth re-estimated; fixed preprocessing/LGD/portfolio/scenarios",log odds; numeric coefficients on train-standardized feature scale; categorical versus stated training reference,recorded charge-off within 36 months,Retrospective conditional validation using realized macro paths.,Term-free primary specification
layer2,u0,-0.0903617159295013,-0.1905779144696218,0.006250773322509,198,199,198,"95% percentile, positive state-weighted multiplier bootstrap; Firth re-estimated; fixed preprocessing/LGD/portfolio/scenarios",log odds; numeric coefficients on train-standardized feature scale; categorical versus stated training reference,recorded charge-off within 36 months,Retrospective conditional validation using realized macro paths.,Term-free primary specification
layer2,du,0.1521832447534743,0.0783375947250715,0.2134540941862503,198,199,198,"95% percentile, positive state-weighted multiplier bootstrap; Firth re-estimated; fixed preprocessing/LGD/portfolio/scenarios",log odds; numeric coefficients on train-standardized feature scale; categorical versus stated training reference,recorded charge-off within 36 months,Retrospective conditional validation using realized macro paths.,Term-free primary specification
layer2,h0,-0.156971748196032,-0.1796242499533915,-0.1237180093068107,198,199,198,"95% percentile, positive state-weighted multiplier bootstrap; Firth re-estimated; fixed preprocessing/LGD/portfolio/scenarios",log odds; numeric coefficients on train-standardized feature scale; categorical versus stated training reference,recorded charge-off within 36 months,Retrospective conditional validation using realized macro paths.,Term-free primary specification
layer2,dh,-0.2128470121202795,-0.2912141104611705,-0.1696837941996289,198,199,198,"95% percentile, positive state-weighted multiplier bootstrap; Firth re-estimated; fixed preprocessing/LGD/portfolio/scenarios",log odds; numeric coefficients on train-standardized feature scale; categorical versus stated training reference,recorded charge-off within 36 months,Retrospective conditional validation using realized macro paths.,Term-free primary specification
layer2,year_trend,0.0398614311126886,-0.035070785374471,0.110063668518417,198,199,198,"95% percentile, positive state-weighted multiplier bootstrap; Firth re-estimated; fixed preprocessing/LGD/portfolio/scenarios",log odds; numeric coefficients on train-standardized feature scale; categorical versus stated training reference,recorded charge-off within 36 months,Retrospective conditional validation using realized macro paths.,Term-free primary specification
layer2,ProcessingMethod_7a with EWCP,-0.361992534141334,-0.6427652579753577,-0.0961437739948435,198,199,198,"95% percentile, positive state-weighted multiplier bootstrap; Firth re-estimated; fixed preprocessing/LGD/portfolio/scenarios",log odds; numeric coefficients on train-standardized feature scale; categorical versus stated training reference,recorded charge-off within 36 months,Retrospective conditional validation using realized macro paths.,Term-free primary specification
layer2,ProcessingMethod_Certified Lenders Program,-0.2215252657082266,-0.2881689280895063,-0.1194653343806129,198,199,198,"95% percentile, positive state-weighted multiplier bootstrap; Firth re-estimated; fixed preprocessing/LGD/portfolio/scenarios",log odds; numeric coefficients on train-standardized feature scale; categorical versus stated training reference,recorded charge-off within 36 months,Retrospective conditional validation using realized macro paths.,Term-free primary specification
layer2,ProcessingMethod_Community Express,0.986835130982048,0.8365050920563213,1.2230586887519153,198,199,198,"95% percentile, positive state-weighted multiplier bootstrap; Firth re-estimated; fixed preprocessing/LGD/portfolio/scenarios",log odds; numeric coefficients on train-standardized feature scale; categorical versus stated training reference,recorded charge-off within 36 months,Retrospective conditional validation using realized macro paths.,Term-free primary specification
layer2,ProcessingMethod_Export Express,0.4281362161842523,0.1468664693589391,0.7855301641000793,198,199,198,"95% percentile, positive state-weighted multiplier bootstrap; Firth re-estimated; fixed preprocessing/LGD/portfolio/scenarios",log odds; numeric coefficients on train-standardized feature scale; categorical versus stated training reference,recorded charge-off within 36 months,Retrospective conditional validation using realized macro paths.,Term-free primary specification
layer2,ProcessingMethod_Gulf Opportunity Pilot Loan Program,0.0872126230863277,-0.1726375535337633,0.3723958575396858,198,199,198,"95% percentile, positive state-weighted multiplier bootstrap; Firth re-estimated; fixed preprocessing/LGD/portfolio/scenarios",log odds; numeric coefficients on train-standardized feature scale; categorical versus stated training reference,recorded charge-off within 36 months,Retrospective conditional validation using realized macro paths.,Term-free primary specification
layer2,ProcessingMethod_International Trade Loans,-0.493716115387305,-0.7763838603410722,-0.2952167269578383,198,199,198,"95% percentile, positive state-weighted multiplier bootstrap; Firth re-estimated; fixed preprocessing/LGD/portfolio/scenarios",log odds; numeric coefficients on train-standardized feature scale; categorical versus stated training reference,recorded charge-off within 36 months,Retrospective conditional validation using realized macro paths.,Term-free primary specification
layer2,ProcessingMethod_Low Documentation Program,0.4273796607461153,0.3484296701264303,0.5239900513098243,198,199,198,"95% percentile, positive state-weighted multiplier bootstrap; Firth re-estimated; fixed preprocessing/LGD/portfolio/scenarios",log odds; numeric coefficients on train-standardized feature scale; categorical versus stated training reference,recorded charge-off within 36 months,Retrospective conditional validation using realized macro paths.,Term-free primary specification
layer2,ProcessingMethod_Other,0.8253543884961256,0.4006574259575743,1.2310184412945535,198,199,198,"95% percentile, positive state-weighted multiplier bootstrap; Firth re-estimated; fixed preprocessing/LGD/portfolio/scenarios",log odds; numeric coefficients on train-standardized feature scale; categorical versus stated training reference,recorded charge-off within 36 months,Retrospective conditional validation using realized macro paths.,Term-free primary specification
layer2,ProcessingMethod_Patriot Express Loans,0.6908440227036766,0.5641607939655648,0.8174169705746742,198,199,198,"95% percentile, positive state-weighted multiplier bootstrap; Firth re-estimated; fixed preprocessing/LGD/portfolio/scenarios",log odds; numeric coefficients on train-standardized feature scale; categorical versus stated training reference,recorded charge-off within 36 months,Retrospective conditional validation using realized macro paths.,Term-free primary specification
layer2,ProcessingMethod_Preferred Lenders Program,-0.3480701769319675,-0.4375514999527774,-0.2226952200404831,198,199,198,"95% percentile, positive state-weighted multiplier bootstrap; Firth re-estimated; fixed preprocessing/LGD/portfolio/scenarios",log odds; numeric coefficients on train-standardized feature scale; categorical versus stated training reference,recorded charge-off within 36 months,Retrospective conditional validation using realized macro paths.,Term-free primary specification
layer2,ProcessingMethod_Rural Loan Initiative,-0.3481376665832217,-0.788514560641035,-0.0245788077702883,198,199,198,"95% percentile, positive state-weighted multiplier bootstrap; Firth re-estimated; fixed preprocessing/LGD/portfolio/scenarios",log odds; numeric coefficients on train-standardized feature scale; categorical versus stated training reference,recorded charge-off within 36 months,Retrospective conditional validation using realized macro paths.,Term-free primary specification
layer2,ProcessingMethod_SBA Express Program,0.4136697495662451,0.1097071668271469,0.7755574807919771,198,199,198,"95% percentile, positive state-weighted multiplier bootstrap; Firth re-estimated; fixed preprocessing/LGD/portfolio/scenarios",log odds; numeric coefficients on train-standardized feature scale; categorical versus stated training reference,recorded charge-off within 36 months,Retrospective conditional validation using realized macro paths.,Term-free primary specification
layer2,FixedorVariableInterestInd_V,0.6051552402138456,0.4041982884838794,0.7750579713977716,198,199,198,"95% percentile, positive state-weighted multiplier bootstrap; Firth re-estimated; fixed preprocessing/LGD/portfolio/scenarios",log odds; numeric coefficients on train-standardized feature scale; categorical versus stated training reference,recorded charge-off within 36 months,Retrospective conditional validation using realized macro paths.,Term-free primary specification
layer2,FixedorVariableInterestInd___missing__,0.9564066057320694,0.7018113191114993,1.1709906911580612,198,199,198,"95% percentile, positive state-weighted multiplier bootstrap; Firth re-estimated; fixed preprocessing/LGD/portfolio/scenarios",log odds; numeric coefficients on train-standardized feature scale; categorical versus stated training reference,recorded charge-off within 36 months,Retrospective conditional validation using realized macro paths.,Term-free primary specification
layer2,naics2_21,0.5921310866836009,0.2459541511425337,0.9671426906391276,198,199,198,"95% percentile, positive state-weighted multiplier bootstrap; Firth re-estimated; fixed preprocessing/LGD/portfolio/scenarios",log odds; numeric coefficients on train-standardized feature scale; categorical versus stated training reference,recorded charge-off within 36 months,Retrospective conditional validation using realized macro paths.,Term-free primary specification
layer2,naics2_23,0.906522907377362,0.6840722483453716,1.1651886560901707,198,199,198,"95% percentile, positive state-weighted multiplier bootstrap; Firth re-estimated; fixed preprocessing/LGD/portfolio/scenarios",log odds; numeric coefficients on train-standardized feature scale; categorical versus stated training reference,recorded charge-off within 36 months,Retrospective conditional validation using realized macro paths.,Term-free primary specification
layer2,naics2_31,0.9714444359812798,0.7328451530170559,1.202100632638878,198,199,198,"95% percentile, positive state-weighted multiplier bootstrap; Firth re-estimated; fixed preprocessing/LGD/portfolio/scenarios",log odds; numeric coefficients on train-standardized feature scale; categorical versus stated training reference,recorded charge-off within 36 months,Retrospective conditional validation using realized macro paths.,Term-free primary specification
layer2,naics2_32,0.8297179411359771,0.5517912232420388,1.1109105782273925,198,199,198,"95% percentile, positive state-weighted multiplier bootstrap; Firth re-estimated; fixed preprocessing/LGD/portfolio/scenarios",log odds; numeric coefficients on train-standardized feature scale; categorical versus stated training reference,recorded charge-off within 36 months,Retrospective conditional validation using realized macro paths.,Term-free primary specification
layer2,naics2_33,0.7492124106337826,0.5461619606904337,1.00282773897041,198,199,198,"95% percentile, positive state-weighted multiplier bootstrap; Firth re-estimated; fixed preprocessing/LGD/portfolio/scenarios",log odds; numeric coefficients on train-standardized feature scale; categorical versus stated training reference,recorded charge-off within 36 months,Retrospective conditional validation using realized macro paths.,Term-free primary specification
layer2,naics2_42,1.1468451120376315,0.8651035497935512,1.3959607782775545,198,199,198,"95% percentile, positive state-weighted multiplier bootstrap; Firth re-estimated; fixed preprocessing/LGD/portfolio/scenarios",log odds; numeric coefficients on train-standardized feature scale; categorical versus stated training reference,recorded charge-off within 36 months,Retrospective conditional validation using realized macro paths.,Term-free primary specification
layer2,naics2_44,1.0681667404225896,0.8530301390488501,1.2811355222769736,198,199,198,"95% percentile, positive state-weighted multiplier bootstrap; Firth re-estimated; fixed preprocessing/LGD/portfolio/scenarios",log odds; numeric coefficients on train-standardized feature scale; categorical versus stated training reference,recorded charge-off within 36 months,Retrospective conditional validation using realized macro paths.,Term-free primary specification
layer2,naics2_45,1.1123158647199038,0.898260993876349,1.3236326157976923,198,199,198,"95% percentile, positive state-weighted multiplier bootstrap; Firth re-estimated; fixed preprocessing/LGD/portfolio/scenarios",log odds; numeric coefficients on train-standardized feature scale; categorical versus stated training reference,recorded charge-off within 36 months,Retrospective conditional validation using realized macro paths.,Term-free primary specification
layer2,naics2_48,1.0285604717989827,0.7929110889855524,1.3228380957842083,198,199,198,"95% percentile, positive state-weighted multiplier bootstrap; Firth re-estimated; fixed preprocessing/LGD/portfolio/scenarios",log odds; numeric coefficients on train-standardized feature scale; categorical versus stated training reference,recorded charge-off within 36 months,Retrospective conditional validation using realized macro paths.,Term-free primary specification
layer2,naics2_49,0.9572850382144824,0.7052077419216263,1.2218637909318353,198,199,198,"95% percentile, positive state-weighted multiplier bootstrap; Firth re-estimated; fixed preprocessing/LGD/portfolio/scenarios",log odds; numeric coefficients on train-standardized feature scale; categorical versus stated training reference,recorded charge-off within 36 months,Retrospective conditional validation using realized macro paths.,Term-free primary specification
layer2,naics2_51,0.9560938695425072,0.7250875860631043,1.1818950228071696,198,199,198,"95% percentile, positive state-weighted multiplier bootstrap; Firth re-estimated; fixed preprocessing/LGD/portfolio/scenarios",log odds; numeric coefficients on train-standardized feature scale; categorical versus stated training reference,recorded charge-off within 36 months,Retrospective conditional validation using realized macro paths.,Term-free primary specification
layer2,naics2_52,0.9646278996716744,0.7423349513260727,1.188349049987694,198,199,198,"95% percentile, positive state-weighted multiplier bootstrap; Firth re-estimated; fixed preprocessing/LGD/portfolio/scenarios",log odds; numeric coefficients on train-standardized feature scale; categorical versus stated training reference,recorded charge-off within 36 months,Retrospective conditional validation using realized macro paths.,Term-free primary specification
layer2,naics2_53,1.1897649178574368,0.9120056789486766,1.4375882993121671,198,199,198,"95% percentile, positive state-weighted multiplier bootstrap; Firth re-estimated; fixed preprocessing/LGD/portfolio/scenarios",log odds; numeric coefficients on train-standardized feature scale; categorical versus stated training reference,recorded charge-off within 36 months,Retrospective conditional validation using realized macro paths.,Term-free primary specification
layer2,naics2_54,0.7260945241697995,0.449019166491331,0.9867596748432144,198,199,198,"95% percentile, positive state-weighted multiplier bootstrap; Firth re-estimated; fixed preprocessing/LGD/portfolio/scenarios",log odds; numeric coefficients on train-standardized feature scale; categorical versus stated training reference,recorded charge-off within 36 months,Retrospective conditional validation using realized macro paths.,Term-free primary specification
layer2,naics2_56,0.8291200182928836,0.6080249006044479,1.0795143740208537,198,199,198,"95% percentile, positive state-weighted multiplier bootstrap; Firth re-estimated; fixed preprocessing/LGD/portfolio/scenarios",log odds; numeric coefficients on train-standardized feature scale; categorical versus stated training reference,recorded charge-off within 36 months,Retrospective conditional validation using realized macro paths.,Term-free primary specification
layer2,naics2_61,0.7754039291417315,0.5235513746977786,1.0464797783830306,198,199,198,"95% percentile, positive state-weighted multiplier bootstrap; Firth re-estimated; fixed preprocessing/LGD/portfolio/scenarios",log odds; numeric coefficients on train-standardized feature scale; categorical versus stated training reference,recorded charge-off within 36 months,Retrospective conditional validation using realized macro paths.,Term-free primary specification
layer2,naics2_62,0.2617206518699567,0.0449146676490025,0.4923278529638143,198,199,198,"95% percentile, positive state-weighted multiplier bootstrap; Firth re-estimated; fixed preprocessing/LGD/portfolio/scenarios",log odds; numeric coefficients on train-standardized feature scale; categorical versus stated training reference,recorded charge-off within 36 months,Retrospective conditional validation using realized macro paths.,Term-free primary specification
layer2,naics2_71,1.0685989926984525,0.8583295325766642,1.308498080805356,198,199,198,"95% percentile, positive state-weighted multiplier bootstrap; Firth re-estimated; fixed preprocessing/LGD/portfolio/scenarios",log odds; numeric coefficients on train-standardized feature scale; categorical versus stated training reference,recorded charge-off within 36 months,Retrospective conditional validation using realized macro paths.,Term-free primary specification
layer2,naics2_72,1.0260485541486368,0.8348807662763883,1.2684853102607556,198,199,198,"95% percentile, positive state-weighted multiplier bootstrap; Firth re-estimated; fixed preprocessing/LGD/portfolio/scenarios",log odds; numeric coefficients on train-standardized feature scale; categorical versus stated training reference,recorded charge-off within 36 months,Retrospective conditional validation using realized macro paths.,Term-free primary specification
layer2,naics2_81,0.8277877443371375,0.6208735242621426,1.042894585545961,198,199,198,"95% percentile, positive state-weighted multiplier bootstrap; Firth re-estimated; fixed preprocessing/LGD/portfolio/scenarios",log odds; numeric coefficients on train-standardized feature scale; categorical versus stated training reference,recorded charge-off within 36 months,Retrospective conditional validation using realized macro paths.,Term-free primary specification
layer2,naics2_Other,0.6766163671044853,0.2941486387618436,1.0215955552620426,198,199,198,"95% percentile, positive state-weighted multiplier bootstrap; Firth re-estimated; fixed preprocessing/LGD/portfolio/scenarios",log odds; numeric coefficients on train-standardized feature scale; categorical versus stated training reference,recorded charge-off within 36 months,Retrospective conditional validation using realized macro paths.,Term-free primary specification
layer2,naics2___missing__,1.0942254240069431,0.8568829895268845,1.3272061948396714,198,199,198,"95% percentile, positive state-weighted multiplier bootstrap; Firth re-estimated; fixed preprocessing/LGD/portfolio/scenarios",log odds; numeric coefficients on train-standardized feature scale; categorical versus stated training reference,recorded charge-off within 36 months,Retrospective conditional validation using realized macro paths.,Term-free primary specification
layer2,BusinessType_INDIVIDUAL,0.123230080165208,0.0785217603259596,0.1742163558409965,198,199,198,"95% percentile, positive state-weighted multiplier bootstrap; Firth re-estimated; fixed preprocessing/LGD/portfolio/scenarios",log odds; numeric coefficients on train-standardized feature scale; categorical versus stated training reference,recorded charge-off within 36 months,Retrospective conditional validation using realized macro paths.,Term-free primary specification
layer2,BusinessType_PARTNERSHIP,-0.2961859323316699,-0.363713818448368,-0.196164304764652,198,199,198,"95% percentile, positive state-weighted multiplier bootstrap; Firth re-estimated; fixed preprocessing/LGD/portfolio/scenarios",log odds; numeric coefficients on train-standardized feature scale; categorical versus stated training reference,recorded charge-off within 36 months,Retrospective conditional validation using realized macro paths.,Term-free primary specification
layer2,BusinessType___missing__,1.2847044120029036,0.9008249558151322,1.656892370503301,198,199,198,"95% percentile, positive state-weighted multiplier bootstrap; Firth re-estimated; fixed preprocessing/LGD/portfolio/scenarios",log odds; numeric coefficients on train-standardized feature scale; categorical versus stated training reference,recorded charge-off within 36 months,Retrospective conditional validation using realized macro paths.,Term-free primary specification
layer2,BusinessAge_Less than 3 years old but at least 2,0.2361053339545855,0.1817214338428216,0.3018732593570861,198,199,198,"95% percentile, positive state-weighted multiplier bootstrap; Firth re-estimated; fixed preprocessing/LGD/portfolio/scenarios",log odds; numeric coefficients on train-standardized feature scale; categorical versus stated training reference,recorded charge-off within 36 months,Retrospective conditional validation using realized macro paths.,Term-free primary specification
layer2,BusinessAge_Less than 4 years old but at least 3,-0.2732337084376499,-0.3301250537625215,-0.1930912790589057,198,199,198,"95% percentile, positive state-weighted multiplier bootstrap; Firth re-estimated; fixed preprocessing/LGD/portfolio/scenarios",log odds; numeric coefficients on train-standardized feature scale; categorical versus stated training reference,recorded charge-off within 36 months,Retrospective conditional validation using realized macro paths.,Term-free primary specification
layer2,BusinessAge_Less than 5 years old but at least 4,0.3091176069913595,0.2106851124679128,0.4013883978477867,198,199,198,"95% percentile, positive state-weighted multiplier bootstrap; Firth re-estimated; fixed preprocessing/LGD/portfolio/scenarios",log odds; numeric coefficients on train-standardized feature scale; categorical versus stated training reference,recorded charge-off within 36 months,Retrospective conditional validation using realized macro paths.,Term-free primary specification
layer2,"BusinessAge_New, Less than 1 Year old",-0.1028941016386014,-0.1475931826117257,-0.0568475367522872,198,199,198,"95% percentile, positive state-weighted multiplier bootstrap; Firth re-estimated; fixed preprocessing/LGD/portfolio/scenarios",log odds; numeric coefficients on train-standardized feature scale; categorical versus stated training reference,recorded charge-off within 36 months,Retrospective conditional validation using realized macro paths.,Term-free primary specification
layer2,BusinessAge_Other,-1.3714351879222555,-2.477086226287612,-0.1538944900235964,198,199,198,"95% percentile, positive state-weighted multiplier bootstrap; Firth re-estimated; fixed preprocessing/LGD/portfolio/scenarios",log odds; numeric coefficients on train-standardized feature scale; categorical versus stated training reference,recorded charge-off within 36 months,Retrospective conditional validation using realized macro paths.,Term-free primary specification
layer2,"BusinessAge_Startup, Loan Funds will Open Business",-0.1259054005587681,-0.2035127407512472,-0.0489312822665871,198,199,198,"95% percentile, positive state-weighted multiplier bootstrap; Firth re-estimated; fixed preprocessing/LGD/portfolio/scenarios",log odds; numeric coefficients on train-standardized feature scale; categorical versus stated training reference,recorded charge-off within 36 months,Retrospective conditional validation using realized macro paths.,Term-free primary specification
layer2,BusinessAge_Unanswered,-0.0881794464765031,-0.1503511129262133,-0.0293549106831272,198,199,198,"95% percentile, positive state-weighted multiplier bootstrap; Firth re-estimated; fixed preprocessing/LGD/portfolio/scenarios",log odds; numeric coefficients on train-standardized feature scale; categorical versus stated training reference,recorded charge-off within 36 months,Retrospective conditional validation using realized macro paths.,Term-free primary specification
layer2,franchise_present,0.1642995114967927,0.0737449140143969,0.2567240529595821,198,199,198,"95% percentile, positive state-weighted multiplier bootstrap; Firth re-estimated; fixed preprocessing/LGD/portfolio/scenarios",log odds; numeric coefficients on train-standardized feature scale; categorical versus stated training reference,recorded charge-off within 36 months,Retrospective conditional validation using realized macro paths.,Term-free primary specification
layer2,loan_type_term,0.0475806775938868,-0.0963447501007583,0.2055083358317692,198,199,198,"95% percentile, positive state-weighted multiplier bootstrap; Firth re-estimated; fixed preprocessing/LGD/portfolio/scenarios",log odds; numeric coefficients on train-standardized feature scale; categorical versus stated training reference,recorded charge-off within 36 months,Retrospective conditional validation using realized macro paths.,Term-free primary specification
layer2,ProjectState_AL,0.9337844853798944,0.6294225852004215,1.0389324099671842,198,199,198,"95% percentile, positive state-weighted multiplier bootstrap; Firth re-estimated; fixed preprocessing/LGD/portfolio/scenarios",log odds; numeric coefficients on train-standardized feature scale; categorical versus stated training reference,recorded charge-off within 36 months,Retrospective conditional validation using realized macro paths.,Term-free primary specification
layer2,ProjectState_AR,0.823606049489872,0.5185294756149755,0.9211014176752376,198,199,198,"95% percentile, positive state-weighted multiplier bootstrap; Firth re-estimated; fixed preprocessing/LGD/portfolio/scenarios",log odds; numeric coefficients on train-standardized feature scale; categorical versus stated training reference,recorded charge-off within 36 months,Retrospective conditional validation using realized macro paths.,Term-free primary specification
layer2,ProjectState_AZ,0.5914021579863551,0.284679956027744,0.6862817066874227,198,199,198,"95% percentile, positive state-weighted multiplier bootstrap; Firth re-estimated; fixed preprocessing/LGD/portfolio/scenarios",log odds; numeric coefficients on train-standardized feature scale; categorical versus stated training reference,recorded charge-off within 36 months,Retrospective conditional validation using realized macro paths.,Term-free primary specification
layer2,ProjectState_CA,0.9177434596102312,0.6075111884012536,0.9638535808845,198,199,198,"95% percentile, positive state-weighted multiplier bootstrap; Firth re-estimated; fixed preprocessing/LGD/portfolio/scenarios",log odds; numeric coefficients on train-standardized feature scale; categorical versus stated training reference,recorded charge-off within 36 months,Retrospective conditional validation using realized macro paths.,Term-free primary specification
layer2,ProjectState_CO,0.777504493414185,0.4986827540004799,0.9250227157238295,198,199,198,"95% percentile, positive state-weighted multiplier bootstrap; Firth re-estimated; fixed preprocessing/LGD/portfolio/scenarios",log odds; numeric coefficients on train-standardized feature scale; categorical versus stated training reference,recorded charge-off within 36 months,Retrospective conditional validation using realized macro paths.,Term-free primary specification
layer2,ProjectState_CT,0.4324044576988493,0.1325051343192228,0.5718380564452213,198,199,198,"95% percentile, positive state-weighted multiplier bootstrap; Firth re-estimated; fixed preprocessing/LGD/portfolio/scenarios",log odds; numeric coefficients on train-standardized feature scale; categorical versus stated training reference,recorded charge-off within 36 months,Retrospective conditional validation using realized macro paths.,Term-free primary specification
layer2,ProjectState_DC,1.1907163418905022,0.890769792778658,1.301441223936736,198,199,198,"95% percentile, positive state-weighted multiplier bootstrap; Firth re-estimated; fixed preprocessing/LGD/portfolio/scenarios",log odds; numeric coefficients on train-standardized feature scale; categorical versus stated training reference,recorded charge-off within 36 months,Retrospective conditional validation using realized macro paths.,Term-free primary specification
layer2,ProjectState_DE,0.4238224154517602,0.1431918945073334,0.6437254549731541,198,199,198,"95% percentile, positive state-weighted multiplier bootstrap; Firth re-estimated; fixed preprocessing/LGD/portfolio/scenarios",log odds; numeric coefficients on train-standardized feature scale; categorical versus stated training reference,recorded charge-off within 36 months,Retrospective conditional validation using realized macro paths.,Term-free primary specification
layer2,ProjectState_FL,1.0132989282813392,0.7059106687262285,1.1017725809995107,198,199,198,"95% percentile, positive state-weighted multiplier bootstrap; Firth re-estimated; fixed preprocessing/LGD/portfolio/scenarios",log odds; numeric coefficients on train-standardized feature scale; categorical versus stated training reference,recorded charge-off within 36 months,Retrospective conditional validation using realized macro paths.,Term-free primary specification
layer2,ProjectState_GA,1.1712628792658524,0.856684533301144,1.277044904840793,198,199,198,"95% percentile, positive state-weighted multiplier bootstrap; Firth re-estimated; fixed preprocessing/LGD/portfolio/scenarios",log odds; numeric coefficients on train-standardized feature scale; categorical versus stated training reference,recorded charge-off within 36 months,Retrospective conditional validation using realized macro paths.,Term-free primary specification
layer2,ProjectState_HI,0.287710279996479,-0.0141361823408042,0.488192989258132,198,199,198,"95% percentile, positive state-weighted multiplier bootstrap; Firth re-estimated; fixed preprocessing/LGD/portfolio/scenarios",log odds; numeric coefficients on train-standardized feature scale; categorical versus stated training reference,recorded charge-off within 36 months,Retrospective conditional validation using realized macro paths.,Term-free primary specification
layer2,ProjectState_IA,0.5598594006708518,0.2469302340827561,0.7514137653557356,198,199,198,"95% percentile, positive state-weighted multiplier bootstrap; Firth re-estimated; fixed preprocessing/LGD/portfolio/scenarios",log odds; numeric coefficients on train-standardized feature scale; categorical versus stated training reference,recorded charge-off within 36 months,Retrospective conditional validation using realized macro paths.,Term-free primary specification
layer2,ProjectState_ID,0.5141001711922528,0.2206651006095538,0.6360569597445614,198,199,198,"95% percentile, positive state-weighted multiplier bootstrap; Firth re-estimated; fixed preprocessing/LGD/portfolio/scenarios",log odds; numeric coefficients on train-standardized feature scale; categorical versus stated training reference,recorded charge-off within 36 months,Retrospective conditional validation using realized macro paths.,Term-free primary specification
layer2,ProjectState_IL,0.8363473901238865,0.5327066971036457,0.9113265461893122,198,199,198,"95% percentile, positive state-weighted multiplier bootstrap; Firth re-estimated; fixed preprocessing/LGD/portfolio/scenarios",log odds; numeric coefficients on train-standardized feature scale; categorical versus stated training reference,recorded charge-off within 36 months,Retrospective conditional validation using realized macro paths.,Term-free primary specification
layer2,ProjectState_IN,0.3441705307149812,0.0516463064852436,0.4596413666950014,198,199,198,"95% percentile, positive state-weighted multiplier bootstrap; Firth re-estimated; fixed preprocessing/LGD/portfolio/scenarios",log odds; numeric coefficients on train-standardized feature scale; categorical versus stated training reference,recorded charge-off within 36 months,Retrospective conditional validation using realized macro paths.,Term-free primary specification
layer2,ProjectState_KS,0.6498880747539454,0.3581807622177831,0.796771251657071,198,199,198,"95% percentile, positive state-weighted multiplier bootstrap; Firth re-estimated; fixed preprocessing/LGD/portfolio/scenarios",log odds; numeric coefficients on train-standardized feature scale; categorical versus stated training reference,recorded charge-off within 36 months,Retrospective conditional validation using realized macro paths.,Term-free primary specification
layer2,ProjectState_KY,0.6769449855961222,0.3589933877626663,0.7635465330551209,198,199,198,"95% percentile, positive state-weighted multiplier bootstrap; Firth re-estimated; fixed preprocessing/LGD/portfolio/scenarios",log odds; numeric coefficients on train-standardized feature scale; categorical versus stated training reference,recorded charge-off within 36 months,Retrospective conditional validation using realized macro paths.,Term-free primary specification
layer2,ProjectState_LA,0.509422207657724,0.2395851302030695,0.6272211312455072,198,199,198,"95% percentile, positive state-weighted multiplier bootstrap; Firth re-estimated; fixed preprocessing/LGD/portfolio/scenarios",log odds; numeric coefficients on train-standardized feature scale; categorical versus stated training reference,recorded charge-off within 36 months,Retrospective conditional validation using realized macro paths.,Term-free primary specification
layer2,ProjectState_MA,0.2448410549565863,-0.0518105183865056,0.3955533602744492,198,199,198,"95% percentile, positive state-weighted multiplier bootstrap; Firth re-estimated; fixed preprocessing/LGD/portfolio/scenarios",log odds; numeric coefficients on train-standardized feature scale; categorical versus stated training reference,recorded charge-off within 36 months,Retrospective conditional validation using realized macro paths.,Term-free primary specification
layer2,ProjectState_MD,0.5714920535939448,0.2874738572330018,0.7250804747375039,198,199,198,"95% percentile, positive state-weighted multiplier bootstrap; Firth re-estimated; fixed preprocessing/LGD/portfolio/scenarios",log odds; numeric coefficients on train-standardized feature scale; categorical versus stated training reference,recorded charge-off within 36 months,Retrospective conditional validation using realized macro paths.,Term-free primary specification
layer2,ProjectState_ME,0.2345806069079523,-0.0789792107424667,0.3661612167525973,198,199,198,"95% percentile, positive state-weighted multiplier bootstrap; Firth re-estimated; fixed preprocessing/LGD/portfolio/scenarios",log odds; numeric coefficients on train-standardized feature scale; categorical versus stated training reference,recorded charge-off within 36 months,Retrospective conditional validation using realized macro paths.,Term-free primary specification
layer2,ProjectState_MI,0.4446791577011842,0.1409260833561556,0.5051281945961744,198,199,198,"95% percentile, positive state-weighted multiplier bootstrap; Firth re-estimated; fixed preprocessing/LGD/portfolio/scenarios",log odds; numeric coefficients on train-standardized feature scale; categorical versus stated training reference,recorded charge-off within 36 months,Retrospective conditional validation using realized macro paths.,Term-free primary specification
layer2,ProjectState_MN,0.4391458306778549,0.1508612548310814,0.5913985695073611,198,199,198,"95% percentile, positive state-weighted multiplier bootstrap; Firth re-estimated; fixed preprocessing/LGD/portfolio/scenarios",log odds; numeric coefficients on train-standardized feature scale; categorical versus stated training reference,recorded charge-off within 36 months,Retrospective conditional validation using realized macro paths.,Term-free primary specification
layer2,ProjectState_MO,0.6652929684943447,0.3636239679048288,0.7651949414737376,198,199,198,"95% percentile, positive state-weighted multiplier bootstrap; Firth re-estimated; fixed preprocessing/LGD/portfolio/scenarios",log odds; numeric coefficients on train-standardized feature scale; categorical versus stated training reference,recorded charge-off within 36 months,Retrospective conditional validation using realized macro paths.,Term-free primary specification
layer2,ProjectState_MS,0.7625747141117106,0.449973799197889,0.8337660090200637,198,199,198,"95% percentile, positive state-weighted multiplier bootstrap; Firth re-estimated; fixed preprocessing/LGD/portfolio/scenarios",log odds; numeric coefficients on train-standardized feature scale; categorical versus stated training reference,recorded charge-off within 36 months,Retrospective conditional validation using realized macro paths.,Term-free primary specification
layer2,ProjectState_MT,0.1799599037533439,-0.1277058942721301,0.314332086305292,198,199,198,"95% percentile, positive state-weighted multiplier bootstrap; Firth re-estimated; fixed preprocessing/LGD/portfolio/scenarios",log odds; numeric coefficients on train-standardized feature scale; categorical versus stated training reference,recorded charge-off within 36 months,Retrospective conditional validation using realized macro paths.,Term-free primary specification
layer2,ProjectState_NC,0.5602226750703508,0.2515856037209421,0.6609530664730495,198,199,198,"95% percentile, positive state-weighted multiplier bootstrap; Firth re-estimated; fixed preprocessing/LGD/portfolio/scenarios",log odds; numeric coefficients on train-standardized feature scale; categorical versus stated training reference,recorded charge-off within 36 months,Retrospective conditional validation using realized macro paths.,Term-free primary specification
layer2,ProjectState_ND,0.1712037600989923,-0.1253540961987669,0.4298442700041616,198,199,198,"95% percentile, positive state-weighted multiplier bootstrap; Firth re-estimated; fixed preprocessing/LGD/portfolio/scenarios",log odds; numeric coefficients on train-standardized feature scale; categorical versus stated training reference,recorded charge-off within 36 months,Retrospective conditional validation using realized macro paths.,Term-free primary specification
layer2,ProjectState_NE,0.2926185159417013,-0.0462387716049263,0.5382178245509703,198,199,198,"95% percentile, positive state-weighted multiplier bootstrap; Firth re-estimated; fixed preprocessing/LGD/portfolio/scenarios",log odds; numeric coefficients on train-standardized feature scale; categorical versus stated training reference,recorded charge-off within 36 months,Retrospective conditional validation using realized macro paths.,Term-free primary specification
layer2,ProjectState_NH,0.0508305000213432,-0.2609113029329947,0.2656818788200634,198,199,198,"95% percentile, positive state-weighted multiplier bootstrap; Firth re-estimated; fixed preprocessing/LGD/portfolio/scenarios",log odds; numeric coefficients on train-standardized feature scale; categorical versus stated training reference,recorded charge-off within 36 months,Retrospective conditional validation using realized macro paths.,Term-free primary specification
layer2,ProjectState_NJ,0.8573491782898902,0.5386679966503157,0.9870456492290168,198,199,198,"95% percentile, positive state-weighted multiplier bootstrap; Firth re-estimated; fixed preprocessing/LGD/portfolio/scenarios",log odds; numeric coefficients on train-standardized feature scale; categorical versus stated training reference,recorded charge-off within 36 months,Retrospective conditional validation using realized macro paths.,Term-free primary specification
layer2,ProjectState_NM,0.6075013787938276,0.2753418420450957,0.7062648025217181,198,199,198,"95% percentile, positive state-weighted multiplier bootstrap; Firth re-estimated; fixed preprocessing/LGD/portfolio/scenarios",log odds; numeric coefficients on train-standardized feature scale; categorical versus stated training reference,recorded charge-off within 36 months,Retrospective conditional validation using realized macro paths.,Term-free primary specification
layer2,ProjectState_NV,0.8463426076347147,0.5288694439017423,0.9128338009320854,198,199,198,"95% percentile, positive state-weighted multiplier bootstrap; Firth re-estimated; fixed preprocessing/LGD/portfolio/scenarios",log odds; numeric coefficients on train-standardized feature scale; categorical versus stated training reference,recorded charge-off within 36 months,Retrospective conditional validation using realized macro paths.,Term-free primary specification
layer2,ProjectState_NY,0.8466340433172045,0.5329035247321444,0.9624777729385198,198,199,198,"95% percentile, positive state-weighted multiplier bootstrap; Firth re-estimated; fixed preprocessing/LGD/portfolio/scenarios",log odds; numeric coefficients on train-standardized feature scale; categorical versus stated training reference,recorded charge-off within 36 months,Retrospective conditional validation using realized macro paths.,Term-free primary specification
layer2,ProjectState_OH,0.2171756065019901,-0.1119864846080093,0.3044495265889004,198,199,198,"95% percentile, positive state-weighted multiplier bootstrap; Firth re-estimated; fixed preprocessing/LGD/portfolio/scenarios",log odds; numeric coefficients on train-standardized feature scale; categorical versus stated training reference,recorded charge-off within 36 months,Retrospective conditional validation using realized macro paths.,Term-free primary specification
layer2,ProjectState_OK,0.9422067957592276,0.6576002513610669,1.120091494916058,198,199,198,"95% percentile, positive state-weighted multiplier bootstrap; Firth re-estimated; fixed preprocessing/LGD/portfolio/scenarios",log odds; numeric coefficients on train-standardized feature scale; categorical versus stated training reference,recorded charge-off within 36 months,Retrospective conditional validation using realized macro paths.,Term-free primary specification
layer2,ProjectState_OR,0.5021672585563197,0.1717069079542965,0.5472636729304398,198,199,198,"95% percentile, positive state-weighted multiplier bootstrap; Firth re-estimated; fixed preprocessing/LGD/portfolio/scenarios",log odds; numeric coefficients on train-standardized feature scale; categorical versus stated training reference,recorded charge-off within 36 months,Retrospective conditional validation using realized macro paths.,Term-free primary specification
layer2,ProjectState_PA,0.3090322554141205,-0.0052173479547762,0.4339833047518686,198,199,198,"95% percentile, positive state-weighted multiplier bootstrap; Firth re-estimated; fixed preprocessing/LGD/portfolio/scenarios",log odds; numeric coefficients on train-standardized feature scale; categorical versus stated training reference,recorded charge-off within 36 months,Retrospective conditional validation using realized macro paths.,Term-free primary specification
layer2,ProjectState_RI,0.1569250551735385,-0.1520719654306586,0.2417640698552911,198,199,198,"95% percentile, positive state-weighted multiplier bootstrap; Firth re-estimated; fixed preprocessing/LGD/portfolio/scenarios",log odds; numeric coefficients on train-standardized feature scale; categorical versus stated training reference,recorded charge-off within 36 months,Retrospective conditional validation using realized macro paths.,Term-free primary specification
layer2,ProjectState_SC,0.459009971092803,0.135344069712767,0.5339759168408033,198,199,198,"95% percentile, positive state-weighted multiplier bootstrap; Firth re-estimated; fixed preprocessing/LGD/portfolio/scenarios",log odds; numeric coefficients on train-standardized feature scale; categorical versus stated training reference,recorded charge-off within 36 months,Retrospective conditional validation using realized macro paths.,Term-free primary specification
layer2,ProjectState_SD,0.6399385918579913,0.3177372745001997,0.8787091199343773,198,199,198,"95% percentile, positive state-weighted multiplier bootstrap; Firth re-estimated; fixed preprocessing/LGD/portfolio/scenarios",log odds; numeric coefficients on train-standardized feature scale; categorical versus stated training reference,recorded charge-off within 36 months,Retrospective conditional validation using realized macro paths.,Term-free primary specification
layer2,ProjectState_TN,0.7134877687075107,0.3961020473310551,0.818538504586316,198,199,198,"95% percentile, positive state-weighted multiplier bootstrap; Firth re-estimated; fixed preprocessing/LGD/portfolio/scenarios",log odds; numeric coefficients on train-standardized feature scale; categorical versus stated training reference,recorded charge-off within 36 months,Retrospective conditional validation using realized macro paths.,Term-free primary specification
layer2,ProjectState_TX,0.9675861923444948,0.653756497351761,1.0687208443108602,198,199,198,"95% percentile, positive state-weighted multiplier bootstrap; Firth re-estimated; fixed preprocessing/LGD/portfolio/scenarios",log odds; numeric coefficients on train-standardized feature scale; categorical versus stated training reference,recorded charge-off within 36 months,Retrospective conditional validation using realized macro paths.,Term-free primary specification
layer2,ProjectState_UT,0.6328479533175648,0.3411458929808045,0.8205204598976956,198,199,198,"95% percentile, positive state-weighted multiplier bootstrap; Firth re-estimated; fixed preprocessing/LGD/portfolio/scenarios",log odds; numeric coefficients on train-standardized feature scale; categorical versus stated training reference,recorded charge-off within 36 months,Retrospective conditional validation using realized macro paths.,Term-free primary specification
layer2,ProjectState_VA,0.748687319028239,0.4518856300659505,0.9456527588872594,198,199,198,"95% percentile, positive state-weighted multiplier bootstrap; Firth re-estimated; fixed preprocessing/LGD/portfolio/scenarios",log odds; numeric coefficients on train-standardized feature scale; categorical versus stated training reference,recorded charge-off within 36 months,Retrospective conditional validation using realized macro paths.,Term-free primary specification
layer2,ProjectState_VT,0.0146176029331156,-0.2902996571597299,0.2195158869991647,198,199,198,"95% percentile, positive state-weighted multiplier bootstrap; Firth re-estimated; fixed preprocessing/LGD/portfolio/scenarios",log odds; numeric coefficients on train-standardized feature scale; categorical versus stated training reference,recorded charge-off within 36 months,Retrospective conditional validation using realized macro paths.,Term-free primary specification
layer2,ProjectState_WA,0.5570765103767046,0.2105800830446064,0.6216488750539613,198,199,198,"95% percentile, positive state-weighted multiplier bootstrap; Firth re-estimated; fixed preprocessing/LGD/portfolio/scenarios",log odds; numeric coefficients on train-standardized feature scale; categorical versus stated training reference,recorded charge-off within 36 months,Retrospective conditional validation using realized macro paths.,Term-free primary specification
layer2,ProjectState_WI,0.19736205818117,-0.0954645769304871,0.3314841697249731,198,199,198,"95% percentile, positive state-weighted multiplier bootstrap; Firth re-estimated; fixed preprocessing/LGD/portfolio/scenarios",log odds; numeric coefficients on train-standardized feature scale; categorical versus stated training reference,recorded charge-off within 36 months,Retrospective conditional validation using realized macro paths.,Term-free primary specification
layer2,ProjectState_WV,1.143349222630177,0.8129179347480167,1.2177020576124888,198,199,198,"95% percentile, positive state-weighted multiplier bootstrap; Firth re-estimated; fixed preprocessing/LGD/portfolio/scenarios",log odds; numeric coefficients on train-standardized feature scale; categorical versus stated training reference,recorded charge-off within 36 months,Retrospective conditional validation using realized macro paths.,Term-free primary specification
layer2,ProjectState_WY,0.5309353020340712,0.2143477051235045,0.6897582846120703,198,199,198,"95% percentile, positive state-weighted multiplier bootstrap; Firth re-estimated; fixed preprocessing/LGD/portfolio/scenarios",log odds; numeric coefficients on train-standardized feature scale; categorical versus stated training reference,recorded charge-off within 36 months,Retrospective conditional validation using realized macro paths.,Term-free primary specification
layer2_term,intercept,-6.028129317219714,-6.446995352455062,-5.573078127850885,197,199,197,"95% percentile, positive state-weighted multiplier bootstrap; Firth re-estimated; fixed preprocessing/LGD/portfolio/scenarios",log odds; numeric coefficients on train-standardized feature scale; categorical versus stated training reference,recorded charge-off within 36 months,Retrospective conditional validation using realized macro paths.,With-Term sensitivity; reported-term timing unverified
layer2_term,log_approval,-0.1849256526724029,-0.2206089493509987,-0.1322071240254548,197,199,197,"95% percentile, positive state-weighted multiplier bootstrap; Firth re-estimated; fixed preprocessing/LGD/portfolio/scenarios",log odds; numeric coefficients on train-standardized feature scale; categorical versus stated training reference,recorded charge-off within 36 months,Retrospective conditional validation using realized macro paths.,With-Term sensitivity; reported-term timing unverified
layer2_term,guarantee_share,-0.0968199990734286,-0.1675681089237726,-0.0153628666097765,197,199,197,"95% percentile, positive state-weighted multiplier bootstrap; Firth re-estimated; fixed preprocessing/LGD/portfolio/scenarios",log odds; numeric coefficients on train-standardized feature scale; categorical versus stated training reference,recorded charge-off within 36 months,Retrospective conditional validation using realized macro paths.,With-Term sensitivity; reported-term timing unverified
layer2_term,log_jobs,0.0283588155140012,0.0100134998521757,0.0462601207533346,197,199,197,"95% percentile, positive state-weighted multiplier bootstrap; Firth re-estimated; fixed preprocessing/LGD/portfolio/scenarios",log odds; numeric coefficients on train-standardized feature scale; categorical versus stated training reference,recorded charge-off within 36 months,Retrospective conditional validation using realized macro paths.,With-Term sensitivity; reported-term timing unverified
layer2_term,TermInMonths,-0.9313372834341346,-1.0209888287409954,-0.8493289620375897,197,199,197,"95% percentile, positive state-weighted multiplier bootstrap; Firth re-estimated; fixed preprocessing/LGD/portfolio/scenarios",log odds; numeric coefficients on train-standardized feature scale; categorical versus stated training reference,recorded charge-off within 36 months,Retrospective conditional validation using realized macro paths.,With-Term sensitivity; reported-term timing unverified
layer2_term,u0,-0.0494984553813844,-0.1352141302032579,0.0332926118350634,197,199,197,"95% percentile, positive state-weighted multiplier bootstrap; Firth re-estimated; fixed preprocessing/LGD/portfolio/scenarios",log odds; numeric coefficients on train-standardized feature scale; categorical versus stated training reference,recorded charge-off within 36 months,Retrospective conditional validation using realized macro paths.,With-Term sensitivity; reported-term timing unverified
layer2_term,du,0.1647459863060943,0.0972938133170655,0.2222402405871916,197,199,197,"95% percentile, positive state-weighted multiplier bootstrap; Firth re-estimated; fixed preprocessing/LGD/portfolio/scenarios",log odds; numeric coefficients on train-standardized feature scale; categorical versus stated training reference,recorded charge-off within 36 months,Retrospective conditional validation using realized macro paths.,With-Term sensitivity; reported-term timing unverified
layer2_term,h0,-0.1574072365945875,-0.1797739923200589,-0.1321107898110631,197,199,197,"95% percentile, positive state-weighted multiplier bootstrap; Firth re-estimated; fixed preprocessing/LGD/portfolio/scenarios",log odds; numeric coefficients on train-standardized feature scale; categorical versus stated training reference,recorded charge-off within 36 months,Retrospective conditional validation using realized macro paths.,With-Term sensitivity; reported-term timing unverified
layer2_term,dh,-0.1930051447519152,-0.2876974404995755,-0.1504977452892459,197,199,197,"95% percentile, positive state-weighted multiplier bootstrap; Firth re-estimated; fixed preprocessing/LGD/portfolio/scenarios",log odds; numeric coefficients on train-standardized feature scale; categorical versus stated training reference,recorded charge-off within 36 months,Retrospective conditional validation using realized macro paths.,With-Term sensitivity; reported-term timing unverified
layer2_term,year_trend,0.066334283093735,-0.0060267854403536,0.1253658016365144,197,199,197,"95% percentile, positive state-weighted multiplier bootstrap; Firth re-estimated; fixed preprocessing/LGD/portfolio/scenarios",log odds; numeric coefficients on train-standardized feature scale; categorical versus stated training reference,recorded charge-off within 36 months,Retrospective conditional validation using realized macro paths.,With-Term sensitivity; reported-term timing unverified
layer2_term,ProcessingMethod_7a with EWCP,-1.3745467274560064,-1.635744764022287,-1.1106474759481555,197,199,197,"95% percentile, positive state-weighted multiplier bootstrap; Firth re-estimated; fixed preprocessing/LGD/portfolio/scenarios",log odds; numeric coefficients on train-standardized feature scale; categorical versus stated training reference,recorded charge-off within 36 months,Retrospective conditional validation using realized macro paths.,With-Term sensitivity; reported-term timing unverified
layer2_term,ProcessingMethod_Certified Lenders Program,-0.1116720155536815,-0.1971515267447255,-0.0272829295355691,197,199,197,"95% percentile, positive state-weighted multiplier bootstrap; Firth re-estimated; fixed preprocessing/LGD/portfolio/scenarios",log odds; numeric coefficients on train-standardized feature scale; categorical versus stated training reference,recorded charge-off within 36 months,Retrospective conditional validation using realized macro paths.,With-Term sensitivity; reported-term timing unverified
layer2_term,ProcessingMethod_Community Express,0.8797147182014445,0.7537261007940347,1.0712448251988544,197,199,197,"95% percentile, positive state-weighted multiplier bootstrap; Firth re-estimated; fixed preprocessing/LGD/portfolio/scenarios",log odds; numeric coefficients on train-standardized feature scale; categorical versus stated training reference,recorded charge-off within 36 months,Retrospective conditional validation using realized macro paths.,With-Term sensitivity; reported-term timing unverified
layer2_term,ProcessingMethod_Export Express,0.0673795818150745,-0.251551809474996,0.4682478796130324,197,199,197,"95% percentile, positive state-weighted multiplier bootstrap; Firth re-estimated; fixed preprocessing/LGD/portfolio/scenarios",log odds; numeric coefficients on train-standardized feature scale; categorical versus stated training reference,recorded charge-off within 36 months,Retrospective conditional validation using realized macro paths.,With-Term sensitivity; reported-term timing unverified
layer2_term,ProcessingMethod_Gulf Opportunity Pilot Loan Program,-0.1670797629700965,-0.4515624439157325,0.1137364567335752,197,199,197,"95% percentile, positive state-weighted multiplier bootstrap; Firth re-estimated; fixed preprocessing/LGD/portfolio/scenarios",log odds; numeric coefficients on train-standardized feature scale; categorical versus stated training reference,recorded charge-off within 36 months,Retrospective conditional validation using realized macro paths.,With-Term sensitivity; reported-term timing unverified
layer2_term,ProcessingMethod_International Trade Loans,-0.4821782579572192,-0.7620389343692137,-0.2915805989313221,197,199,197,"95% percentile, positive state-weighted multiplier bootstrap; Firth re-estimated; fixed preprocessing/LGD/portfolio/scenarios",log odds; numeric coefficients on train-standardized feature scale; categorical versus stated training reference,recorded charge-off within 36 months,Retrospective conditional validation using realized macro paths.,With-Term sensitivity; reported-term timing unverified
layer2_term,ProcessingMethod_Low Documentation Program,0.2586912201192489,0.1920277231811764,0.3416567772487658,197,199,197,"95% percentile, positive state-weighted multiplier bootstrap; Firth re-estimated; fixed preprocessing/LGD/portfolio/scenarios",log odds; numeric coefficients on train-standardized feature scale; categorical versus stated training reference,recorded charge-off within 36 months,Retrospective conditional validation using realized macro paths.,With-Term sensitivity; reported-term timing unverified
layer2_term,ProcessingMethod_Other,-0.0916080097267902,-0.5565062745535476,0.3890253779519854,197,199,197,"95% percentile, positive state-weighted multiplier bootstrap; Firth re-estimated; fixed preprocessing/LGD/portfolio/scenarios",log odds; numeric coefficients on train-standardized feature scale; categorical versus stated training reference,recorded charge-off within 36 months,Retrospective conditional validation using realized macro paths.,With-Term sensitivity; reported-term timing unverified
layer2_term,ProcessingMethod_Patriot Express Loans,0.5943603529700532,0.4627576068341655,0.6985408188024009,197,199,197,"95% percentile, positive state-weighted multiplier bootstrap; Firth re-estimated; fixed preprocessing/LGD/portfolio/scenarios",log odds; numeric coefficients on train-standardized feature scale; categorical versus stated training reference,recorded charge-off within 36 months,Retrospective conditional validation using realized macro paths.,With-Term sensitivity; reported-term timing unverified
layer2_term,ProcessingMethod_Preferred Lenders Program,-0.1607898147705236,-0.2479633730492475,-0.0541341578702634,197,199,197,"95% percentile, positive state-weighted multiplier bootstrap; Firth re-estimated; fixed preprocessing/LGD/portfolio/scenarios",log odds; numeric coefficients on train-standardized feature scale; categorical versus stated training reference,recorded charge-off within 36 months,Retrospective conditional validation using realized macro paths.,With-Term sensitivity; reported-term timing unverified
layer2_term,ProcessingMethod_Rural Loan Initiative,-0.4217252576957245,-0.8424289524310997,-0.0708779106596582,197,199,197,"95% percentile, positive state-weighted multiplier bootstrap; Firth re-estimated; fixed preprocessing/LGD/portfolio/scenarios",log odds; numeric coefficients on train-standardized feature scale; categorical versus stated training reference,recorded charge-off within 36 months,Retrospective conditional validation using realized macro paths.,With-Term sensitivity; reported-term timing unverified
layer2_term,ProcessingMethod_SBA Express Program,-0.1266692164160277,-0.3453887850762217,0.1296948649775345,197,199,197,"95% percentile, positive state-weighted multiplier bootstrap; Firth re-estimated; fixed preprocessing/LGD/portfolio/scenarios",log odds; numeric coefficients on train-standardized feature scale; categorical versus stated training reference,recorded charge-off within 36 months,Retrospective conditional validation using realized macro paths.,With-Term sensitivity; reported-term timing unverified
layer2_term,FixedorVariableInterestInd_V,0.8177620281982959,0.6457518191369822,0.9776814064018582,197,199,197,"95% percentile, positive state-weighted multiplier bootstrap; Firth re-estimated; fixed preprocessing/LGD/portfolio/scenarios",log odds; numeric coefficients on train-standardized feature scale; categorical versus stated training reference,recorded charge-off within 36 months,Retrospective conditional validation using realized macro paths.,With-Term sensitivity; reported-term timing unverified
layer2_term,FixedorVariableInterestInd___missing__,1.0975203361229449,0.8494214547609517,1.3018478696860805,197,199,197,"95% percentile, positive state-weighted multiplier bootstrap; Firth re-estimated; fixed preprocessing/LGD/portfolio/scenarios",log odds; numeric coefficients on train-standardized feature scale; categorical versus stated training reference,recorded charge-off within 36 months,Retrospective conditional validation using realized macro paths.,With-Term sensitivity; reported-term timing unverified
layer2_term,naics2_21,0.4325701302243286,0.0812897261976298,0.7841258350943426,197,199,197,"95% percentile, positive state-weighted multiplier bootstrap; Firth re-estimated; fixed preprocessing/LGD/portfolio/scenarios",log odds; numeric coefficients on train-standardized feature scale; categorical versus stated training reference,recorded charge-off within 36 months,Retrospective conditional validation using realized macro paths.,With-Term sensitivity; reported-term timing unverified
layer2_term,naics2_23,0.8317328991840311,0.5962251318069012,1.0768842843916715,197,199,197,"95% percentile, positive state-weighted multiplier bootstrap; Firth re-estimated; fixed preprocessing/LGD/portfolio/scenarios",log odds; numeric coefficients on train-standardized feature scale; categorical versus stated training reference,recorded charge-off within 36 months,Retrospective conditional validation using realized macro paths.,With-Term sensitivity; reported-term timing unverified
layer2_term,naics2_31,0.932082037929711,0.696936950635016,1.164874084465433,197,199,197,"95% percentile, positive state-weighted multiplier bootstrap; Firth re-estimated; fixed preprocessing/LGD/portfolio/scenarios",log odds; numeric coefficients on train-standardized feature scale; categorical versus stated training reference,recorded charge-off within 36 months,Retrospective conditional validation using realized macro paths.,With-Term sensitivity; reported-term timing unverified
layer2_term,naics2_32,0.7504580071169746,0.4751473768059535,1.0137055485084565,197,199,197,"95% percentile, positive state-weighted multiplier bootstrap; Firth re-estimated; fixed preprocessing/LGD/portfolio/scenarios",log odds; numeric coefficients on train-standardized feature scale; categorical versus stated training reference,recorded charge-off within 36 months,Retrospective conditional validation using realized macro paths.,With-Term sensitivity; reported-term timing unverified
layer2_term,naics2_33,0.6786805810331912,0.4678084185256919,0.9061023134037391,197,199,197,"95% percentile, positive state-weighted multiplier bootstrap; Firth re-estimated; fixed preprocessing/LGD/portfolio/scenarios",log odds; numeric coefficients on train-standardized feature scale; categorical versus stated training reference,recorded charge-off within 36 months,Retrospective conditional validation using realized macro paths.,With-Term sensitivity; reported-term timing unverified
layer2_term,naics2_42,1.0505378637724176,0.7289561397184766,1.327976128508557,197,199,197,"95% percentile, positive state-weighted multiplier bootstrap; Firth re-estimated; fixed preprocessing/LGD/portfolio/scenarios",log odds; numeric coefficients on train-standardized feature scale; categorical versus stated training reference,recorded charge-off within 36 months,Retrospective conditional validation using realized macro paths.,With-Term sensitivity; reported-term timing unverified
layer2_term,naics2_44,1.0283052007771023,0.807023174009754,1.2602975785052075,197,199,197,"95% percentile, positive state-weighted multiplier bootstrap; Firth re-estimated; fixed preprocessing/LGD/portfolio/scenarios",log odds; numeric coefficients on train-standardized feature scale; categorical versus stated training reference,recorded charge-off within 36 months,Retrospective conditional validation using realized macro paths.,With-Term sensitivity; reported-term timing unverified
layer2_term,naics2_45,1.0466502018446924,0.8212818621731007,1.2782879188783445,197,199,197,"95% percentile, positive state-weighted multiplier bootstrap; Firth re-estimated; fixed preprocessing/LGD/portfolio/scenarios",log odds; numeric coefficients on train-standardized feature scale; categorical versus stated training reference,recorded charge-off within 36 months,Retrospective conditional validation using realized macro paths.,With-Term sensitivity; reported-term timing unverified
layer2_term,naics2_48,0.9537901186804764,0.7213378551517342,1.2294545162581818,197,199,197,"95% percentile, positive state-weighted multiplier bootstrap; Firth re-estimated; fixed preprocessing/LGD/portfolio/scenarios",log odds; numeric coefficients on train-standardized feature scale; categorical versus stated training reference,recorded charge-off within 36 months,Retrospective conditional validation using realized macro paths.,With-Term sensitivity; reported-term timing unverified
layer2_term,naics2_49,0.9124279202184432,0.6390740592273256,1.1879706931091527,197,199,197,"95% percentile, positive state-weighted multiplier bootstrap; Firth re-estimated; fixed preprocessing/LGD/portfolio/scenarios",log odds; numeric coefficients on train-standardized feature scale; categorical versus stated training reference,recorded charge-off within 36 months,Retrospective conditional validation using realized macro paths.,With-Term sensitivity; reported-term timing unverified
layer2_term,naics2_51,0.914847409982764,0.6779951998028116,1.1537934508468557,197,199,197,"95% percentile, positive state-weighted multiplier bootstrap; Firth re-estimated; fixed preprocessing/LGD/portfolio/scenarios",log odds; numeric coefficients on train-standardized feature scale; categorical versus stated training reference,recorded charge-off within 36 months,Retrospective conditional validation using realized macro paths.,With-Term sensitivity; reported-term timing unverified
layer2_term,naics2_52,0.959851642622458,0.7218702565915509,1.1849285767454032,197,199,197,"95% percentile, positive state-weighted multiplier bootstrap; Firth re-estimated; fixed preprocessing/LGD/portfolio/scenarios",log odds; numeric coefficients on train-standardized feature scale; categorical versus stated training reference,recorded charge-off within 36 months,Retrospective conditional validation using realized macro paths.,With-Term sensitivity; reported-term timing unverified
layer2_term,naics2_53,1.1738619493210665,0.8769263660097965,1.4634379946512774,197,199,197,"95% percentile, positive state-weighted multiplier bootstrap; Firth re-estimated; fixed preprocessing/LGD/portfolio/scenarios",log odds; numeric coefficients on train-standardized feature scale; categorical versus stated training reference,recorded charge-off within 36 months,Retrospective conditional validation using realized macro paths.,With-Term sensitivity; reported-term timing unverified
layer2_term,naics2_54,0.7100880394149853,0.4280108735525306,0.9794297078938936,197,199,197,"95% percentile, positive state-weighted multiplier bootstrap; Firth re-estimated; fixed preprocessing/LGD/portfolio/scenarios",log odds; numeric coefficients on train-standardized feature scale; categorical versus stated training reference,recorded charge-off within 36 months,Retrospective conditional validation using realized macro paths.,With-Term sensitivity; reported-term timing unverified
layer2_term,naics2_56,0.7962075447206391,0.5664288980259835,1.050759379904938,197,199,197,"95% percentile, positive state-weighted multiplier bootstrap; Firth re-estimated; fixed preprocessing/LGD/portfolio/scenarios",log odds; numeric coefficients on train-standardized feature scale; categorical versus stated training reference,recorded charge-off within 36 months,Retrospective conditional validation using realized macro paths.,With-Term sensitivity; reported-term timing unverified
layer2_term,naics2_61,0.7880546826067039,0.5364010962585614,1.0547267193289207,197,199,197,"95% percentile, positive state-weighted multiplier bootstrap; Firth re-estimated; fixed preprocessing/LGD/portfolio/scenarios",log odds; numeric coefficients on train-standardized feature scale; categorical versus stated training reference,recorded charge-off within 36 months,Retrospective conditional validation using realized macro paths.,With-Term sensitivity; reported-term timing unverified
layer2_term,naics2_62,0.3023651395011103,0.0683402843281692,0.5387267215691881,197,199,197,"95% percentile, positive state-weighted multiplier bootstrap; Firth re-estimated; fixed preprocessing/LGD/portfolio/scenarios",log odds; numeric coefficients on train-standardized feature scale; categorical versus stated training reference,recorded charge-off within 36 months,Retrospective conditional validation using realized macro paths.,With-Term sensitivity; reported-term timing unverified
layer2_term,naics2_71,1.0620968469277696,0.8534650310720755,1.30177644098332,197,199,197,"95% percentile, positive state-weighted multiplier bootstrap; Firth re-estimated; fixed preprocessing/LGD/portfolio/scenarios",log odds; numeric coefficients on train-standardized feature scale; categorical versus stated training reference,recorded charge-off within 36 months,Retrospective conditional validation using realized macro paths.,With-Term sensitivity; reported-term timing unverified
layer2_term,naics2_72,1.03306090255866,0.8403715773303132,1.2589028690193982,197,199,197,"95% percentile, positive state-weighted multiplier bootstrap; Firth re-estimated; fixed preprocessing/LGD/portfolio/scenarios",log odds; numeric coefficients on train-standardized feature scale; categorical versus stated training reference,recorded charge-off within 36 months,Retrospective conditional validation using realized macro paths.,With-Term sensitivity; reported-term timing unverified
layer2_term,naics2_81,0.8329208420757269,0.625948607627062,1.0546620925563848,197,199,197,"95% percentile, positive state-weighted multiplier bootstrap; Firth re-estimated; fixed preprocessing/LGD/portfolio/scenarios",log odds; numeric coefficients on train-standardized feature scale; categorical versus stated training reference,recorded charge-off within 36 months,Retrospective conditional validation using realized macro paths.,With-Term sensitivity; reported-term timing unverified
layer2_term,naics2_Other,0.6508851903636509,0.2900047918277301,0.9858133028623104,197,199,197,"95% percentile, positive state-weighted multiplier bootstrap; Firth re-estimated; fixed preprocessing/LGD/portfolio/scenarios",log odds; numeric coefficients on train-standardized feature scale; categorical versus stated training reference,recorded charge-off within 36 months,Retrospective conditional validation using realized macro paths.,With-Term sensitivity; reported-term timing unverified
layer2_term,naics2___missing__,1.0652990525277717,0.8264677464733828,1.3173758439479788,197,199,197,"95% percentile, positive state-weighted multiplier bootstrap; Firth re-estimated; fixed preprocessing/LGD/portfolio/scenarios",log odds; numeric coefficients on train-standardized feature scale; categorical versus stated training reference,recorded charge-off within 36 months,Retrospective conditional validation using realized macro paths.,With-Term sensitivity; reported-term timing unverified
layer2_term,BusinessType_INDIVIDUAL,0.1866056116651997,0.1522608822253988,0.2272716726995061,197,199,197,"95% percentile, positive state-weighted multiplier bootstrap; Firth re-estimated; fixed preprocessing/LGD/portfolio/scenarios",log odds; numeric coefficients on train-standardized feature scale; categorical versus stated training reference,recorded charge-off within 36 months,Retrospective conditional validation using realized macro paths.,With-Term sensitivity; reported-term timing unverified
layer2_term,BusinessType_PARTNERSHIP,-0.2027764286702585,-0.2804577194021584,-0.106088118330102,197,199,197,"95% percentile, positive state-weighted multiplier bootstrap; Firth re-estimated; fixed preprocessing/LGD/portfolio/scenarios",log odds; numeric coefficients on train-standardized feature scale; categorical versus stated training reference,recorded charge-off within 36 months,Retrospective conditional validation using realized macro paths.,With-Term sensitivity; reported-term timing unverified
layer2_term,BusinessType___missing__,1.2447632413829333,0.9165428553131356,1.5699267748796712,197,199,197,"95% percentile, positive state-weighted multiplier bootstrap; Firth re-estimated; fixed preprocessing/LGD/portfolio/scenarios",log odds; numeric coefficients on train-standardized feature scale; categorical versus stated training reference,recorded charge-off within 36 months,Retrospective conditional validation using realized macro paths.,With-Term sensitivity; reported-term timing unverified
layer2_term,BusinessAge_Less than 3 years old but at least 2,0.245010515817083,0.1943861598085452,0.3004670169172025,197,199,197,"95% percentile, positive state-weighted multiplier bootstrap; Firth re-estimated; fixed preprocessing/LGD/portfolio/scenarios",log odds; numeric coefficients on train-standardized feature scale; categorical versus stated training reference,recorded charge-off within 36 months,Retrospective conditional validation using realized macro paths.,With-Term sensitivity; reported-term timing unverified
layer2_term,BusinessAge_Less than 4 years old but at least 3,-0.2835805889044653,-0.3403086784377871,-0.2007844381205747,197,199,197,"95% percentile, positive state-weighted multiplier bootstrap; Firth re-estimated; fixed preprocessing/LGD/portfolio/scenarios",log odds; numeric coefficients on train-standardized feature scale; categorical versus stated training reference,recorded charge-off within 36 months,Retrospective conditional validation using realized macro paths.,With-Term sensitivity; reported-term timing unverified
layer2_term,BusinessAge_Less than 5 years old but at least 4,0.3059505839602611,0.2064010546918315,0.3975920118733392,197,199,197,"95% percentile, positive state-weighted multiplier bootstrap; Firth re-estimated; fixed preprocessing/LGD/portfolio/scenarios",log odds; numeric coefficients on train-standardized feature scale; categorical versus stated training reference,recorded charge-off within 36 months,Retrospective conditional validation using realized macro paths.,With-Term sensitivity; reported-term timing unverified
layer2_term,"BusinessAge_New, Less than 1 Year old",-0.1176845853287609,-0.1680585676943365,-0.0687686643034543,197,199,197,"95% percentile, positive state-weighted multiplier bootstrap; Firth re-estimated; fixed preprocessing/LGD/portfolio/scenarios",log odds; numeric coefficients on train-standardized feature scale; categorical versus stated training reference,recorded charge-off within 36 months,Retrospective conditional validation using realized macro paths.,With-Term sensitivity; reported-term timing unverified
layer2_term,BusinessAge_Other,-1.64406084699993,-2.823806085014433,-0.2913324523813781,197,199,197,"95% percentile, positive state-weighted multiplier bootstrap; Firth re-estimated; fixed preprocessing/LGD/portfolio/scenarios",log odds; numeric coefficients on train-standardized feature scale; categorical versus stated training reference,recorded charge-off within 36 months,Retrospective conditional validation using realized macro paths.,With-Term sensitivity; reported-term timing unverified
layer2_term,"BusinessAge_Startup, Loan Funds will Open Business",-0.172570776047321,-0.2433328660287867,-0.1067777435745937,197,199,197,"95% percentile, positive state-weighted multiplier bootstrap; Firth re-estimated; fixed preprocessing/LGD/portfolio/scenarios",log odds; numeric coefficients on train-standardized feature scale; categorical versus stated training reference,recorded charge-off within 36 months,Retrospective conditional validation using realized macro paths.,With-Term sensitivity; reported-term timing unverified
layer2_term,BusinessAge_Unanswered,-0.0513121172557753,-0.1153398932681858,0.0137925830398242,197,199,197,"95% percentile, positive state-weighted multiplier bootstrap; Firth re-estimated; fixed preprocessing/LGD/portfolio/scenarios",log odds; numeric coefficients on train-standardized feature scale; categorical versus stated training reference,recorded charge-off within 36 months,Retrospective conditional validation using realized macro paths.,With-Term sensitivity; reported-term timing unverified
layer2_term,franchise_present,0.1030161226425209,0.017560494332299,0.1795655044303294,197,199,197,"95% percentile, positive state-weighted multiplier bootstrap; Firth re-estimated; fixed preprocessing/LGD/portfolio/scenarios",log odds; numeric coefficients on train-standardized feature scale; categorical versus stated training reference,recorded charge-off within 36 months,Retrospective conditional validation using realized macro paths.,With-Term sensitivity; reported-term timing unverified
layer2_term,loan_type_term,0.0570471874328682,-0.0736018308330542,0.2035021299012816,197,199,197,"95% percentile, positive state-weighted multiplier bootstrap; Firth re-estimated; fixed preprocessing/LGD/portfolio/scenarios",log odds; numeric coefficients on train-standardized feature scale; categorical versus stated training reference,recorded charge-off within 36 months,Retrospective conditional validation using realized macro paths.,With-Term sensitivity; reported-term timing unverified
layer2_term,ProjectState_AL,1.0667583203256137,0.7338350463488715,1.151240707639814,197,199,197,"95% percentile, positive state-weighted multiplier bootstrap; Firth re-estimated; fixed preprocessing/LGD/portfolio/scenarios",log odds; numeric coefficients on train-standardized feature scale; categorical versus stated training reference,recorded charge-off within 36 months,Retrospective conditional validation using realized macro paths.,With-Term sensitivity; reported-term timing unverified
layer2_term,ProjectState_AR,0.9711244532068434,0.641637561500523,1.0567627345930568,197,199,197,"95% percentile, positive state-weighted multiplier bootstrap; Firth re-estimated; fixed preprocessing/LGD/portfolio/scenarios",log odds; numeric coefficients on train-standardized feature scale; categorical versus stated training reference,recorded charge-off within 36 months,Retrospective conditional validation using realized macro paths.,With-Term sensitivity; reported-term timing unverified
layer2_term,ProjectState_AZ,0.8020067390055211,0.4645411968461088,0.8987341221265625,197,199,197,"95% percentile, positive state-weighted multiplier bootstrap; Firth re-estimated; fixed preprocessing/LGD/portfolio/scenarios",log odds; numeric coefficients on train-standardized feature scale; categorical versus stated training reference,recorded charge-off within 36 months,Retrospective conditional validation using realized macro paths.,With-Term sensitivity; reported-term timing unverified
layer2_term,ProjectState_CA,1.0647704123117707,0.756924221599539,1.1158640998570315,197,199,197,"95% percentile, positive state-weighted multiplier bootstrap; Firth re-estimated; fixed preprocessing/LGD/portfolio/scenarios",log odds; numeric coefficients on train-standardized feature scale; categorical versus stated training reference,recorded charge-off within 36 months,Retrospective conditional validation using realized macro paths.,With-Term sensitivity; reported-term timing unverified
layer2_term,ProjectState_CO,0.9735938617865147,0.6635925538792641,1.1035618686337212,197,199,197,"95% percentile, positive state-weighted multiplier bootstrap; Firth re-estimated; fixed preprocessing/LGD/portfolio/scenarios",log odds; numeric coefficients on train-standardized feature scale; categorical versus stated training reference,recorded charge-off within 36 months,Retrospective conditional validation using realized macro paths.,With-Term sensitivity; reported-term timing unverified
layer2_term,ProjectState_CT,0.5889292494052191,0.2483117722548926,0.7102536240542862,197,199,197,"95% percentile, positive state-weighted multiplier bootstrap; Firth re-estimated; fixed preprocessing/LGD/portfolio/scenarios",log odds; numeric coefficients on train-standardized feature scale; categorical versus stated training reference,recorded charge-off within 36 months,Retrospective conditional validation using realized macro paths.,With-Term sensitivity; reported-term timing unverified
layer2_term,ProjectState_DC,1.2449253343126987,0.9363048096243244,1.3531795515548113,197,199,197,"95% percentile, positive state-weighted multiplier bootstrap; Firth re-estimated; fixed preprocessing/LGD/portfolio/scenarios",log odds; numeric coefficients on train-standardized feature scale; categorical versus stated training reference,recorded charge-off within 36 months,Retrospective conditional validation using realized macro paths.,With-Term sensitivity; reported-term timing unverified
layer2_term,ProjectState_DE,0.5561482980579467,0.2517624857316701,0.7623922258309158,197,199,197,"95% percentile, positive state-weighted multiplier bootstrap; Firth re-estimated; fixed preprocessing/LGD/portfolio/scenarios",log odds; numeric coefficients on train-standardized feature scale; categorical versus stated training reference,recorded charge-off within 36 months,Retrospective conditional validation using realized macro paths.,With-Term sensitivity; reported-term timing unverified
layer2_term,ProjectState_FL,1.1958405576908058,0.8527907505241057,1.2802373500734336,197,199,197,"95% percentile, positive state-weighted multiplier bootstrap; Firth re-estimated; fixed preprocessing/LGD/portfolio/scenarios",log odds; numeric coefficients on train-standardized feature scale; categorical versus stated training reference,recorded charge-off within 36 months,Retrospective conditional validation using realized macro paths.,With-Term sensitivity; reported-term timing unverified
layer2_term,ProjectState_GA,1.3540432732719476,1.0086143155756755,1.4384680664732137,197,199,197,"95% percentile, positive state-weighted multiplier bootstrap; Firth re-estimated; fixed preprocessing/LGD/portfolio/scenarios",log odds; numeric coefficients on train-standardized feature scale; categorical versus stated training reference,recorded charge-off within 36 months,Retrospective conditional validation using realized macro paths.,With-Term sensitivity; reported-term timing unverified
layer2_term,ProjectState_HI,0.3443693551279046,-0.0006840983753965,0.5109915199276546,197,199,197,"95% percentile, positive state-weighted multiplier bootstrap; Firth re-estimated; fixed preprocessing/LGD/portfolio/scenarios",log odds; numeric coefficients on train-standardized feature scale; categorical versus stated training reference,recorded charge-off within 36 months,Retrospective conditional validation using realized macro paths.,With-Term sensitivity; reported-term timing unverified
layer2_term,ProjectState_IA,0.7560681666007908,0.4551473453862001,0.9283437937111776,197,199,197,"95% percentile, positive state-weighted multiplier bootstrap; Firth re-estimated; fixed preprocessing/LGD/portfolio/scenarios",log odds; numeric coefficients on train-standardized feature scale; categorical versus stated training reference,recorded charge-off within 36 months,Retrospective conditional validation using realized macro paths.,With-Term sensitivity; reported-term timing unverified
layer2_term,ProjectState_ID,0.7186086787650998,0.3925477522790803,0.8246404550400062,197,199,197,"95% percentile, positive state-weighted multiplier bootstrap; Firth re-estimated; fixed preprocessing/LGD/portfolio/scenarios",log odds; numeric coefficients on train-standardized feature scale; categorical versus stated training reference,recorded charge-off within 36 months,Retrospective conditional validation using realized macro paths.,With-Term sensitivity; reported-term timing unverified
layer2_term,ProjectState_IL,0.9581709029887686,0.6359831470238048,1.022291785031336,197,199,197,"95% percentile, positive state-weighted multiplier bootstrap; Firth re-estimated; fixed preprocessing/LGD/portfolio/scenarios",log odds; numeric coefficients on train-standardized feature scale; categorical versus stated training reference,recorded charge-off within 36 months,Retrospective conditional validation using realized macro paths.,With-Term sensitivity; reported-term timing unverified
layer2_term,ProjectState_IN,0.4903994980812748,0.1753694037736251,0.5829014880438974,197,199,197,"95% percentile, positive state-weighted multiplier bootstrap; Firth re-estimated; fixed preprocessing/LGD/portfolio/scenarios",log odds; numeric coefficients on train-standardized feature scale; categorical versus stated training reference,recorded charge-off within 36 months,Retrospective conditional validation using realized macro paths.,With-Term sensitivity; reported-term timing unverified
layer2_term,ProjectState_KS,0.7819534798417886,0.4796326086666635,0.9073966012277068,197,199,197,"95% percentile, positive state-weighted multiplier bootstrap; Firth re-estimated; fixed preprocessing/LGD/portfolio/scenarios",log odds; numeric coefficients on train-standardized feature scale; categorical versus stated training reference,recorded charge-off within 36 months,Retrospective conditional validation using realized macro paths.,With-Term sensitivity; reported-term timing unverified
layer2_term,ProjectState_KY,0.802750083095583,0.4677759459770421,0.8784889027396937,197,199,197,"95% percentile, positive state-weighted multiplier bootstrap; Firth re-estimated; fixed preprocessing/LGD/portfolio/scenarios",log odds; numeric coefficients on train-standardized feature scale; categorical versus stated training reference,recorded charge-off within 36 months,Retrospective conditional validation using realized macro paths.,With-Term sensitivity; reported-term timing unverified
layer2_term,ProjectState_LA,0.6905051555440987,0.3712311768133008,0.7794704216936184,197,199,197,"95% percentile, positive state-weighted multiplier bootstrap; Firth re-estimated; fixed preprocessing/LGD/portfolio/scenarios",log odds; numeric coefficients on train-standardized feature scale; categorical versus stated training reference,recorded charge-off within 36 months,Retrospective conditional validation using realized macro paths.,With-Term sensitivity; reported-term timing unverified
layer2_term,ProjectState_MA,0.3669882067861366,0.0268118297756001,0.4885010126530007,197,199,197,"95% percentile, positive state-weighted multiplier bootstrap; Firth re-estimated; fixed preprocessing/LGD/portfolio/scenarios",log odds; numeric coefficients on train-standardized feature scale; categorical versus stated training reference,recorded charge-off within 36 months,Retrospective conditional validation using realized macro paths.,With-Term sensitivity; reported-term timing unverified
layer2_term,ProjectState_MD,0.6988929086374581,0.4100067119967048,0.8308474799570519,197,199,197,"95% percentile, positive state-weighted multiplier bootstrap; Firth re-estimated; fixed preprocessing/LGD/portfolio/scenarios",log odds; numeric coefficients on train-standardized feature scale; categorical versus stated training reference,recorded charge-off within 36 months,Retrospective conditional validation using realized macro paths.,With-Term sensitivity; reported-term timing unverified
layer2_term,ProjectState_ME,0.3918550347010104,0.0451775848065323,0.512539181667914,197,199,197,"95% percentile, positive state-weighted multiplier bootstrap; Firth re-estimated; fixed preprocessing/LGD/portfolio/scenarios",log odds; numeric coefficients on train-standardized feature scale; categorical versus stated training reference,recorded charge-off within 36 months,Retrospective conditional validation using realized macro paths.,With-Term sensitivity; reported-term timing unverified
layer2_term,ProjectState_MI,0.5408156807035944,0.2341515713668419,0.5941202335513415,197,199,197,"95% percentile, positive state-weighted multiplier bootstrap; Firth re-estimated; fixed preprocessing/LGD/portfolio/scenarios",log odds; numeric coefficients on train-standardized feature scale; categorical versus stated training reference,recorded charge-off within 36 months,Retrospective conditional validation using realized macro paths.,With-Term sensitivity; reported-term timing unverified
layer2_term,ProjectState_MN,0.5881047108942034,0.2823852122413585,0.7291922656889172,197,199,197,"95% percentile, positive state-weighted multiplier bootstrap; Firth re-estimated; fixed preprocessing/LGD/portfolio/scenarios",log odds; numeric coefficients on train-standardized feature scale; categorical versus stated training reference,recorded charge-off within 36 months,Retrospective conditional validation using realized macro paths.,With-Term sensitivity; reported-term timing unverified
layer2_term,ProjectState_MO,0.8073325677607782,0.472158435315876,0.8943424827714755,197,199,197,"95% percentile, positive state-weighted multiplier bootstrap; Firth re-estimated; fixed preprocessing/LGD/portfolio/scenarios",log odds; numeric coefficients on train-standardized feature scale; categorical versus stated training reference,recorded charge-off within 36 months,Retrospective conditional validation using realized macro paths.,With-Term sensitivity; reported-term timing unverified
layer2_term,ProjectState_MS,0.8685639156350105,0.5489698225020134,0.9448840491566756,197,199,197,"95% percentile, positive state-weighted multiplier bootstrap; Firth re-estimated; fixed preprocessing/LGD/portfolio/scenarios",log odds; numeric coefficients on train-standardized feature scale; categorical versus stated training reference,recorded charge-off within 36 months,Retrospective conditional validation using realized macro paths.,With-Term sensitivity; reported-term timing unverified
layer2_term,ProjectState_MT,0.3359021923709809,0.0024881771870897,0.4576541514667684,197,199,197,"95% percentile, positive state-weighted multiplier bootstrap; Firth re-estimated; fixed preprocessing/LGD/portfolio/scenarios",log odds; numeric coefficients on train-standardized feature scale; categorical versus stated training reference,recorded charge-off within 36 months,Retrospective conditional validation using realized macro paths.,With-Term sensitivity; reported-term timing unverified
layer2_term,ProjectState_NC,0.7130140961670248,0.3820179670518002,0.7941468306828059,197,199,197,"95% percentile, positive state-weighted multiplier bootstrap; Firth re-estimated; fixed preprocessing/LGD/portfolio/scenarios",log odds; numeric coefficients on train-standardized feature scale; categorical versus stated training reference,recorded charge-off within 36 months,Retrospective conditional validation using realized macro paths.,With-Term sensitivity; reported-term timing unverified
layer2_term,ProjectState_ND,0.3192400080604927,-0.0173915842418432,0.5584162070159512,197,199,197,"95% percentile, positive state-weighted multiplier bootstrap; Firth re-estimated; fixed preprocessing/LGD/portfolio/scenarios",log odds; numeric coefficients on train-standardized feature scale; categorical versus stated training reference,recorded charge-off within 36 months,Retrospective conditional validation using realized macro paths.,With-Term sensitivity; reported-term timing unverified
layer2_term,ProjectState_NE,0.4650155758170619,0.0467306938764846,0.6721140327309255,197,199,197,"95% percentile, positive state-weighted multiplier bootstrap; Firth re-estimated; fixed preprocessing/LGD/portfolio/scenarios",log odds; numeric coefficients on train-standardized feature scale; categorical versus stated training reference,recorded charge-off within 36 months,Retrospective conditional validation using realized macro paths.,With-Term sensitivity; reported-term timing unverified
layer2_term,ProjectState_NH,0.2545112238412526,-0.0548712673642697,0.4354252406046594,197,199,197,"95% percentile, positive state-weighted multiplier bootstrap; Firth re-estimated; fixed preprocessing/LGD/portfolio/scenarios",log odds; numeric coefficients on train-standardized feature scale; categorical versus stated training reference,recorded charge-off within 36 months,Retrospective conditional validation using realized macro paths.,With-Term sensitivity; reported-term timing unverified
layer2_term,ProjectState_NJ,0.970271041745254,0.6298415981595967,1.077151830312143,197,199,197,"95% percentile, positive state-weighted multiplier bootstrap; Firth re-estimated; fixed preprocessing/LGD/portfolio/scenarios",log odds; numeric coefficients on train-standardized feature scale; categorical versus stated training reference,recorded charge-off within 36 months,Retrospective conditional validation using realized macro paths.,With-Term sensitivity; reported-term timing unverified
layer2_term,ProjectState_NM,0.7461923703639527,0.3945878702990858,0.8493349094122112,197,199,197,"95% percentile, positive state-weighted multiplier bootstrap; Firth re-estimated; fixed preprocessing/LGD/portfolio/scenarios",log odds; numeric coefficients on train-standardized feature scale; categorical versus stated training reference,recorded charge-off within 36 months,Retrospective conditional validation using realized macro paths.,With-Term sensitivity; reported-term timing unverified
layer2_term,ProjectState_NV,0.989876974058026,0.6890842916502089,1.065577505240478,197,199,197,"95% percentile, positive state-weighted multiplier bootstrap; Firth re-estimated; fixed preprocessing/LGD/portfolio/scenarios",log odds; numeric coefficients on train-standardized feature scale; categorical versus stated training reference,recorded charge-off within 36 months,Retrospective conditional validation using realized macro paths.,With-Term sensitivity; reported-term timing unverified
layer2_term,ProjectState_NY,0.9527457121061562,0.6163819013947641,1.0453080390416212,197,199,197,"95% percentile, positive state-weighted multiplier bootstrap; Firth re-estimated; fixed preprocessing/LGD/portfolio/scenarios",log odds; numeric coefficients on train-standardized feature scale; categorical versus stated training reference,recorded charge-off within 36 months,Retrospective conditional validation using realized macro paths.,With-Term sensitivity; reported-term timing unverified
layer2_term,ProjectState_OH,0.3518209862753095,0.0030305044585584,0.423423445858779,197,199,197,"95% percentile, positive state-weighted multiplier bootstrap; Firth re-estimated; fixed preprocessing/LGD/portfolio/scenarios",log odds; numeric coefficients on train-standardized feature scale; categorical versus stated training reference,recorded charge-off within 36 months,Retrospective conditional validation using realized macro paths.,With-Term sensitivity; reported-term timing unverified
layer2_term,ProjectState_OK,1.071569199917182,0.7878702795275518,1.219528239823354,197,199,197,"95% percentile, positive state-weighted multiplier bootstrap; Firth re-estimated; fixed preprocessing/LGD/portfolio/scenarios",log odds; numeric coefficients on train-standardized feature scale; categorical versus stated training reference,recorded charge-off within 36 months,Retrospective conditional validation using realized macro paths.,With-Term sensitivity; reported-term timing unverified
layer2_term,ProjectState_OR,0.6528220176194748,0.3292356718827118,0.7002613810456639,197,199,197,"95% percentile, positive state-weighted multiplier bootstrap; Firth re-estimated; fixed preprocessing/LGD/portfolio/scenarios",log odds; numeric coefficients on train-standardized feature scale; categorical versus stated training reference,recorded charge-off within 36 months,Retrospective conditional validation using realized macro paths.,With-Term sensitivity; reported-term timing unverified
layer2_term,ProjectState_PA,0.440520946985901,0.100507212877551,0.5473632038231354,197,199,197,"95% percentile, positive state-weighted multiplier bootstrap; Firth re-estimated; fixed preprocessing/LGD/portfolio/scenarios",log odds; numeric coefficients on train-standardized feature scale; categorical versus stated training reference,recorded charge-off within 36 months,Retrospective conditional validation using realized macro paths.,With-Term sensitivity; reported-term timing unverified
layer2_term,ProjectState_RI,0.3040716997838729,-0.0178596252801118,0.3774015232553706,197,199,197,"95% percentile, positive state-weighted multiplier bootstrap; Firth re-estimated; fixed preprocessing/LGD/portfolio/scenarios",log odds; numeric coefficients on train-standardized feature scale; categorical versus stated training reference,recorded charge-off within 36 months,Retrospective conditional validation using realized macro paths.,With-Term sensitivity; reported-term timing unverified
layer2_term,ProjectState_SC,0.6418315320305045,0.3130791030994653,0.7082090792959997,197,199,197,"95% percentile, positive state-weighted multiplier bootstrap; Firth re-estimated; fixed preprocessing/LGD/portfolio/scenarios",log odds; numeric coefficients on train-standardized feature scale; categorical versus stated training reference,recorded charge-off within 36 months,Retrospective conditional validation using realized macro paths.,With-Term sensitivity; reported-term timing unverified
layer2_term,ProjectState_SD,0.8901894197511148,0.522067637059071,1.098757265253106,197,199,197,"95% percentile, positive state-weighted multiplier bootstrap; Firth re-estimated; fixed preprocessing/LGD/portfolio/scenarios",log odds; numeric coefficients on train-standardized feature scale; categorical versus stated training reference,recorded charge-off within 36 months,Retrospective conditional validation using realized macro paths.,With-Term sensitivity; reported-term timing unverified
layer2_term,ProjectState_TN,0.955552369051686,0.6181733250562421,1.0312210020040056,197,199,197,"95% percentile, positive state-weighted multiplier bootstrap; Firth re-estimated; fixed preprocessing/LGD/portfolio/scenarios",log odds; numeric coefficients on train-standardized feature scale; categorical versus stated training reference,recorded charge-off within 36 months,Retrospective conditional validation using realized macro paths.,With-Term sensitivity; reported-term timing unverified
layer2_term,ProjectState_TX,1.0819097437475067,0.7395014178211404,1.1677496245537298,197,199,197,"95% percentile, positive state-weighted multiplier bootstrap; Firth re-estimated; fixed preprocessing/LGD/portfolio/scenarios",log odds; numeric coefficients on train-standardized feature scale; categorical versus stated training reference,recorded charge-off within 36 months,Retrospective conditional validation using realized macro paths.,With-Term sensitivity; reported-term timing unverified
layer2_term,ProjectState_UT,0.8671709035577874,0.5449946475488185,1.0359510595746606,197,199,197,"95% percentile, positive state-weighted multiplier bootstrap; Firth re-estimated; fixed preprocessing/LGD/portfolio/scenarios",log odds; numeric coefficients on train-standardized feature scale; categorical versus stated training reference,recorded charge-off within 36 months,Retrospective conditional validation using realized macro paths.,With-Term sensitivity; reported-term timing unverified
layer2_term,ProjectState_VA,0.9008785802400782,0.5584736735987187,1.0716560568620594,197,199,197,"95% percentile, positive state-weighted multiplier bootstrap; Firth re-estimated; fixed preprocessing/LGD/portfolio/scenarios",log odds; numeric coefficients on train-standardized feature scale; categorical versus stated training reference,recorded charge-off within 36 months,Retrospective conditional validation using realized macro paths.,With-Term sensitivity; reported-term timing unverified
layer2_term,ProjectState_VT,0.1757414822567631,-0.1029956010261303,0.3407827134189207,197,199,197,"95% percentile, positive state-weighted multiplier bootstrap; Firth re-estimated; fixed preprocessing/LGD/portfolio/scenarios",log odds; numeric coefficients on train-standardized feature scale; categorical versus stated training reference,recorded charge-off within 36 months,Retrospective conditional validation using realized macro paths.,With-Term sensitivity; reported-term timing unverified
layer2_term,ProjectState_WA,0.7052255924251769,0.3508903404291008,0.761425658188955,197,199,197,"95% percentile, positive state-weighted multiplier bootstrap; Firth re-estimated; fixed preprocessing/LGD/portfolio/scenarios",log odds; numeric coefficients on train-standardized feature scale; categorical versus stated training reference,recorded charge-off within 36 months,Retrospective conditional validation using realized macro paths.,With-Term sensitivity; reported-term timing unverified
layer2_term,ProjectState_WI,0.4054998905989292,0.0834187941194991,0.5214183900780441,197,199,197,"95% percentile, positive state-weighted multiplier bootstrap; Firth re-estimated; fixed preprocessing/LGD/portfolio/scenarios",log odds; numeric coefficients on train-standardized feature scale; categorical versus stated training reference,recorded charge-off within 36 months,Retrospective conditional validation using realized macro paths.,With-Term sensitivity; reported-term timing unverified
layer2_term,ProjectState_WV,1.3147077466683068,0.9660001035170483,1.3760947247283606,197,199,197,"95% percentile, positive state-weighted multiplier bootstrap; Firth re-estimated; fixed preprocessing/LGD/portfolio/scenarios",log odds; numeric coefficients on train-standardized feature scale; categorical versus stated training reference,recorded charge-off within 36 months,Retrospective conditional validation using realized macro paths.,With-Term sensitivity; reported-term timing unverified
layer2_term,ProjectState_WY,0.7165391481721631,0.4147272127268548,0.8603959513232032,197,199,197,"95% percentile, positive state-weighted multiplier bootstrap; Firth re-estimated; fixed preprocessing/LGD/portfolio/scenarios",log odds; numeric coefficients on train-standardized feature scale; categorical versus stated training reference,recorded charge-off within 36 months,Retrospective conditional validation using realized macro paths.,With-Term sensitivity; reported-term timing unverified
layer2_peak,intercept,-5.648574901042897,-6.080688835238054,-5.178585425986238,198,199,198,"95% percentile, positive state-weighted multiplier bootstrap; Firth re-estimated; fixed preprocessing/LGD/portfolio/scenarios",log odds; numeric coefficients on train-standardized feature scale; categorical versus stated training reference,recorded charge-off within 36 months,Retrospective conditional validation using realized macro paths.,Term-free peak-unemployment sensitivity
layer2_peak,log_approval,-0.3136301002319088,-0.3685393545783431,-0.2471793563314682,198,199,198,"95% percentile, positive state-weighted multiplier bootstrap; Firth re-estimated; fixed preprocessing/LGD/portfolio/scenarios",log odds; numeric coefficients on train-standardized feature scale; categorical versus stated training reference,recorded charge-off within 36 months,Retrospective conditional validation using realized macro paths.,Term-free peak-unemployment sensitivity
layer2_peak,guarantee_share,0.0277508887993675,-0.0696832908223477,0.1480684903542998,198,199,198,"95% percentile, positive state-weighted multiplier bootstrap; Firth re-estimated; fixed preprocessing/LGD/portfolio/scenarios",log odds; numeric coefficients on train-standardized feature scale; categorical versus stated training reference,recorded charge-off within 36 months,Retrospective conditional validation using realized macro paths.,Term-free peak-unemployment sensitivity
layer2_peak,log_jobs,0.0682789573472982,0.048676862954526,0.0855302753461698,198,199,198,"95% percentile, positive state-weighted multiplier bootstrap; Firth re-estimated; fixed preprocessing/LGD/portfolio/scenarios",log odds; numeric coefficients on train-standardized feature scale; categorical versus stated training reference,recorded charge-off within 36 months,Retrospective conditional validation using realized macro paths.,Term-free peak-unemployment sensitivity
layer2_peak,u0,-0.1065013669865153,-0.1809636357541144,-0.0338047659567278,198,199,198,"95% percentile, positive state-weighted multiplier bootstrap; Firth re-estimated; fixed preprocessing/LGD/portfolio/scenarios",log odds; numeric coefficients on train-standardized feature scale; categorical versus stated training reference,recorded charge-off within 36 months,Retrospective conditional validation using realized macro paths.,Term-free peak-unemployment sensitivity
layer2_peak,peak_du,0.1623044244987487,0.1033801172235089,0.2181957660685577,198,199,198,"95% percentile, positive state-weighted multiplier bootstrap; Firth re-estimated; fixed preprocessing/LGD/portfolio/scenarios",log odds; numeric coefficients on train-standardized feature scale; categorical versus stated training reference,recorded charge-off within 36 months,Retrospective conditional validation using realized macro paths.,Term-free peak-unemployment sensitivity
layer2_peak,h0,-0.1458257664138129,-0.1677263880347161,-0.1093023054131186,198,199,198,"95% percentile, positive state-weighted multiplier bootstrap; Firth re-estimated; fixed preprocessing/LGD/portfolio/scenarios",log odds; numeric coefficients on train-standardized feature scale; categorical versus stated training reference,recorded charge-off within 36 months,Retrospective conditional validation using realized macro paths.,Term-free peak-unemployment sensitivity
layer2_peak,dh,-0.2043476227683571,-0.2969492944051164,-0.158886614732707,198,199,198,"95% percentile, positive state-weighted multiplier bootstrap; Firth re-estimated; fixed preprocessing/LGD/portfolio/scenarios",log odds; numeric coefficients on train-standardized feature scale; categorical versus stated training reference,recorded charge-off within 36 months,Retrospective conditional validation using realized macro paths.,Term-free peak-unemployment sensitivity
layer2_peak,year_trend,0.0323419071148448,-0.0398769073346917,0.1022403310100832,198,199,198,"95% percentile, positive state-weighted multiplier bootstrap; Firth re-estimated; fixed preprocessing/LGD/portfolio/scenarios",log odds; numeric coefficients on train-standardized feature scale; categorical versus stated training reference,recorded charge-off within 36 months,Retrospective conditional validation using realized macro paths.,Term-free peak-unemployment sensitivity
layer2_peak,ProcessingMethod_7a with EWCP,-0.3524149766697072,-0.6280327363170995,-0.0884910945179749,198,199,198,"95% percentile, positive state-weighted multiplier bootstrap; Firth re-estimated; fixed preprocessing/LGD/portfolio/scenarios",log odds; numeric coefficients on train-standardized feature scale; categorical versus stated training reference,recorded charge-off within 36 months,Retrospective conditional validation using realized macro paths.,Term-free peak-unemployment sensitivity
layer2_peak,ProcessingMethod_Certified Lenders Program,-0.2209892170797381,-0.289715449251438,-0.1208051993156414,198,199,198,"95% percentile, positive state-weighted multiplier bootstrap; Firth re-estimated; fixed preprocessing/LGD/portfolio/scenarios",log odds; numeric coefficients on train-standardized feature scale; categorical versus stated training reference,recorded charge-off within 36 months,Retrospective conditional validation using realized macro paths.,Term-free peak-unemployment sensitivity
layer2_peak,ProcessingMethod_Community Express,0.9877581820901952,0.8373035318610346,1.2272914733318865,198,199,198,"95% percentile, positive state-weighted multiplier bootstrap; Firth re-estimated; fixed preprocessing/LGD/portfolio/scenarios",log odds; numeric coefficients on train-standardized feature scale; categorical versus stated training reference,recorded charge-off within 36 months,Retrospective conditional validation using realized macro paths.,Term-free peak-unemployment sensitivity
layer2_peak,ProcessingMethod_Export Express,0.4386528010629246,0.1563106624494466,0.7997121986569489,198,199,198,"95% percentile, positive state-weighted multiplier bootstrap; Firth re-estimated; fixed preprocessing/LGD/portfolio/scenarios",log odds; numeric coefficients on train-standardized feature scale; categorical versus stated training reference,recorded charge-off within 36 months,Retrospective conditional validation using realized macro paths.,Term-free peak-unemployment sensitivity
layer2_peak,ProcessingMethod_Gulf Opportunity Pilot Loan Program,0.1525340527944591,-0.1358634666493347,0.4234273991246147,198,199,198,"95% percentile, positive state-weighted multiplier bootstrap; Firth re-estimated; fixed preprocessing/LGD/portfolio/scenarios",log odds; numeric coefficients on train-standardized feature scale; categorical versus stated training reference,recorded charge-off within 36 months,Retrospective conditional validation using realized macro paths.,Term-free peak-unemployment sensitivity
layer2_peak,ProcessingMethod_International Trade Loans,-0.4899041656234178,-0.7725128957156286,-0.2904456655009254,198,199,198,"95% percentile, positive state-weighted multiplier bootstrap; Firth re-estimated; fixed preprocessing/LGD/portfolio/scenarios",log odds; numeric coefficients on train-standardized feature scale; categorical versus stated training reference,recorded charge-off within 36 months,Retrospective conditional validation using realized macro paths.,Term-free peak-unemployment sensitivity
layer2_peak,ProcessingMethod_Low Documentation Program,0.4357486279754061,0.3595662452005239,0.5302094392192358,198,199,198,"95% percentile, positive state-weighted multiplier bootstrap; Firth re-estimated; fixed preprocessing/LGD/portfolio/scenarios",log odds; numeric coefficients on train-standardized feature scale; categorical versus stated training reference,recorded charge-off within 36 months,Retrospective conditional validation using realized macro paths.,Term-free peak-unemployment sensitivity
layer2_peak,ProcessingMethod_Other,0.8315594933920327,0.4125346495806095,1.2307336946951626,198,199,198,"95% percentile, positive state-weighted multiplier bootstrap; Firth re-estimated; fixed preprocessing/LGD/portfolio/scenarios",log odds; numeric coefficients on train-standardized feature scale; categorical versus stated training reference,recorded charge-off within 36 months,Retrospective conditional validation using realized macro paths.,Term-free peak-unemployment sensitivity
layer2_peak,ProcessingMethod_Patriot Express Loans,0.6928560852601068,0.5672958062050065,0.8192307943454387,198,199,198,"95% percentile, positive state-weighted multiplier bootstrap; Firth re-estimated; fixed preprocessing/LGD/portfolio/scenarios",log odds; numeric coefficients on train-standardized feature scale; categorical versus stated training reference,recorded charge-off within 36 months,Retrospective conditional validation using realized macro paths.,Term-free peak-unemployment sensitivity
layer2_peak,ProcessingMethod_Preferred Lenders Program,-0.3453164958537272,-0.4360618741515841,-0.2184710680012173,198,199,198,"95% percentile, positive state-weighted multiplier bootstrap; Firth re-estimated; fixed preprocessing/LGD/portfolio/scenarios",log odds; numeric coefficients on train-standardized feature scale; categorical versus stated training reference,recorded charge-off within 36 months,Retrospective conditional validation using realized macro paths.,Term-free peak-unemployment sensitivity
layer2_peak,ProcessingMethod_Rural Loan Initiative,-0.3624385875561108,-0.8005527077098609,-0.0434427900545899,198,199,198,"95% percentile, positive state-weighted multiplier bootstrap; Firth re-estimated; fixed preprocessing/LGD/portfolio/scenarios",log odds; numeric coefficients on train-standardized feature scale; categorical versus stated training reference,recorded charge-off within 36 months,Retrospective conditional validation using realized macro paths.,Term-free peak-unemployment sensitivity
layer2_peak,ProcessingMethod_SBA Express Program,0.4074669410551398,0.1020001048044806,0.7663469959203527,198,199,198,"95% percentile, positive state-weighted multiplier bootstrap; Firth re-estimated; fixed preprocessing/LGD/portfolio/scenarios",log odds; numeric coefficients on train-standardized feature scale; categorical versus stated training reference,recorded charge-off within 36 months,Retrospective conditional validation using realized macro paths.,Term-free peak-unemployment sensitivity
layer2_peak,FixedorVariableInterestInd_V,0.6108608666172762,0.4088649944634556,0.790454789939054,198,199,198,"95% percentile, positive state-weighted multiplier bootstrap; Firth re-estimated; fixed preprocessing/LGD/portfolio/scenarios",log odds; numeric coefficients on train-standardized feature scale; categorical versus stated training reference,recorded charge-off within 36 months,Retrospective conditional validation using realized macro paths.,Term-free peak-unemployment sensitivity
layer2_peak,FixedorVariableInterestInd___missing__,0.9318810101082587,0.6839952681929854,1.1394811324372005,198,199,198,"95% percentile, positive state-weighted multiplier bootstrap; Firth re-estimated; fixed preprocessing/LGD/portfolio/scenarios",log odds; numeric coefficients on train-standardized feature scale; categorical versus stated training reference,recorded charge-off within 36 months,Retrospective conditional validation using realized macro paths.,Term-free peak-unemployment sensitivity
layer2_peak,naics2_21,0.5877453738681025,0.2430063578182877,0.9644587865492796,198,199,198,"95% percentile, positive state-weighted multiplier bootstrap; Firth re-estimated; fixed preprocessing/LGD/portfolio/scenarios",log odds; numeric coefficients on train-standardized feature scale; categorical versus stated training reference,recorded charge-off within 36 months,Retrospective conditional validation using realized macro paths.,Term-free peak-unemployment sensitivity
layer2_peak,naics2_23,0.9032112891769636,0.6821996996272638,1.1602785562518187,198,199,198,"95% percentile, positive state-weighted multiplier bootstrap; Firth re-estimated; fixed preprocessing/LGD/portfolio/scenarios",log odds; numeric coefficients on train-standardized feature scale; categorical versus stated training reference,recorded charge-off within 36 months,Retrospective conditional validation using realized macro paths.,Term-free peak-unemployment sensitivity
layer2_peak,naics2_31,0.9678692460178552,0.7296126599562529,1.1946995686173107,198,199,198,"95% percentile, positive state-weighted multiplier bootstrap; Firth re-estimated; fixed preprocessing/LGD/portfolio/scenarios",log odds; numeric coefficients on train-standardized feature scale; categorical versus stated training reference,recorded charge-off within 36 months,Retrospective conditional validation using realized macro paths.,Term-free peak-unemployment sensitivity
layer2_peak,naics2_32,0.8263409279167288,0.5507292436904521,1.107855697189789,198,199,198,"95% percentile, positive state-weighted multiplier bootstrap; Firth re-estimated; fixed preprocessing/LGD/portfolio/scenarios",log odds; numeric coefficients on train-standardized feature scale; categorical versus stated training reference,recorded charge-off within 36 months,Retrospective conditional validation using realized macro paths.,Term-free peak-unemployment sensitivity
layer2_peak,naics2_33,0.7453325251983748,0.5435085898725035,0.9976142587463096,198,199,198,"95% percentile, positive state-weighted multiplier bootstrap; Firth re-estimated; fixed preprocessing/LGD/portfolio/scenarios",log odds; numeric coefficients on train-standardized feature scale; categorical versus stated training reference,recorded charge-off within 36 months,Retrospective conditional validation using realized macro paths.,Term-free peak-unemployment sensitivity
layer2_peak,naics2_42,1.1431342080929645,0.8630826435107248,1.3929274606423947,198,199,198,"95% percentile, positive state-weighted multiplier bootstrap; Firth re-estimated; fixed preprocessing/LGD/portfolio/scenarios",log odds; numeric coefficients on train-standardized feature scale; categorical versus stated training reference,recorded charge-off within 36 months,Retrospective conditional validation using realized macro paths.,Term-free peak-unemployment sensitivity
layer2_peak,naics2_44,1.0648842329970838,0.8528264755041297,1.275776966635353,198,199,198,"95% percentile, positive state-weighted multiplier bootstrap; Firth re-estimated; fixed preprocessing/LGD/portfolio/scenarios",log odds; numeric coefficients on train-standardized feature scale; categorical versus stated training reference,recorded charge-off within 36 months,Retrospective conditional validation using realized macro paths.,Term-free peak-unemployment sensitivity
layer2_peak,naics2_45,1.1094076360644995,0.8952713300317336,1.3214067376984162,198,199,198,"95% percentile, positive state-weighted multiplier bootstrap; Firth re-estimated; fixed preprocessing/LGD/portfolio/scenarios",log odds; numeric coefficients on train-standardized feature scale; categorical versus stated training reference,recorded charge-off within 36 months,Retrospective conditional validation using realized macro paths.,Term-free peak-unemployment sensitivity
layer2_peak,naics2_48,1.0237729487386866,0.791883182320254,1.3137197423952662,198,199,198,"95% percentile, positive state-weighted multiplier bootstrap; Firth re-estimated; fixed preprocessing/LGD/portfolio/scenarios",log odds; numeric coefficients on train-standardized feature scale; categorical versus stated training reference,recorded charge-off within 36 months,Retrospective conditional validation using realized macro paths.,Term-free peak-unemployment sensitivity
layer2_peak,naics2_49,0.9540804904401866,0.7011454893970217,1.2174571087557338,198,199,198,"95% percentile, positive state-weighted multiplier bootstrap; Firth re-estimated; fixed preprocessing/LGD/portfolio/scenarios",log odds; numeric coefficients on train-standardized feature scale; categorical versus stated training reference,recorded charge-off within 36 months,Retrospective conditional validation using realized macro paths.,Term-free peak-unemployment sensitivity
layer2_peak,naics2_51,0.9532269261699088,0.7229943519299098,1.1752518266539125,198,199,198,"95% percentile, positive state-weighted multiplier bootstrap; Firth re-estimated; fixed preprocessing/LGD/portfolio/scenarios",log odds; numeric coefficients on train-standardized feature scale; categorical versus stated training reference,recorded charge-off within 36 months,Retrospective conditional validation using realized macro paths.,Term-free peak-unemployment sensitivity
layer2_peak,naics2_52,0.9610074452333494,0.7396212438987182,1.1840442114883107,198,199,198,"95% percentile, positive state-weighted multiplier bootstrap; Firth re-estimated; fixed preprocessing/LGD/portfolio/scenarios",log odds; numeric coefficients on train-standardized feature scale; categorical versus stated training reference,recorded charge-off within 36 months,Retrospective conditional validation using realized macro paths.,Term-free peak-unemployment sensitivity
layer2_peak,naics2_53,1.1842010967063727,0.9079596728226078,1.4311674077720622,198,199,198,"95% percentile, positive state-weighted multiplier bootstrap; Firth re-estimated; fixed preprocessing/LGD/portfolio/scenarios",log odds; numeric coefficients on train-standardized feature scale; categorical versus stated training reference,recorded charge-off within 36 months,Retrospective conditional validation using realized macro paths.,Term-free peak-unemployment sensitivity
layer2_peak,naics2_54,0.7222315655724506,0.4470409205236982,0.9838068622488012,198,199,198,"95% percentile, positive state-weighted multiplier bootstrap; Firth re-estimated; fixed preprocessing/LGD/portfolio/scenarios",log odds; numeric coefficients on train-standardized feature scale; categorical versus stated training reference,recorded charge-off within 36 months,Retrospective conditional validation using realized macro paths.,Term-free peak-unemployment sensitivity
layer2_peak,naics2_56,0.8262824014405505,0.6070028564243166,1.0761563057797945,198,199,198,"95% percentile, positive state-weighted multiplier bootstrap; Firth re-estimated; fixed preprocessing/LGD/portfolio/scenarios",log odds; numeric coefficients on train-standardized feature scale; categorical versus stated training reference,recorded charge-off within 36 months,Retrospective conditional validation using realized macro paths.,Term-free peak-unemployment sensitivity
layer2_peak,naics2_61,0.7723413991838569,0.5200790448420092,1.044523025720269,198,199,198,"95% percentile, positive state-weighted multiplier bootstrap; Firth re-estimated; fixed preprocessing/LGD/portfolio/scenarios",log odds; numeric coefficients on train-standardized feature scale; categorical versus stated training reference,recorded charge-off within 36 months,Retrospective conditional validation using realized macro paths.,Term-free peak-unemployment sensitivity
layer2_peak,naics2_62,0.2580960198926396,0.0410821913665855,0.4872905994492246,198,199,198,"95% percentile, positive state-weighted multiplier bootstrap; Firth re-estimated; fixed preprocessing/LGD/portfolio/scenarios",log odds; numeric coefficients on train-standardized feature scale; categorical versus stated training reference,recorded charge-off within 36 months,Retrospective conditional validation using realized macro paths.,Term-free peak-unemployment sensitivity
layer2_peak,naics2_71,1.0652273707794992,0.8561350097854549,1.3087841468909422,198,199,198,"95% percentile, positive state-weighted multiplier bootstrap; Firth re-estimated; fixed preprocessing/LGD/portfolio/scenarios",log odds; numeric coefficients on train-standardized feature scale; categorical versus stated training reference,recorded charge-off within 36 months,Retrospective conditional validation using realized macro paths.,Term-free peak-unemployment sensitivity
layer2_peak,naics2_72,1.022759733012618,0.8321900686294912,1.264534380490009,198,199,198,"95% percentile, positive state-weighted multiplier bootstrap; Firth re-estimated; fixed preprocessing/LGD/portfolio/scenarios",log odds; numeric coefficients on train-standardized feature scale; categorical versus stated training reference,recorded charge-off within 36 months,Retrospective conditional validation using realized macro paths.,Term-free peak-unemployment sensitivity
layer2_peak,naics2_81,0.8251476436826958,0.6177187882980725,1.0378120989341275,198,199,198,"95% percentile, positive state-weighted multiplier bootstrap; Firth re-estimated; fixed preprocessing/LGD/portfolio/scenarios",log odds; numeric coefficients on train-standardized feature scale; categorical versus stated training reference,recorded charge-off within 36 months,Retrospective conditional validation using realized macro paths.,Term-free peak-unemployment sensitivity
layer2_peak,naics2_Other,0.6747292871617488,0.2932731103140341,1.0198744239186266,198,199,198,"95% percentile, positive state-weighted multiplier bootstrap; Firth re-estimated; fixed preprocessing/LGD/portfolio/scenarios",log odds; numeric coefficients on train-standardized feature scale; categorical versus stated training reference,recorded charge-off within 36 months,Retrospective conditional validation using realized macro paths.,Term-free peak-unemployment sensitivity
layer2_peak,naics2___missing__,1.0933324358145096,0.8589814649126337,1.3264335415534008,198,199,198,"95% percentile, positive state-weighted multiplier bootstrap; Firth re-estimated; fixed preprocessing/LGD/portfolio/scenarios",log odds; numeric coefficients on train-standardized feature scale; categorical versus stated training reference,recorded charge-off within 36 months,Retrospective conditional validation using realized macro paths.,Term-free peak-unemployment sensitivity
layer2_peak,BusinessType_INDIVIDUAL,0.1228819349739829,0.0784721817017696,0.1728965977746068,198,199,198,"95% percentile, positive state-weighted multiplier bootstrap; Firth re-estimated; fixed preprocessing/LGD/portfolio/scenarios",log odds; numeric coefficients on train-standardized feature scale; categorical versus stated training reference,recorded charge-off within 36 months,Retrospective conditional validation using realized macro paths.,Term-free peak-unemployment sensitivity
layer2_peak,BusinessType_PARTNERSHIP,-0.2971856474433205,-0.365182801088505,-0.1980223320231642,198,199,198,"95% percentile, positive state-weighted multiplier bootstrap; Firth re-estimated; fixed preprocessing/LGD/portfolio/scenarios",log odds; numeric coefficients on train-standardized feature scale; categorical versus stated training reference,recorded charge-off within 36 months,Retrospective conditional validation using realized macro paths.,Term-free peak-unemployment sensitivity
layer2_peak,BusinessType___missing__,1.2815021985151862,0.8959854702157094,1.6575965221936708,198,199,198,"95% percentile, positive state-weighted multiplier bootstrap; Firth re-estimated; fixed preprocessing/LGD/portfolio/scenarios",log odds; numeric coefficients on train-standardized feature scale; categorical versus stated training reference,recorded charge-off within 36 months,Retrospective conditional validation using realized macro paths.,Term-free peak-unemployment sensitivity
layer2_peak,BusinessAge_Less than 3 years old but at least 2,0.2353372278536094,0.180418219836559,0.300736664552251,198,199,198,"95% percentile, positive state-weighted multiplier bootstrap; Firth re-estimated; fixed preprocessing/LGD/portfolio/scenarios",log odds; numeric coefficients on train-standardized feature scale; categorical versus stated training reference,recorded charge-off within 36 months,Retrospective conditional validation using realized macro paths.,Term-free peak-unemployment sensitivity
layer2_peak,BusinessAge_Less than 4 years old but at least 3,-0.277080506846685,-0.3344291242122911,-0.1955979109727713,198,199,198,"95% percentile, positive state-weighted multiplier bootstrap; Firth re-estimated; fixed preprocessing/LGD/portfolio/scenarios",log odds; numeric coefficients on train-standardized feature scale; categorical versus stated training reference,recorded charge-off within 36 months,Retrospective conditional validation using realized macro paths.,Term-free peak-unemployment sensitivity
layer2_peak,BusinessAge_Less than 5 years old but at least 4,0.3085187769450366,0.2104137077474392,0.4010224456686578,198,199,198,"95% percentile, positive state-weighted multiplier bootstrap; Firth re-estimated; fixed preprocessing/LGD/portfolio/scenarios",log odds; numeric coefficients on train-standardized feature scale; categorical versus stated training reference,recorded charge-off within 36 months,Retrospective conditional validation using realized macro paths.,Term-free peak-unemployment sensitivity
layer2_peak,"BusinessAge_New, Less than 1 Year old",-0.1032289197260327,-0.1478892676999542,-0.0562548510271235,198,199,198,"95% percentile, positive state-weighted multiplier bootstrap; Firth re-estimated; fixed preprocessing/LGD/portfolio/scenarios",log odds; numeric coefficients on train-standardized feature scale; categorical versus stated training reference,recorded charge-off within 36 months,Retrospective conditional validation using realized macro paths.,Term-free peak-unemployment sensitivity
layer2_peak,BusinessAge_Other,-1.3755274074758923,-2.4873940721445513,-0.1574099747158323,198,199,198,"95% percentile, positive state-weighted multiplier bootstrap; Firth re-estimated; fixed preprocessing/LGD/portfolio/scenarios",log odds; numeric coefficients on train-standardized feature scale; categorical versus stated training reference,recorded charge-off within 36 months,Retrospective conditional validation using realized macro paths.,Term-free peak-unemployment sensitivity
layer2_peak,"BusinessAge_Startup, Loan Funds will Open Business",-0.1287986585580483,-0.2092086978856124,-0.0538362558698208,198,199,198,"95% percentile, positive state-weighted multiplier bootstrap; Firth re-estimated; fixed preprocessing/LGD/portfolio/scenarios",log odds; numeric coefficients on train-standardized feature scale; categorical versus stated training reference,recorded charge-off within 36 months,Retrospective conditional validation using realized macro paths.,Term-free peak-unemployment sensitivity
layer2_peak,BusinessAge_Unanswered,-0.0892686212807893,-0.1508045611349927,-0.0293209078212557,198,199,198,"95% percentile, positive state-weighted multiplier bootstrap; Firth re-estimated; fixed preprocessing/LGD/portfolio/scenarios",log odds; numeric coefficients on train-standardized feature scale; categorical versus stated training reference,recorded charge-off within 36 months,Retrospective conditional validation using realized macro paths.,Term-free peak-unemployment sensitivity
layer2_peak,franchise_present,0.164980168741555,0.0748644186142663,0.2564276643932907,198,199,198,"95% percentile, positive state-weighted multiplier bootstrap; Firth re-estimated; fixed preprocessing/LGD/portfolio/scenarios",log odds; numeric coefficients on train-standardized feature scale; categorical versus stated training reference,recorded charge-off within 36 months,Retrospective conditional validation using realized macro paths.,Term-free peak-unemployment sensitivity
layer2_peak,loan_type_term,0.0486059142669727,-0.0938137129615393,0.205872279718637,198,199,198,"95% percentile, positive state-weighted multiplier bootstrap; Firth re-estimated; fixed preprocessing/LGD/portfolio/scenarios",log odds; numeric coefficients on train-standardized feature scale; categorical versus stated training reference,recorded charge-off within 36 months,Retrospective conditional validation using realized macro paths.,Term-free peak-unemployment sensitivity
layer2_peak,ProjectState_AL,0.8861975701882726,0.5845011932763614,0.9836999479735794,198,199,198,"95% percentile, positive state-weighted multiplier bootstrap; Firth re-estimated; fixed preprocessing/LGD/portfolio/scenarios",log odds; numeric coefficients on train-standardized feature scale; categorical versus stated training reference,recorded charge-off within 36 months,Retrospective conditional validation using realized macro paths.,Term-free peak-unemployment sensitivity
layer2_peak,ProjectState_AR,0.8259420714045062,0.4898400613976748,0.9056148997223455,198,199,198,"95% percentile, positive state-weighted multiplier bootstrap; Firth re-estimated; fixed preprocessing/LGD/portfolio/scenarios",log odds; numeric coefficients on train-standardized feature scale; categorical versus stated training reference,recorded charge-off within 36 months,Retrospective conditional validation using realized macro paths.,Term-free peak-unemployment sensitivity
layer2_peak,ProjectState_AZ,0.5392749646976932,0.1891784771437063,0.6075545431283957,198,199,198,"95% percentile, positive state-weighted multiplier bootstrap; Firth re-estimated; fixed preprocessing/LGD/portfolio/scenarios",log odds; numeric coefficients on train-standardized feature scale; categorical versus stated training reference,recorded charge-off within 36 months,Retrospective conditional validation using realized macro paths.,Term-free peak-unemployment sensitivity
layer2_peak,ProjectState_CA,0.8875965963641668,0.5830155640472067,0.9361662862146626,198,199,198,"95% percentile, positive state-weighted multiplier bootstrap; Firth re-estimated; fixed preprocessing/LGD/portfolio/scenarios",log odds; numeric coefficients on train-standardized feature scale; categorical versus stated training reference,recorded charge-off within 36 months,Retrospective conditional validation using realized macro paths.,Term-free peak-unemployment sensitivity
layer2_peak,ProjectState_CO,0.7349653229992221,0.4204733227184132,0.859932667426621,198,199,198,"95% percentile, positive state-weighted multiplier bootstrap; Firth re-estimated; fixed preprocessing/LGD/portfolio/scenarios",log odds; numeric coefficients on train-standardized feature scale; categorical versus stated training reference,recorded charge-off within 36 months,Retrospective conditional validation using realized macro paths.,Term-free peak-unemployment sensitivity
layer2_peak,ProjectState_CT,0.3981852692553566,0.0912067951374287,0.515559462104487,198,199,198,"95% percentile, positive state-weighted multiplier bootstrap; Firth re-estimated; fixed preprocessing/LGD/portfolio/scenarios",log odds; numeric coefficients on train-standardized feature scale; categorical versus stated training reference,recorded charge-off within 36 months,Retrospective conditional validation using realized macro paths.,Term-free peak-unemployment sensitivity
layer2_peak,ProjectState_DC,1.1556803185575135,0.8564130288431505,1.2581850875019849,198,199,198,"95% percentile, positive state-weighted multiplier bootstrap; Firth re-estimated; fixed preprocessing/LGD/portfolio/scenarios",log odds; numeric coefficients on train-standardized feature scale; categorical versus stated training reference,recorded charge-off within 36 months,Retrospective conditional validation using realized macro paths.,Term-free peak-unemployment sensitivity
layer2_peak,ProjectState_DE,0.3775533080345732,0.0973987960356579,0.5772938519742326,198,199,198,"95% percentile, positive state-weighted multiplier bootstrap; Firth re-estimated; fixed preprocessing/LGD/portfolio/scenarios",log odds; numeric coefficients on train-standardized feature scale; categorical versus stated training reference,recorded charge-off within 36 months,Retrospective conditional validation using realized macro paths.,Term-free peak-unemployment sensitivity
layer2_peak,ProjectState_FL,0.9573397765954824,0.6233306771570011,1.0254665388754525,198,199,198,"95% percentile, positive state-weighted multiplier bootstrap; Firth re-estimated; fixed preprocessing/LGD/portfolio/scenarios",log odds; numeric coefficients on train-standardized feature scale; categorical versus stated training reference,recorded charge-off within 36 months,Retrospective conditional validation using realized macro paths.,Term-free peak-unemployment sensitivity
layer2_peak,ProjectState_GA,1.145000497818913,0.8249551099031636,1.236138017281075,198,199,198,"95% percentile, positive state-weighted multiplier bootstrap; Firth re-estimated; fixed preprocessing/LGD/portfolio/scenarios",log odds; numeric coefficients on train-standardized feature scale; categorical versus stated training reference,recorded charge-off within 36 months,Retrospective conditional validation using realized macro paths.,Term-free peak-unemployment sensitivity
layer2_peak,ProjectState_HI,0.2626043152604636,-0.0155315236830102,0.4336651124281123,198,199,198,"95% percentile, positive state-weighted multiplier bootstrap; Firth re-estimated; fixed preprocessing/LGD/portfolio/scenarios",log odds; numeric coefficients on train-standardized feature scale; categorical versus stated training reference,recorded charge-off within 36 months,Retrospective conditional validation using realized macro paths.,Term-free peak-unemployment sensitivity
layer2_peak,ProjectState_IA,0.5318265030383011,0.2356961756172037,0.6704833786532889,198,199,198,"95% percentile, positive state-weighted multiplier bootstrap; Firth re-estimated; fixed preprocessing/LGD/portfolio/scenarios",log odds; numeric coefficients on train-standardized feature scale; categorical versus stated training reference,recorded charge-off within 36 months,Retrospective conditional validation using realized macro paths.,Term-free peak-unemployment sensitivity
layer2_peak,ProjectState_ID,0.459882920226878,0.1271735988279702,0.5516688410369827,198,199,198,"95% percentile, positive state-weighted multiplier bootstrap; Firth re-estimated; fixed preprocessing/LGD/portfolio/scenarios",log odds; numeric coefficients on train-standardized feature scale; categorical versus stated training reference,recorded charge-off within 36 months,Retrospective conditional validation using realized macro paths.,Term-free peak-unemployment sensitivity
layer2_peak,ProjectState_IL,0.7886626064328448,0.492866469916675,0.8588457711342388,198,199,198,"95% percentile, positive state-weighted multiplier bootstrap; Firth re-estimated; fixed preprocessing/LGD/portfolio/scenarios",log odds; numeric coefficients on train-standardized feature scale; categorical versus stated training reference,recorded charge-off within 36 months,Retrospective conditional validation using realized macro paths.,Term-free peak-unemployment sensitivity
layer2_peak,ProjectState_IN,0.3054098001979198,-0.0050203039461799,0.4023893020249796,198,199,198,"95% percentile, positive state-weighted multiplier bootstrap; Firth re-estimated; fixed preprocessing/LGD/portfolio/scenarios",log odds; numeric coefficients on train-standardized feature scale; categorical versus stated training reference,recorded charge-off within 36 months,Retrospective conditional validation using realized macro paths.,Term-free peak-unemployment sensitivity
layer2_peak,ProjectState_KS,0.6281753392112148,0.3077480756039235,0.7437843312011233,198,199,198,"95% percentile, positive state-weighted multiplier bootstrap; Firth re-estimated; fixed preprocessing/LGD/portfolio/scenarios",log odds; numeric coefficients on train-standardized feature scale; categorical versus stated training reference,recorded charge-off within 36 months,Retrospective conditional validation using realized macro paths.,Term-free peak-unemployment sensitivity
layer2_peak,ProjectState_KY,0.6415624697432483,0.3306146262389015,0.7276768261341668,198,199,198,"95% percentile, positive state-weighted multiplier bootstrap; Firth re-estimated; fixed preprocessing/LGD/portfolio/scenarios",log odds; numeric coefficients on train-standardized feature scale; categorical versus stated training reference,recorded charge-off within 36 months,Retrospective conditional validation using realized macro paths.,Term-free peak-unemployment sensitivity
layer2_peak,ProjectState_LA,0.3561339829545454,0.0723487924064991,0.4538525283896342,198,199,198,"95% percentile, positive state-weighted multiplier bootstrap; Firth re-estimated; fixed preprocessing/LGD/portfolio/scenarios",log odds; numeric coefficients on train-standardized feature scale; categorical versus stated training reference,recorded charge-off within 36 months,Retrospective conditional validation using realized macro paths.,Term-free peak-unemployment sensitivity
layer2_peak,ProjectState_MA,0.2159882903825464,-0.1025769614125412,0.3424008902198024,198,199,198,"95% percentile, positive state-weighted multiplier bootstrap; Firth re-estimated; fixed preprocessing/LGD/portfolio/scenarios",log odds; numeric coefficients on train-standardized feature scale; categorical versus stated training reference,recorded charge-off within 36 months,Retrospective conditional validation using realized macro paths.,Term-free peak-unemployment sensitivity
layer2_peak,ProjectState_MD,0.541513808416897,0.2430800680777275,0.6662290988174562,198,199,198,"95% percentile, positive state-weighted multiplier bootstrap; Firth re-estimated; fixed preprocessing/LGD/portfolio/scenarios",log odds; numeric coefficients on train-standardized feature scale; categorical versus stated training reference,recorded charge-off within 36 months,Retrospective conditional validation using realized macro paths.,Term-free peak-unemployment sensitivity
layer2_peak,ProjectState_ME,0.2106359521762006,-0.1063259040043163,0.3228158596192704,198,199,198,"95% percentile, positive state-weighted multiplier bootstrap; Firth re-estimated; fixed preprocessing/LGD/portfolio/scenarios",log odds; numeric coefficients on train-standardized feature scale; categorical versus stated training reference,recorded charge-off within 36 months,Retrospective conditional validation using realized macro paths.,Term-free peak-unemployment sensitivity
layer2_peak,ProjectState_MI,0.3886173378444031,0.0834829568134969,0.4544549359472301,198,199,198,"95% percentile, positive state-weighted multiplier bootstrap; Firth re-estimated; fixed preprocessing/LGD/portfolio/scenarios",log odds; numeric coefficients on train-standardized feature scale; categorical versus stated training reference,recorded charge-off within 36 months,Retrospective conditional validation using realized macro paths.,Term-free peak-unemployment sensitivity
layer2_peak,ProjectState_MN,0.4118502627103552,0.0865546214129819,0.5353253772824988,198,199,198,"95% percentile, positive state-weighted multiplier bootstrap; Firth re-estimated; fixed preprocessing/LGD/portfolio/scenarios",log odds; numeric coefficients on train-standardized feature scale; categorical versus stated training reference,recorded charge-off within 36 months,Retrospective conditional validation using realized macro paths.,Term-free peak-unemployment sensitivity
layer2_peak,ProjectState_MO,0.641234007545092,0.3122506039251776,0.7232438270346855,198,199,198,"95% percentile, positive state-weighted multiplier bootstrap; Firth re-estimated; fixed preprocessing/LGD/portfolio/scenarios",log odds; numeric coefficients on train-standardized feature scale; categorical versus stated training reference,recorded charge-off within 36 months,Retrospective conditional validation using realized macro paths.,Term-free peak-unemployment sensitivity
layer2_peak,ProjectState_MS,0.7065061066763599,0.4089924332445118,0.7883842562402621,198,199,198,"95% percentile, positive state-weighted multiplier bootstrap; Firth re-estimated; fixed preprocessing/LGD/portfolio/scenarios",log odds; numeric coefficients on train-standardized feature scale; categorical versus stated training reference,recorded charge-off within 36 months,Retrospective conditional validation using realized macro paths.,Term-free peak-unemployment sensitivity
layer2_peak,ProjectState_MT,0.1599924472112527,-0.1643134747527352,0.2748810869467725,198,199,198,"95% percentile, positive state-weighted multiplier bootstrap; Firth re-estimated; fixed preprocessing/LGD/portfolio/scenarios",log odds; numeric coefficients on train-standardized feature scale; categorical versus stated training reference,recorded charge-off within 36 months,Retrospective conditional validation using realized macro paths.,Term-free peak-unemployment sensitivity
layer2_peak,ProjectState_NC,0.5161914962274745,0.2161873616338092,0.6100447931214613,198,199,198,"95% percentile, positive state-weighted multiplier bootstrap; Firth re-estimated; fixed preprocessing/LGD/portfolio/scenarios",log odds; numeric coefficients on train-standardized feature scale; categorical versus stated training reference,recorded charge-off within 36 months,Retrospective conditional validation using realized macro paths.,Term-free peak-unemployment sensitivity
layer2_peak,ProjectState_ND,0.1574217668243525,-0.1179363945757092,0.3879116735027544,198,199,198,"95% percentile, positive state-weighted multiplier bootstrap; Firth re-estimated; fixed preprocessing/LGD/portfolio/scenarios",log odds; numeric coefficients on train-standardized feature scale; categorical versus stated training reference,recorded charge-off within 36 months,Retrospective conditional validation using realized macro paths.,Term-free peak-unemployment sensitivity
layer2_peak,ProjectState_NE,0.2775020575011736,-0.0239888369628062,0.4740487631418709,198,199,198,"95% percentile, positive state-weighted multiplier bootstrap; Firth re-estimated; fixed preprocessing/LGD/portfolio/scenarios",log odds; numeric coefficients on train-standardized feature scale; categorical versus stated training reference,recorded charge-off within 36 months,Retrospective conditional validation using realized macro paths.,Term-free peak-unemployment sensitivity
layer2_peak,ProjectState_NH,0.0213259188042962,-0.2942186575089407,0.2066634328167722,198,199,198,"95% percentile, positive state-weighted multiplier bootstrap; Firth re-estimated; fixed preprocessing/LGD/portfolio/scenarios",log odds; numeric coefficients on train-standardized feature scale; categorical versus stated training reference,recorded charge-off within 36 months,Retrospective conditional validation using realized macro paths.,Term-free peak-unemployment sensitivity
layer2_peak,ProjectState_NJ,0.8200118031838987,0.5055242614926879,0.9288410777862568,198,199,198,"95% percentile, positive state-weighted multiplier bootstrap; Firth re-estimated; fixed preprocessing/LGD/portfolio/scenarios",log odds; numeric coefficients on train-standardized feature scale; categorical versus stated training reference,recorded charge-off within 36 months,Retrospective conditional validation using realized macro paths.,Term-free peak-unemployment sensitivity
layer2_peak,ProjectState_NM,0.5710610430769918,0.2421751454489943,0.6613728688983878,198,199,198,"95% percentile, positive state-weighted multiplier bootstrap; Firth re-estimated; fixed preprocessing/LGD/portfolio/scenarios",log odds; numeric coefficients on train-standardized feature scale; categorical versus stated training reference,recorded charge-off within 36 months,Retrospective conditional validation using realized macro paths.,Term-free peak-unemployment sensitivity
layer2_peak,ProjectState_NV,0.8118184388236246,0.509335931331139,0.8740835491572384,198,199,198,"95% percentile, positive state-weighted multiplier bootstrap; Firth re-estimated; fixed preprocessing/LGD/portfolio/scenarios",log odds; numeric coefficients on train-standardized feature scale; categorical versus stated training reference,recorded charge-off within 36 months,Retrospective conditional validation using realized macro paths.,Term-free peak-unemployment sensitivity
layer2_peak,ProjectState_NY,0.8214324347988706,0.5098031444230646,0.9196027231554196,198,199,198,"95% percentile, positive state-weighted multiplier bootstrap; Firth re-estimated; fixed preprocessing/LGD/portfolio/scenarios",log odds; numeric coefficients on train-standardized feature scale; categorical versus stated training reference,recorded charge-off within 36 months,Retrospective conditional validation using realized macro paths.,Term-free peak-unemployment sensitivity
layer2_peak,ProjectState_OH,0.1884522667863325,-0.13592544600153,0.2624212569672207,198,199,198,"95% percentile, positive state-weighted multiplier bootstrap; Firth re-estimated; fixed preprocessing/LGD/portfolio/scenarios",log odds; numeric coefficients on train-standardized feature scale; categorical versus stated training reference,recorded charge-off within 36 months,Retrospective conditional validation using realized macro paths.,Term-free peak-unemployment sensitivity
layer2_peak,ProjectState_OK,0.9075625776585,0.6018447236739418,1.0505780117749193,198,199,198,"95% percentile, positive state-weighted multiplier bootstrap; Firth re-estimated; fixed preprocessing/LGD/portfolio/scenarios",log odds; numeric coefficients on train-standardized feature scale; categorical versus stated training reference,recorded charge-off within 36 months,Retrospective conditional validation using realized macro paths.,Term-free peak-unemployment sensitivity
layer2_peak,ProjectState_OR,0.4435826296396001,0.1289966335854997,0.489108658052107,198,199,198,"95% percentile, positive state-weighted multiplier bootstrap; Firth re-estimated; fixed preprocessing/LGD/portfolio/scenarios",log odds; numeric coefficients on train-standardized feature scale; categorical versus stated training reference,recorded charge-off within 36 months,Retrospective conditional validation using realized macro paths.,Term-free peak-unemployment sensitivity
layer2_peak,ProjectState_PA,0.2952561647815427,-0.0201480542566024,0.4015558274156319,198,199,198,"95% percentile, positive state-weighted multiplier bootstrap; Firth re-estimated; fixed preprocessing/LGD/portfolio/scenarios",log odds; numeric coefficients on train-standardized feature scale; categorical versus stated training reference,recorded charge-off within 36 months,Retrospective conditional validation using realized macro paths.,Term-free peak-unemployment sensitivity
layer2_peak,ProjectState_RI,0.1316341826280605,-0.1725367615571823,0.2111155141014747,198,199,198,"95% percentile, positive state-weighted multiplier bootstrap; Firth re-estimated; fixed preprocessing/LGD/portfolio/scenarios",log odds; numeric coefficients on train-standardized feature scale; categorical versus stated training reference,recorded charge-off within 36 months,Retrospective conditional validation using realized macro paths.,Term-free peak-unemployment sensitivity
layer2_peak,ProjectState_SC,0.4155119023692872,0.1009591399927612,0.4965379128572371,198,199,198,"95% percentile, positive state-weighted multiplier bootstrap; Firth re-estimated; fixed preprocessing/LGD/portfolio/scenarios",log odds; numeric coefficients on train-standardized feature scale; categorical versus stated training reference,recorded charge-off within 36 months,Retrospective conditional validation using realized macro paths.,Term-free peak-unemployment sensitivity
layer2_peak,ProjectState_SD,0.6215547468717645,0.3045561236859979,0.8101640036255399,198,199,198,"95% percentile, positive state-weighted multiplier bootstrap; Firth re-estimated; fixed preprocessing/LGD/portfolio/scenarios",log odds; numeric coefficients on train-standardized feature scale; categorical versus stated training reference,recorded charge-off within 36 months,Retrospective conditional validation using realized macro paths.,Term-free peak-unemployment sensitivity
layer2_peak,ProjectState_TN,0.6618693983270277,0.3540974507670968,0.760020042857133,198,199,198,"95% percentile, positive state-weighted multiplier bootstrap; Firth re-estimated; fixed preprocessing/LGD/portfolio/scenarios",log odds; numeric coefficients on train-standardized feature scale; categorical versus stated training reference,recorded charge-off within 36 months,Retrospective conditional validation using realized macro paths.,Term-free peak-unemployment sensitivity
layer2_peak,ProjectState_TX,0.9405900651481046,0.6199518267018238,1.0288274166967055,198,199,198,"95% percentile, positive state-weighted multiplier bootstrap; Firth re-estimated; fixed preprocessing/LGD/portfolio/scenarios",log odds; numeric coefficients on train-standardized feature scale; categorical versus stated training reference,recorded charge-off within 36 months,Retrospective conditional validation using realized macro paths.,Term-free peak-unemployment sensitivity
layer2_peak,ProjectState_UT,0.5507627232724319,0.2529534608482828,0.7081791247518605,198,199,198,"95% percentile, positive state-weighted multiplier bootstrap; Firth re-estimated; fixed preprocessing/LGD/portfolio/scenarios",log odds; numeric coefficients on train-standardized feature scale; categorical versus stated training reference,recorded charge-off within 36 months,Retrospective conditional validation using realized macro paths.,Term-free peak-unemployment sensitivity
layer2_peak,ProjectState_VA,0.710576010598979,0.4249802746121355,0.8700525230080072,198,199,198,"95% percentile, positive state-weighted multiplier bootstrap; Firth re-estimated; fixed preprocessing/LGD/portfolio/scenarios",log odds; numeric coefficients on train-standardized feature scale; categorical versus stated training reference,recorded charge-off within 36 months,Retrospective conditional validation using realized macro paths.,Term-free peak-unemployment sensitivity
layer2_peak,ProjectState_VT,-0.0159734719677093,-0.3227204074513188,0.1521687142698566,198,199,198,"95% percentile, positive state-weighted multiplier bootstrap; Firth re-estimated; fixed preprocessing/LGD/portfolio/scenarios",log odds; numeric coefficients on train-standardized feature scale; categorical versus stated training reference,recorded charge-off within 36 months,Retrospective conditional validation using realized macro paths.,Term-free peak-unemployment sensitivity
layer2_peak,ProjectState_WA,0.5089599854997234,0.1704342524631468,0.5586101174234135,198,199,198,"95% percentile, positive state-weighted multiplier bootstrap; Firth re-estimated; fixed preprocessing/LGD/portfolio/scenarios",log odds; numeric coefficients on train-standardized feature scale; categorical versus stated training reference,recorded charge-off within 36 months,Retrospective conditional validation using realized macro paths.,Term-free peak-unemployment sensitivity
layer2_peak,ProjectState_WI,0.1577280453818725,-0.167175492250371,0.2681734216455647,198,199,198,"95% percentile, positive state-weighted multiplier bootstrap; Firth re-estimated; fixed preprocessing/LGD/portfolio/scenarios",log odds; numeric coefficients on train-standardized feature scale; categorical versus stated training reference,recorded charge-off within 36 months,Retrospective conditional validation using realized macro paths.,Term-free peak-unemployment sensitivity
layer2_peak,ProjectState_WV,1.119461885771988,0.7895701504476558,1.183042680779102,198,199,198,"95% percentile, positive state-weighted multiplier bootstrap; Firth re-estimated; fixed preprocessing/LGD/portfolio/scenarios",log odds; numeric coefficients on train-standardized feature scale; categorical versus stated training reference,recorded charge-off within 36 months,Retrospective conditional validation using realized macro paths.,Term-free peak-unemployment sensitivity
layer2_peak,ProjectState_WY,0.4886277429615854,0.1786782543315663,0.617654904745578,198,199,198,"95% percentile, positive state-weighted multiplier bootstrap; Firth re-estimated; fixed preprocessing/LGD/portfolio/scenarios",log odds; numeric coefficients on train-standardized feature scale; categorical versus stated training reference,recorded charge-off within 36 months,Retrospective conditional validation using realized macro paths.,Term-free peak-unemployment sensitivity
