value,n,interpretation,feature,contrast,lower,upper,effective_interval_draws,variant,attempted_draws,successful_model_draws,interval,outcome,layer_interpretation,specification_role
-1.280063641381828,405443,average marginal association in percentage points; not causal,log_approval,derivative per unit of native feature (log variables remain log units),-1.5093350292127794,-1.139436891512784,196,layer1,199,196,"95% percentile, positive state-weighted multiplier bootstrap; Firth re-estimated; fixed preprocessing/LGD/portfolio/scenarios",recorded charge-off within 36 months,Approval-descriptor prediction,Term-free primary specification
-4.751877284337826,405443,average marginal association in percentage points; not causal,guarantee_share,derivative per unit of native feature (log variables remain log units),-6.472083352295073,-3.4754360409295897,196,layer1,199,196,"95% percentile, positive state-weighted multiplier bootstrap; Firth re-estimated; fixed preprocessing/LGD/portfolio/scenarios",recorded charge-off within 36 months,Approval-descriptor prediction,Term-free primary specification
-0.052007907642954,405443,average marginal association in percentage points; not causal,log_jobs,derivative per unit of native feature (log variables remain log units),-0.2793642492730696,0.1576452544078343,196,layer1,199,196,"95% percentile, positive state-weighted multiplier bootstrap; Firth re-estimated; fixed preprocessing/LGD/portfolio/scenarios",recorded charge-off within 36 months,Approval-descriptor prediction,Term-free primary specification
-0.5926381265538078,405443,average marginal association in percentage points; not causal,ProcessingMethod_7a with EWCP,discrete contrast against training reference category,-1.512715245094621,0.4277259787777301,196,layer1,199,196,"95% percentile, positive state-weighted multiplier bootstrap; Firth re-estimated; fixed preprocessing/LGD/portfolio/scenarios",recorded charge-off within 36 months,Approval-descriptor prediction,Term-free primary specification
-0.7406382975736506,405443,average marginal association in percentage points; not causal,ProcessingMethod_Certified Lenders Program,discrete contrast against training reference category,-0.9327308744771228,-0.4589892982525755,196,layer1,199,196,"95% percentile, positive state-weighted multiplier bootstrap; Firth re-estimated; fixed preprocessing/LGD/portfolio/scenarios",recorded charge-off within 36 months,Approval-descriptor prediction,Term-free primary specification
3.2183617854184723,405443,average marginal association in percentage points; not causal,ProcessingMethod_Community Express,discrete contrast against training reference category,1.7319831983268197,4.682859175371058,196,layer1,199,196,"95% percentile, positive state-weighted multiplier bootstrap; Firth re-estimated; fixed preprocessing/LGD/portfolio/scenarios",recorded charge-off within 36 months,Approval-descriptor prediction,Term-free primary specification
-1.0030866630378186,405443,average marginal association in percentage points; not causal,ProcessingMethod_International Trade Loans,discrete contrast against training reference category,-2.219876682262533,0.3298567921388624,196,layer1,199,196,"95% percentile, positive state-weighted multiplier bootstrap; Firth re-estimated; fixed preprocessing/LGD/portfolio/scenarios",recorded charge-off within 36 months,Approval-descriptor prediction,Term-free primary specification
1.3657977231206897,405443,average marginal association in percentage points; not causal,ProcessingMethod_Low Documentation Program,discrete contrast against training reference category,1.0667404554009838,1.7181485426085912,196,layer1,199,196,"95% percentile, positive state-weighted multiplier bootstrap; Firth re-estimated; fixed preprocessing/LGD/portfolio/scenarios",recorded charge-off within 36 months,Approval-descriptor prediction,Term-free primary specification
10.769007998902492,405443,average marginal association in percentage points; not causal,ProcessingMethod_Other,discrete contrast against training reference category,5.411048798826151,16.33666502346217,196,layer1,199,196,"95% percentile, positive state-weighted multiplier bootstrap; Firth re-estimated; fixed preprocessing/LGD/portfolio/scenarios",recorded charge-off within 36 months,Approval-descriptor prediction,Term-free primary specification
-0.6364333530332559,405443,average marginal association in percentage points; not causal,ProcessingMethod_Preferred Lenders Program,discrete contrast against training reference category,-1.008379963862852,-0.2580745050278246,196,layer1,199,196,"95% percentile, positive state-weighted multiplier bootstrap; Firth re-estimated; fixed preprocessing/LGD/portfolio/scenarios",recorded charge-off within 36 months,Approval-descriptor prediction,Term-free primary specification
-2.555305868686698,405443,average marginal association in percentage points; not causal,ProcessingMethod_SBA Express Program,discrete contrast against training reference category,-2.9598684290924338,-2.2094720778719172,196,layer1,199,196,"95% percentile, positive state-weighted multiplier bootstrap; Firth re-estimated; fixed preprocessing/LGD/portfolio/scenarios",recorded charge-off within 36 months,Approval-descriptor prediction,Term-free primary specification
-3.5947012826926685,405443,average marginal association in percentage points; not causal,ProcessingMethod_Small Asset Base Line of Credit (CAPLine),discrete contrast against training reference category,-4.038961039263145,-2.835810369947984,196,layer1,199,196,"95% percentile, positive state-weighted multiplier bootstrap; Firth re-estimated; fixed preprocessing/LGD/portfolio/scenarios",recorded charge-off within 36 months,Approval-descriptor prediction,Term-free primary specification
1.6374149555866018,405443,average marginal association in percentage points; not causal,naics2_21,discrete contrast against training reference category,1.0185119835068353,2.3339015340825595,196,layer1,199,196,"95% percentile, positive state-weighted multiplier bootstrap; Firth re-estimated; fixed preprocessing/LGD/portfolio/scenarios",recorded charge-off within 36 months,Approval-descriptor prediction,Term-free primary specification
1.6173280174319389,405443,average marginal association in percentage points; not causal,naics2_23,discrete contrast against training reference category,1.00281300597637,2.1614657645299187,196,layer1,199,196,"95% percentile, positive state-weighted multiplier bootstrap; Firth re-estimated; fixed preprocessing/LGD/portfolio/scenarios",recorded charge-off within 36 months,Approval-descriptor prediction,Term-free primary specification
2.360503909947624,405443,average marginal association in percentage points; not causal,naics2_31,discrete contrast against training reference category,1.642184469422685,3.0016661855715814,196,layer1,199,196,"95% percentile, positive state-weighted multiplier bootstrap; Firth re-estimated; fixed preprocessing/LGD/portfolio/scenarios",recorded charge-off within 36 months,Approval-descriptor prediction,Term-free primary specification
1.963264132506546,405443,average marginal association in percentage points; not causal,naics2_32,discrete contrast against training reference category,1.2067142296230562,2.831807682417846,196,layer1,199,196,"95% percentile, positive state-weighted multiplier bootstrap; Firth re-estimated; fixed preprocessing/LGD/portfolio/scenarios",recorded charge-off within 36 months,Approval-descriptor prediction,Term-free primary specification
2.0360652193328055,405443,average marginal association in percentage points; not causal,naics2_33,discrete contrast against training reference category,1.5136003832876854,2.527064879381482,196,layer1,199,196,"95% percentile, positive state-weighted multiplier bootstrap; Firth re-estimated; fixed preprocessing/LGD/portfolio/scenarios",recorded charge-off within 36 months,Approval-descriptor prediction,Term-free primary specification
2.3368631852293644,405443,average marginal association in percentage points; not causal,naics2_42,discrete contrast against training reference category,1.5448883036290764,2.850915897911576,196,layer1,199,196,"95% percentile, positive state-weighted multiplier bootstrap; Firth re-estimated; fixed preprocessing/LGD/portfolio/scenarios",recorded charge-off within 36 months,Approval-descriptor prediction,Term-free primary specification
2.6403955044858556,405443,average marginal association in percentage points; not causal,naics2_44,discrete contrast against training reference category,2.030989407083218,3.175078415185926,196,layer1,199,196,"95% percentile, positive state-weighted multiplier bootstrap; Firth re-estimated; fixed preprocessing/LGD/portfolio/scenarios",recorded charge-off within 36 months,Approval-descriptor prediction,Term-free primary specification
3.0884872912639225,405443,average marginal association in percentage points; not causal,naics2_45,discrete contrast against training reference category,2.513212805990991,3.5724977706617493,196,layer1,199,196,"95% percentile, positive state-weighted multiplier bootstrap; Firth re-estimated; fixed preprocessing/LGD/portfolio/scenarios",recorded charge-off within 36 months,Approval-descriptor prediction,Term-free primary specification
2.498980460380436,405443,average marginal association in percentage points; not causal,naics2_48,discrete contrast against training reference category,1.7379732162220218,3.1448524137942604,196,layer1,199,196,"95% percentile, positive state-weighted multiplier bootstrap; Firth re-estimated; fixed preprocessing/LGD/portfolio/scenarios",recorded charge-off within 36 months,Approval-descriptor prediction,Term-free primary specification
1.230047055583158,405443,average marginal association in percentage points; not causal,naics2_49,discrete contrast against training reference category,-0.0054216007341259,2.4848442894593674,196,layer1,199,196,"95% percentile, positive state-weighted multiplier bootstrap; Firth re-estimated; fixed preprocessing/LGD/portfolio/scenarios",recorded charge-off within 36 months,Approval-descriptor prediction,Term-free primary specification
2.083488213899716,405443,average marginal association in percentage points; not causal,naics2_51,discrete contrast against training reference category,1.225276363792632,2.9235241627628543,196,layer1,199,196,"95% percentile, positive state-weighted multiplier bootstrap; Firth re-estimated; fixed preprocessing/LGD/portfolio/scenarios",recorded charge-off within 36 months,Approval-descriptor prediction,Term-free primary specification
0.4611457664294169,405443,average marginal association in percentage points; not causal,naics2_52,discrete contrast against training reference category,-0.3742492406195776,1.2328841749101913,196,layer1,199,196,"95% percentile, positive state-weighted multiplier bootstrap; Firth re-estimated; fixed preprocessing/LGD/portfolio/scenarios",recorded charge-off within 36 months,Approval-descriptor prediction,Term-free primary specification
2.50712496883031,405443,average marginal association in percentage points; not causal,naics2_53,discrete contrast against training reference category,1.4491894486344623,3.4729464835867287,196,layer1,199,196,"95% percentile, positive state-weighted multiplier bootstrap; Firth re-estimated; fixed preprocessing/LGD/portfolio/scenarios",recorded charge-off within 36 months,Approval-descriptor prediction,Term-free primary specification
0.936711486276651,405443,average marginal association in percentage points; not causal,naics2_54,discrete contrast against training reference category,0.1988076862334584,1.4917172115391906,196,layer1,199,196,"95% percentile, positive state-weighted multiplier bootstrap; Firth re-estimated; fixed preprocessing/LGD/portfolio/scenarios",recorded charge-off within 36 months,Approval-descriptor prediction,Term-free primary specification
1.6174473658296058,405443,average marginal association in percentage points; not causal,naics2_56,discrete contrast against training reference category,1.0627520752887902,2.079602412775894,196,layer1,199,196,"95% percentile, positive state-weighted multiplier bootstrap; Firth re-estimated; fixed preprocessing/LGD/portfolio/scenarios",recorded charge-off within 36 months,Approval-descriptor prediction,Term-free primary specification
1.3422677554588762,405443,average marginal association in percentage points; not causal,naics2_61,discrete contrast against training reference category,0.5886617914835153,1.9807897399891432,196,layer1,199,196,"95% percentile, positive state-weighted multiplier bootstrap; Firth re-estimated; fixed preprocessing/LGD/portfolio/scenarios",recorded charge-off within 36 months,Approval-descriptor prediction,Term-free primary specification
0.4937419133059449,405443,average marginal association in percentage points; not causal,naics2_62,discrete contrast against training reference category,-0.0897960641455097,0.8941346723036983,196,layer1,199,196,"95% percentile, positive state-weighted multiplier bootstrap; Firth re-estimated; fixed preprocessing/LGD/portfolio/scenarios",recorded charge-off within 36 months,Approval-descriptor prediction,Term-free primary specification
2.1644179290614667,405443,average marginal association in percentage points; not causal,naics2_71,discrete contrast against training reference category,1.573815685480278,2.7722004231243993,196,layer1,199,196,"95% percentile, positive state-weighted multiplier bootstrap; Firth re-estimated; fixed preprocessing/LGD/portfolio/scenarios",recorded charge-off within 36 months,Approval-descriptor prediction,Term-free primary specification
2.2791691912265595,405443,average marginal association in percentage points; not causal,naics2_72,discrete contrast against training reference category,1.61867049827582,2.8411570729457836,196,layer1,199,196,"95% percentile, positive state-weighted multiplier bootstrap; Firth re-estimated; fixed preprocessing/LGD/portfolio/scenarios",recorded charge-off within 36 months,Approval-descriptor prediction,Term-free primary specification
1.597068967773117,405443,average marginal association in percentage points; not causal,naics2_81,discrete contrast against training reference category,1.036781041718097,2.084102849167194,196,layer1,199,196,"95% percentile, positive state-weighted multiplier bootstrap; Firth re-estimated; fixed preprocessing/LGD/portfolio/scenarios",recorded charge-off within 36 months,Approval-descriptor prediction,Term-free primary specification
1.5438129676075651,405443,average marginal association in percentage points; not causal,naics2_Other,discrete contrast against training reference category,0.4428740328175605,3.051494423221341,196,layer1,199,196,"95% percentile, positive state-weighted multiplier bootstrap; Firth re-estimated; fixed preprocessing/LGD/portfolio/scenarios",recorded charge-off within 36 months,Approval-descriptor prediction,Term-free primary specification
2.749089434265954,405443,average marginal association in percentage points; not causal,naics2___missing__,discrete contrast against training reference category,2.14393103626141,3.173775327808474,196,layer1,199,196,"95% percentile, positive state-weighted multiplier bootstrap; Firth re-estimated; fixed preprocessing/LGD/portfolio/scenarios",recorded charge-off within 36 months,Approval-descriptor prediction,Term-free primary specification
-0.1351458742575291,405443,average marginal association in percentage points; not causal,BusinessType_INDIVIDUAL,discrete contrast against training reference category,-0.2868097867684723,0.0442403735370236,196,layer1,199,196,"95% percentile, positive state-weighted multiplier bootstrap; Firth re-estimated; fixed preprocessing/LGD/portfolio/scenarios",recorded charge-off within 36 months,Approval-descriptor prediction,Term-free primary specification
-1.0647288683367069,405443,average marginal association in percentage points; not causal,BusinessType_PARTNERSHIP,discrete contrast against training reference category,-1.2643234611332472,-0.8120111424389265,196,layer1,199,196,"95% percentile, positive state-weighted multiplier bootstrap; Firth re-estimated; fixed preprocessing/LGD/portfolio/scenarios",recorded charge-off within 36 months,Approval-descriptor prediction,Term-free primary specification
7.627865793745869,405443,average marginal association in percentage points; not causal,BusinessType___missing__,discrete contrast against training reference category,4.586535773071973,11.879008801138486,196,layer1,199,196,"95% percentile, positive state-weighted multiplier bootstrap; Firth re-estimated; fixed preprocessing/LGD/portfolio/scenarios",recorded charge-off within 36 months,Approval-descriptor prediction,Term-free primary specification
-0.3687385368619674,405443,average marginal association in percentage points; not causal,BusinessAge_Less than 4 years old but at least 3,discrete contrast against training reference category,-2.5125140057080526,0.9599523030032714,196,layer1,199,196,"95% percentile, positive state-weighted multiplier bootstrap; Firth re-estimated; fixed preprocessing/LGD/portfolio/scenarios",recorded charge-off within 36 months,Approval-descriptor prediction,Term-free primary specification
0.9729988290267678,405443,average marginal association in percentage points; not causal,"BusinessAge_New, Less than 1 Year old",discrete contrast against training reference category,-1.267929565671149,2.427129406186678,196,layer1,199,196,"95% percentile, positive state-weighted multiplier bootstrap; Firth re-estimated; fixed preprocessing/LGD/portfolio/scenarios",recorded charge-off within 36 months,Approval-descriptor prediction,Term-free primary specification
-1.5165800850801934,405443,average marginal association in percentage points; not causal,BusinessAge_Other,discrete contrast against training reference category,-3.6088318652331295,0.256961417618425,196,layer1,199,196,"95% percentile, positive state-weighted multiplier bootstrap; Firth re-estimated; fixed preprocessing/LGD/portfolio/scenarios",recorded charge-off within 36 months,Approval-descriptor prediction,Term-free primary specification
0.4035764814956605,405443,average marginal association in percentage points; not causal,franchise_present,discrete contrast against training reference category,0.0970885556221312,0.7158690497837721,196,layer1,199,196,"95% percentile, positive state-weighted multiplier bootstrap; Firth re-estimated; fixed preprocessing/LGD/portfolio/scenarios",recorded charge-off within 36 months,Approval-descriptor prediction,Term-free primary specification
-10.87910603043404,405443,average marginal association in percentage points; not causal,loan_type_term,discrete contrast against training reference category,-14.575019916139873,-8.029936240586176,196,layer1,199,196,"95% percentile, positive state-weighted multiplier bootstrap; Firth re-estimated; fixed preprocessing/LGD/portfolio/scenarios",recorded charge-off within 36 months,Approval-descriptor prediction,Term-free primary specification
3.418904538309204,405443,average marginal association in percentage points; not causal,ProjectState_AL,discrete contrast against training reference category,2.224071281027645,3.6180297335223432,196,layer1,199,196,"95% percentile, positive state-weighted multiplier bootstrap; Firth re-estimated; fixed preprocessing/LGD/portfolio/scenarios",recorded charge-off within 36 months,Approval-descriptor prediction,Term-free primary specification
2.333825385462054,405443,average marginal association in percentage points; not causal,ProjectState_AR,discrete contrast against training reference category,1.1123370578319531,2.5049442338976933,196,layer1,199,196,"95% percentile, positive state-weighted multiplier bootstrap; Firth re-estimated; fixed preprocessing/LGD/portfolio/scenarios",recorded charge-off within 36 months,Approval-descriptor prediction,Term-free primary specification
0.7682579261168251,405443,average marginal association in percentage points; not causal,ProjectState_AZ,discrete contrast against training reference category,-0.2786616931770815,1.0776823791253995,196,layer1,199,196,"95% percentile, positive state-weighted multiplier bootstrap; Firth re-estimated; fixed preprocessing/LGD/portfolio/scenarios",recorded charge-off within 36 months,Approval-descriptor prediction,Term-free primary specification
1.2218650031500304,405443,average marginal association in percentage points; not causal,ProjectState_CA,discrete contrast against training reference category,0.1359175925764497,1.4621275355342265,196,layer1,199,196,"95% percentile, positive state-weighted multiplier bootstrap; Firth re-estimated; fixed preprocessing/LGD/portfolio/scenarios",recorded charge-off within 36 months,Approval-descriptor prediction,Term-free primary specification
1.720769719991549,405443,average marginal association in percentage points; not causal,ProjectState_CO,discrete contrast against training reference category,0.6989254454153072,1.9705649483251968,196,layer1,199,196,"95% percentile, positive state-weighted multiplier bootstrap; Firth re-estimated; fixed preprocessing/LGD/portfolio/scenarios",recorded charge-off within 36 months,Approval-descriptor prediction,Term-free primary specification
1.4068685366538358,405443,average marginal association in percentage points; not causal,ProjectState_CT,discrete contrast against training reference category,0.3720751973618798,1.6544335680973692,196,layer1,199,196,"95% percentile, positive state-weighted multiplier bootstrap; Firth re-estimated; fixed preprocessing/LGD/portfolio/scenarios",recorded charge-off within 36 months,Approval-descriptor prediction,Term-free primary specification
2.4150405640217194,405443,average marginal association in percentage points; not causal,ProjectState_DC,discrete contrast against training reference category,1.7101138472939443,4.579198394406802,196,layer1,199,196,"95% percentile, positive state-weighted multiplier bootstrap; Firth re-estimated; fixed preprocessing/LGD/portfolio/scenarios",recorded charge-off within 36 months,Approval-descriptor prediction,Term-free primary specification
0.1759503614665463,405443,average marginal association in percentage points; not causal,ProjectState_DE,discrete contrast against training reference category,-0.749272076326307,1.2237772915435672,196,layer1,199,196,"95% percentile, positive state-weighted multiplier bootstrap; Firth re-estimated; fixed preprocessing/LGD/portfolio/scenarios",recorded charge-off within 36 months,Approval-descriptor prediction,Term-free primary specification
1.2538615706222678,405443,average marginal association in percentage points; not causal,ProjectState_FL,discrete contrast against training reference category,0.2075213365819544,1.4016886139094302,196,layer1,199,196,"95% percentile, positive state-weighted multiplier bootstrap; Firth re-estimated; fixed preprocessing/LGD/portfolio/scenarios",recorded charge-off within 36 months,Approval-descriptor prediction,Term-free primary specification
2.6671256630885765,405443,average marginal association in percentage points; not causal,ProjectState_GA,discrete contrast against training reference category,1.5810416877999829,2.9428609937294667,196,layer1,199,196,"95% percentile, positive state-weighted multiplier bootstrap; Firth re-estimated; fixed preprocessing/LGD/portfolio/scenarios",recorded charge-off within 36 months,Approval-descriptor prediction,Term-free primary specification
-0.0822850589522468,405443,average marginal association in percentage points; not causal,ProjectState_HI,discrete contrast against training reference category,-1.2151314847418562,1.2449513338249858,196,layer1,199,196,"95% percentile, positive state-weighted multiplier bootstrap; Firth re-estimated; fixed preprocessing/LGD/portfolio/scenarios",recorded charge-off within 36 months,Approval-descriptor prediction,Term-free primary specification
1.0088656034445331,405443,average marginal association in percentage points; not causal,ProjectState_IA,discrete contrast against training reference category,-0.1020736486170819,1.2181533158453557,196,layer1,199,196,"95% percentile, positive state-weighted multiplier bootstrap; Firth re-estimated; fixed preprocessing/LGD/portfolio/scenarios",recorded charge-off within 36 months,Approval-descriptor prediction,Term-free primary specification
1.275636274639281,405443,average marginal association in percentage points; not causal,ProjectState_ID,discrete contrast against training reference category,0.1151011323460404,1.4717939634075847,196,layer1,199,196,"95% percentile, positive state-weighted multiplier bootstrap; Firth re-estimated; fixed preprocessing/LGD/portfolio/scenarios",recorded charge-off within 36 months,Approval-descriptor prediction,Term-free primary specification
1.3569468198992845,405443,average marginal association in percentage points; not causal,ProjectState_IL,discrete contrast against training reference category,0.3301736721941721,1.4739843078569774,196,layer1,199,196,"95% percentile, positive state-weighted multiplier bootstrap; Firth re-estimated; fixed preprocessing/LGD/portfolio/scenarios",recorded charge-off within 36 months,Approval-descriptor prediction,Term-free primary specification
0.177670158587066,405443,average marginal association in percentage points; not causal,ProjectState_IN,discrete contrast against training reference category,-0.9989076861100816,0.4732151274867466,196,layer1,199,196,"95% percentile, positive state-weighted multiplier bootstrap; Firth re-estimated; fixed preprocessing/LGD/portfolio/scenarios",recorded charge-off within 36 months,Approval-descriptor prediction,Term-free primary specification
1.9904666089993897,405443,average marginal association in percentage points; not causal,ProjectState_KS,discrete contrast against training reference category,0.7915522035515817,2.207536540577419,196,layer1,199,196,"95% percentile, positive state-weighted multiplier bootstrap; Firth re-estimated; fixed preprocessing/LGD/portfolio/scenarios",recorded charge-off within 36 months,Approval-descriptor prediction,Term-free primary specification
1.5995893165678998,405443,average marginal association in percentage points; not causal,ProjectState_KY,discrete contrast against training reference category,0.4541327456146854,1.859135206703045,196,layer1,199,196,"95% percentile, positive state-weighted multiplier bootstrap; Firth re-estimated; fixed preprocessing/LGD/portfolio/scenarios",recorded charge-off within 36 months,Approval-descriptor prediction,Term-free primary specification
1.664652050756672,405443,average marginal association in percentage points; not causal,ProjectState_LA,discrete contrast against training reference category,0.4450855568136271,1.8251894309517,196,layer1,199,196,"95% percentile, positive state-weighted multiplier bootstrap; Firth re-estimated; fixed preprocessing/LGD/portfolio/scenarios",recorded charge-off within 36 months,Approval-descriptor prediction,Term-free primary specification
0.0135632350253704,405443,average marginal association in percentage points; not causal,ProjectState_MA,discrete contrast against training reference category,-1.1137026988261054,0.2292222114657823,196,layer1,199,196,"95% percentile, positive state-weighted multiplier bootstrap; Firth re-estimated; fixed preprocessing/LGD/portfolio/scenarios",recorded charge-off within 36 months,Approval-descriptor prediction,Term-free primary specification
0.5833799778083435,405443,average marginal association in percentage points; not causal,ProjectState_MD,discrete contrast against training reference category,-0.5307243974209692,0.7295775205402821,196,layer1,199,196,"95% percentile, positive state-weighted multiplier bootstrap; Firth re-estimated; fixed preprocessing/LGD/portfolio/scenarios",recorded charge-off within 36 months,Approval-descriptor prediction,Term-free primary specification
0.8254265713668826,405443,average marginal association in percentage points; not causal,ProjectState_ME,discrete contrast against training reference category,-0.2748880352694896,1.1108510530702622,196,layer1,199,196,"95% percentile, positive state-weighted multiplier bootstrap; Firth re-estimated; fixed preprocessing/LGD/portfolio/scenarios",recorded charge-off within 36 months,Approval-descriptor prediction,Term-free primary specification
-0.7402368665927962,405443,average marginal association in percentage points; not causal,ProjectState_MI,discrete contrast against training reference category,-1.7771040060810048,-0.5566945157717987,196,layer1,199,196,"95% percentile, positive state-weighted multiplier bootstrap; Firth re-estimated; fixed preprocessing/LGD/portfolio/scenarios",recorded charge-off within 36 months,Approval-descriptor prediction,Term-free primary specification
1.1827589264071685,405443,average marginal association in percentage points; not causal,ProjectState_MN,discrete contrast against training reference category,0.0859384722486392,1.305819326334063,196,layer1,199,196,"95% percentile, positive state-weighted multiplier bootstrap; Firth re-estimated; fixed preprocessing/LGD/portfolio/scenarios",recorded charge-off within 36 months,Approval-descriptor prediction,Term-free primary specification
1.605419826246006,405443,average marginal association in percentage points; not causal,ProjectState_MO,discrete contrast against training reference category,0.3962837885205367,1.7184950468771685,196,layer1,199,196,"95% percentile, positive state-weighted multiplier bootstrap; Firth re-estimated; fixed preprocessing/LGD/portfolio/scenarios",recorded charge-off within 36 months,Approval-descriptor prediction,Term-free primary specification
1.7397150584162924,405443,average marginal association in percentage points; not causal,ProjectState_MS,discrete contrast against training reference category,0.5956645546597256,2.385709847440456,196,layer1,199,196,"95% percentile, positive state-weighted multiplier bootstrap; Firth re-estimated; fixed preprocessing/LGD/portfolio/scenarios",recorded charge-off within 36 months,Approval-descriptor prediction,Term-free primary specification
0.173310522798627,405443,average marginal association in percentage points; not causal,ProjectState_MT,discrete contrast against training reference category,-0.9425579617591944,0.3888688982357933,196,layer1,199,196,"95% percentile, positive state-weighted multiplier bootstrap; Firth re-estimated; fixed preprocessing/LGD/portfolio/scenarios",recorded charge-off within 36 months,Approval-descriptor prediction,Term-free primary specification
0.9951147350850448,405443,average marginal association in percentage points; not causal,ProjectState_NC,discrete contrast against training reference category,-0.1105853434317617,1.333445296803058,196,layer1,199,196,"95% percentile, positive state-weighted multiplier bootstrap; Firth re-estimated; fixed preprocessing/LGD/portfolio/scenarios",recorded charge-off within 36 months,Approval-descriptor prediction,Term-free primary specification
0.621726696226696,405443,average marginal association in percentage points; not causal,ProjectState_ND,discrete contrast against training reference category,-0.2824799122713886,1.1175091365642675,196,layer1,199,196,"95% percentile, positive state-weighted multiplier bootstrap; Firth re-estimated; fixed preprocessing/LGD/portfolio/scenarios",recorded charge-off within 36 months,Approval-descriptor prediction,Term-free primary specification
0.1281994681764875,405443,average marginal association in percentage points; not causal,ProjectState_NE,discrete contrast against training reference category,-0.8899023331729099,0.6025678655700271,196,layer1,199,196,"95% percentile, positive state-weighted multiplier bootstrap; Firth re-estimated; fixed preprocessing/LGD/portfolio/scenarios",recorded charge-off within 36 months,Approval-descriptor prediction,Term-free primary specification
-0.1815198931817208,405443,average marginal association in percentage points; not causal,ProjectState_NH,discrete contrast against training reference category,-1.292476766009136,0.1672449132306026,196,layer1,199,196,"95% percentile, positive state-weighted multiplier bootstrap; Firth re-estimated; fixed preprocessing/LGD/portfolio/scenarios",recorded charge-off within 36 months,Approval-descriptor prediction,Term-free primary specification
0.7052128443095986,405443,average marginal association in percentage points; not causal,ProjectState_NJ,discrete contrast against training reference category,-0.2627538937688368,1.0644303734498506,196,layer1,199,196,"95% percentile, positive state-weighted multiplier bootstrap; Firth re-estimated; fixed preprocessing/LGD/portfolio/scenarios",recorded charge-off within 36 months,Approval-descriptor prediction,Term-free primary specification
1.8072575453082032,405443,average marginal association in percentage points; not causal,ProjectState_NM,discrete contrast against training reference category,0.6177823112379491,2.185907357039635,196,layer1,199,196,"95% percentile, positive state-weighted multiplier bootstrap; Firth re-estimated; fixed preprocessing/LGD/portfolio/scenarios",recorded charge-off within 36 months,Approval-descriptor prediction,Term-free primary specification
3.1363836685367352,405443,average marginal association in percentage points; not causal,ProjectState_NV,discrete contrast against training reference category,2.148338209670961,3.6059478395486897,196,layer1,199,196,"95% percentile, positive state-weighted multiplier bootstrap; Firth re-estimated; fixed preprocessing/LGD/portfolio/scenarios",recorded charge-off within 36 months,Approval-descriptor prediction,Term-free primary specification
1.1761467715176843,405443,average marginal association in percentage points; not causal,ProjectState_NY,discrete contrast against training reference category,0.0135584874365616,1.296506011143289,196,layer1,199,196,"95% percentile, positive state-weighted multiplier bootstrap; Firth re-estimated; fixed preprocessing/LGD/portfolio/scenarios",recorded charge-off within 36 months,Approval-descriptor prediction,Term-free primary specification
-0.1665973872942874,405443,average marginal association in percentage points; not causal,ProjectState_OH,discrete contrast against training reference category,-1.274876920043867,-0.027038175190879,196,layer1,199,196,"95% percentile, positive state-weighted multiplier bootstrap; Firth re-estimated; fixed preprocessing/LGD/portfolio/scenarios",recorded charge-off within 36 months,Approval-descriptor prediction,Term-free primary specification
3.2972281916411177,405443,average marginal association in percentage points; not causal,ProjectState_OK,discrete contrast against training reference category,2.1470235272508544,3.488009826229573,196,layer1,199,196,"95% percentile, positive state-weighted multiplier bootstrap; Firth re-estimated; fixed preprocessing/LGD/portfolio/scenarios",recorded charge-off within 36 months,Approval-descriptor prediction,Term-free primary specification
0.6104667899054562,405443,average marginal association in percentage points; not causal,ProjectState_OR,discrete contrast against training reference category,-0.3719649309606433,1.1458428675660426,196,layer1,199,196,"95% percentile, positive state-weighted multiplier bootstrap; Firth re-estimated; fixed preprocessing/LGD/portfolio/scenarios",recorded charge-off within 36 months,Approval-descriptor prediction,Term-free primary specification
-0.3074957946429852,405443,average marginal association in percentage points; not causal,ProjectState_PA,discrete contrast against training reference category,-1.4201408915029563,-0.1757075132246769,196,layer1,199,196,"95% percentile, positive state-weighted multiplier bootstrap; Firth re-estimated; fixed preprocessing/LGD/portfolio/scenarios",recorded charge-off within 36 months,Approval-descriptor prediction,Term-free primary specification
-0.1499884768904298,405443,average marginal association in percentage points; not causal,ProjectState_RI,discrete contrast against training reference category,-1.2399082923082223,0.0956278361799277,196,layer1,199,196,"95% percentile, positive state-weighted multiplier bootstrap; Firth re-estimated; fixed preprocessing/LGD/portfolio/scenarios",recorded charge-off within 36 months,Approval-descriptor prediction,Term-free primary specification
0.2688749922164251,405443,average marginal association in percentage points; not causal,ProjectState_SC,discrete contrast against training reference category,-0.813175032484727,0.8296337582353346,196,layer1,199,196,"95% percentile, positive state-weighted multiplier bootstrap; Firth re-estimated; fixed preprocessing/LGD/portfolio/scenarios",recorded charge-off within 36 months,Approval-descriptor prediction,Term-free primary specification
1.6968763021605062,405443,average marginal association in percentage points; not causal,ProjectState_SD,discrete contrast against training reference category,0.6059599176975392,1.9860971317650469,196,layer1,199,196,"95% percentile, positive state-weighted multiplier bootstrap; Firth re-estimated; fixed preprocessing/LGD/portfolio/scenarios",recorded charge-off within 36 months,Approval-descriptor prediction,Term-free primary specification
2.7091516873431556,405443,average marginal association in percentage points; not causal,ProjectState_TN,discrete contrast against training reference category,1.5268123779687224,3.094977792276859,196,layer1,199,196,"95% percentile, positive state-weighted multiplier bootstrap; Firth re-estimated; fixed preprocessing/LGD/portfolio/scenarios",recorded charge-off within 36 months,Approval-descriptor prediction,Term-free primary specification
3.0678675984082995,405443,average marginal association in percentage points; not causal,ProjectState_TX,discrete contrast against training reference category,1.9737894137142469,3.2034255719781792,196,layer1,199,196,"95% percentile, positive state-weighted multiplier bootstrap; Firth re-estimated; fixed preprocessing/LGD/portfolio/scenarios",recorded charge-off within 36 months,Approval-descriptor prediction,Term-free primary specification
0.9813623829906531,405443,average marginal association in percentage points; not causal,ProjectState_UT,discrete contrast against training reference category,-0.0456216049026705,1.2558045579470518,196,layer1,199,196,"95% percentile, positive state-weighted multiplier bootstrap; Firth re-estimated; fixed preprocessing/LGD/portfolio/scenarios",recorded charge-off within 36 months,Approval-descriptor prediction,Term-free primary specification
1.2471057228761149,405443,average marginal association in percentage points; not causal,ProjectState_VA,discrete contrast against training reference category,0.0755055997077044,1.4088430274979995,196,layer1,199,196,"95% percentile, positive state-weighted multiplier bootstrap; Firth re-estimated; fixed preprocessing/LGD/portfolio/scenarios",recorded charge-off within 36 months,Approval-descriptor prediction,Term-free primary specification
0.5501090378250985,405443,average marginal association in percentage points; not causal,ProjectState_VT,discrete contrast against training reference category,-0.5782140740556108,1.1432294425641183,196,layer1,199,196,"95% percentile, positive state-weighted multiplier bootstrap; Firth re-estimated; fixed preprocessing/LGD/portfolio/scenarios",recorded charge-off within 36 months,Approval-descriptor prediction,Term-free primary specification
-0.0521727216472607,405443,average marginal association in percentage points; not causal,ProjectState_WA,discrete contrast against training reference category,-1.15540136064729,0.0690134672164389,196,layer1,199,196,"95% percentile, positive state-weighted multiplier bootstrap; Firth re-estimated; fixed preprocessing/LGD/portfolio/scenarios",recorded charge-off within 36 months,Approval-descriptor prediction,Term-free primary specification
0.0961811900741625,405443,average marginal association in percentage points; not causal,ProjectState_WI,discrete contrast against training reference category,-1.0295008714666791,0.2753724644160914,196,layer1,199,196,"95% percentile, positive state-weighted multiplier bootstrap; Firth re-estimated; fixed preprocessing/LGD/portfolio/scenarios",recorded charge-off within 36 months,Approval-descriptor prediction,Term-free primary specification
5.550546975771974,405443,average marginal association in percentage points; not causal,ProjectState_WV,discrete contrast against training reference category,4.325174323636044,6.046053223969949,196,layer1,199,196,"95% percentile, positive state-weighted multiplier bootstrap; Firth re-estimated; fixed preprocessing/LGD/portfolio/scenarios",recorded charge-off within 36 months,Approval-descriptor prediction,Term-free primary specification
1.3350202514435414,405443,average marginal association in percentage points; not causal,ProjectState_WY,discrete contrast against training reference category,0.1586263545979787,1.8557429493394295,196,layer1,199,196,"95% percentile, positive state-weighted multiplier bootstrap; Firth re-estimated; fixed preprocessing/LGD/portfolio/scenarios",recorded charge-off within 36 months,Approval-descriptor prediction,Term-free primary specification
-0.4246666695300306,405443,average marginal association in percentage points; not causal,log_approval,derivative per unit of native feature (log variables remain log units),-0.5974891294986368,-0.3028621219534027,196,layer1_term,199,196,"95% percentile, positive state-weighted multiplier bootstrap; Firth re-estimated; fixed preprocessing/LGD/portfolio/scenarios",recorded charge-off within 36 months,Approval-descriptor prediction,With-Term sensitivity; reported-term timing unverified
-5.567944973733577,405443,average marginal association in percentage points; not causal,guarantee_share,derivative per unit of native feature (log variables remain log units),-6.877260453924089,-4.483894268570189,196,layer1_term,199,196,"95% percentile, positive state-weighted multiplier bootstrap; Firth re-estimated; fixed preprocessing/LGD/portfolio/scenarios",recorded charge-off within 36 months,Approval-descriptor prediction,With-Term sensitivity; reported-term timing unverified
-0.141672698265534,405443,average marginal association in percentage points; not causal,log_jobs,derivative per unit of native feature (log variables remain log units),-0.4037116303944906,0.0534276101058859,196,layer1_term,199,196,"95% percentile, positive state-weighted multiplier bootstrap; Firth re-estimated; fixed preprocessing/LGD/portfolio/scenarios",recorded charge-off within 36 months,Approval-descriptor prediction,With-Term sensitivity; reported-term timing unverified
-0.0404197781414984,405443,average marginal association in percentage points; not causal,TermInMonths,derivative per unit of native feature (log variables remain log units),-0.0433371927959034,-0.0385369211670819,196,layer1_term,199,196,"95% percentile, positive state-weighted multiplier bootstrap; Firth re-estimated; fixed preprocessing/LGD/portfolio/scenarios",recorded charge-off within 36 months,Approval-descriptor prediction,With-Term sensitivity; reported-term timing unverified
-2.745104973916521,405443,average marginal association in percentage points; not causal,ProcessingMethod_7a with EWCP,discrete contrast against training reference category,-3.080518279668588,-2.293848698978875,196,layer1_term,199,196,"95% percentile, positive state-weighted multiplier bootstrap; Firth re-estimated; fixed preprocessing/LGD/portfolio/scenarios",recorded charge-off within 36 months,Approval-descriptor prediction,With-Term sensitivity; reported-term timing unverified
-0.4569043029803346,405443,average marginal association in percentage points; not causal,ProcessingMethod_Certified Lenders Program,discrete contrast against training reference category,-0.706992755969079,-0.192167758822789,196,layer1_term,199,196,"95% percentile, positive state-weighted multiplier bootstrap; Firth re-estimated; fixed preprocessing/LGD/portfolio/scenarios",recorded charge-off within 36 months,Approval-descriptor prediction,With-Term sensitivity; reported-term timing unverified
3.2919955802940186,405443,average marginal association in percentage points; not causal,ProcessingMethod_Community Express,discrete contrast against training reference category,2.017506127825015,4.930849224852447,196,layer1_term,199,196,"95% percentile, positive state-weighted multiplier bootstrap; Firth re-estimated; fixed preprocessing/LGD/portfolio/scenarios",recorded charge-off within 36 months,Approval-descriptor prediction,With-Term sensitivity; reported-term timing unverified
-0.8506126067396527,405443,average marginal association in percentage points; not causal,ProcessingMethod_International Trade Loans,discrete contrast against training reference category,-2.202532762850129,0.5469480792557665,196,layer1_term,199,196,"95% percentile, positive state-weighted multiplier bootstrap; Firth re-estimated; fixed preprocessing/LGD/portfolio/scenarios",recorded charge-off within 36 months,Approval-descriptor prediction,With-Term sensitivity; reported-term timing unverified
1.2400868527791682,405443,average marginal association in percentage points; not causal,ProcessingMethod_Low Documentation Program,discrete contrast against training reference category,0.9169576357476628,1.5909262804432671,196,layer1_term,199,196,"95% percentile, positive state-weighted multiplier bootstrap; Firth re-estimated; fixed preprocessing/LGD/portfolio/scenarios",recorded charge-off within 36 months,Approval-descriptor prediction,With-Term sensitivity; reported-term timing unverified
4.101917527580452,405443,average marginal association in percentage points; not causal,ProcessingMethod_Other,discrete contrast against training reference category,0.7709045117150306,8.073258819168428,196,layer1_term,199,196,"95% percentile, positive state-weighted multiplier bootstrap; Firth re-estimated; fixed preprocessing/LGD/portfolio/scenarios",recorded charge-off within 36 months,Approval-descriptor prediction,With-Term sensitivity; reported-term timing unverified
0.1201587634643362,405443,average marginal association in percentage points; not causal,ProcessingMethod_Preferred Lenders Program,discrete contrast against training reference category,-0.2531446959938401,0.4961428633244824,196,layer1_term,199,196,"95% percentile, positive state-weighted multiplier bootstrap; Firth re-estimated; fixed preprocessing/LGD/portfolio/scenarios",recorded charge-off within 36 months,Approval-descriptor prediction,With-Term sensitivity; reported-term timing unverified
-2.8818848654668,405443,average marginal association in percentage points; not causal,ProcessingMethod_SBA Express Program,discrete contrast against training reference category,-3.2425330028883064,-2.5994923880518828,196,layer1_term,199,196,"95% percentile, positive state-weighted multiplier bootstrap; Firth re-estimated; fixed preprocessing/LGD/portfolio/scenarios",recorded charge-off within 36 months,Approval-descriptor prediction,With-Term sensitivity; reported-term timing unverified
-3.893802508433569,405443,average marginal association in percentage points; not causal,ProcessingMethod_Small Asset Base Line of Credit (CAPLine),discrete contrast against training reference category,-4.242129616869824,-3.4999751863989927,196,layer1_term,199,196,"95% percentile, positive state-weighted multiplier bootstrap; Firth re-estimated; fixed preprocessing/LGD/portfolio/scenarios",recorded charge-off within 36 months,Approval-descriptor prediction,With-Term sensitivity; reported-term timing unverified
1.1387041541365246,405443,average marginal association in percentage points; not causal,naics2_21,discrete contrast against training reference category,0.5937562417882504,1.738349958339621,196,layer1_term,199,196,"95% percentile, positive state-weighted multiplier bootstrap; Firth re-estimated; fixed preprocessing/LGD/portfolio/scenarios",recorded charge-off within 36 months,Approval-descriptor prediction,With-Term sensitivity; reported-term timing unverified
1.3531997008916157,405443,average marginal association in percentage points; not causal,naics2_23,discrete contrast against training reference category,0.75274992411528,1.8213451634892273,196,layer1_term,199,196,"95% percentile, positive state-weighted multiplier bootstrap; Firth re-estimated; fixed preprocessing/LGD/portfolio/scenarios",recorded charge-off within 36 months,Approval-descriptor prediction,With-Term sensitivity; reported-term timing unverified
2.2272782795230897,405443,average marginal association in percentage points; not causal,naics2_31,discrete contrast against training reference category,1.5339973175845354,2.8420377365432175,196,layer1_term,199,196,"95% percentile, positive state-weighted multiplier bootstrap; Firth re-estimated; fixed preprocessing/LGD/portfolio/scenarios",recorded charge-off within 36 months,Approval-descriptor prediction,With-Term sensitivity; reported-term timing unverified
1.702969001297136,405443,average marginal association in percentage points; not causal,naics2_32,discrete contrast against training reference category,1.011369596855606,2.457260418151799,196,layer1_term,199,196,"95% percentile, positive state-weighted multiplier bootstrap; Firth re-estimated; fixed preprocessing/LGD/portfolio/scenarios",recorded charge-off within 36 months,Approval-descriptor prediction,With-Term sensitivity; reported-term timing unverified
1.6953111096544742,405443,average marginal association in percentage points; not causal,naics2_33,discrete contrast against training reference category,1.2448388361808562,2.1547363444294647,196,layer1_term,199,196,"95% percentile, positive state-weighted multiplier bootstrap; Firth re-estimated; fixed preprocessing/LGD/portfolio/scenarios",recorded charge-off within 36 months,Approval-descriptor prediction,With-Term sensitivity; reported-term timing unverified
1.9267729428139384,405443,average marginal association in percentage points; not causal,naics2_42,discrete contrast against training reference category,1.1902653973616628,2.5060095911607827,196,layer1_term,199,196,"95% percentile, positive state-weighted multiplier bootstrap; Firth re-estimated; fixed preprocessing/LGD/portfolio/scenarios",recorded charge-off within 36 months,Approval-descriptor prediction,With-Term sensitivity; reported-term timing unverified
2.62778132021038,405443,average marginal association in percentage points; not causal,naics2_44,discrete contrast against training reference category,2.028610371874387,3.1339980595477583,196,layer1_term,199,196,"95% percentile, positive state-weighted multiplier bootstrap; Firth re-estimated; fixed preprocessing/LGD/portfolio/scenarios",recorded charge-off within 36 months,Approval-descriptor prediction,With-Term sensitivity; reported-term timing unverified
2.847912774925209,405443,average marginal association in percentage points; not causal,naics2_45,discrete contrast against training reference category,2.2917848461976495,3.3635573545534956,196,layer1_term,199,196,"95% percentile, positive state-weighted multiplier bootstrap; Firth re-estimated; fixed preprocessing/LGD/portfolio/scenarios",recorded charge-off within 36 months,Approval-descriptor prediction,With-Term sensitivity; reported-term timing unverified
2.3418578290578624,405443,average marginal association in percentage points; not causal,naics2_48,discrete contrast against training reference category,1.515400182678223,3.018208491023098,196,layer1_term,199,196,"95% percentile, positive state-weighted multiplier bootstrap; Firth re-estimated; fixed preprocessing/LGD/portfolio/scenarios",recorded charge-off within 36 months,Approval-descriptor prediction,With-Term sensitivity; reported-term timing unverified
1.0282109007181228,405443,average marginal association in percentage points; not causal,naics2_49,discrete contrast against training reference category,-0.1195633272497403,2.205856238221703,196,layer1_term,199,196,"95% percentile, positive state-weighted multiplier bootstrap; Firth re-estimated; fixed preprocessing/LGD/portfolio/scenarios",recorded charge-off within 36 months,Approval-descriptor prediction,With-Term sensitivity; reported-term timing unverified
1.8585852397337697,405443,average marginal association in percentage points; not causal,naics2_51,discrete contrast against training reference category,0.9731014091926388,2.696121111698688,196,layer1_term,199,196,"95% percentile, positive state-weighted multiplier bootstrap; Firth re-estimated; fixed preprocessing/LGD/portfolio/scenarios",recorded charge-off within 36 months,Approval-descriptor prediction,With-Term sensitivity; reported-term timing unverified
0.6125220444831839,405443,average marginal association in percentage points; not causal,naics2_52,discrete contrast against training reference category,-0.1803097719474973,1.4176905672533655,196,layer1_term,199,196,"95% percentile, positive state-weighted multiplier bootstrap; Firth re-estimated; fixed preprocessing/LGD/portfolio/scenarios",recorded charge-off within 36 months,Approval-descriptor prediction,With-Term sensitivity; reported-term timing unverified
2.442263330634286,405443,average marginal association in percentage points; not causal,naics2_53,discrete contrast against training reference category,1.4915226035677356,3.431076634400572,196,layer1_term,199,196,"95% percentile, positive state-weighted multiplier bootstrap; Firth re-estimated; fixed preprocessing/LGD/portfolio/scenarios",recorded charge-off within 36 months,Approval-descriptor prediction,With-Term sensitivity; reported-term timing unverified
0.9666653466683504,405443,average marginal association in percentage points; not causal,naics2_54,discrete contrast against training reference category,0.2479374391623725,1.5049279649481062,196,layer1_term,199,196,"95% percentile, positive state-weighted multiplier bootstrap; Firth re-estimated; fixed preprocessing/LGD/portfolio/scenarios",recorded charge-off within 36 months,Approval-descriptor prediction,With-Term sensitivity; reported-term timing unverified
1.585926361135762,405443,average marginal association in percentage points; not causal,naics2_56,discrete contrast against training reference category,1.061660925070716,2.0628151762953117,196,layer1_term,199,196,"95% percentile, positive state-weighted multiplier bootstrap; Firth re-estimated; fixed preprocessing/LGD/portfolio/scenarios",recorded charge-off within 36 months,Approval-descriptor prediction,With-Term sensitivity; reported-term timing unverified
1.7606063363072202,405443,average marginal association in percentage points; not causal,naics2_61,discrete contrast against training reference category,0.8888962083149884,2.4781529514260336,196,layer1_term,199,196,"95% percentile, positive state-weighted multiplier bootstrap; Firth re-estimated; fixed preprocessing/LGD/portfolio/scenarios",recorded charge-off within 36 months,Approval-descriptor prediction,With-Term sensitivity; reported-term timing unverified
0.6686519297071082,405443,average marginal association in percentage points; not causal,naics2_62,discrete contrast against training reference category,0.1290340910411869,1.1162398967164218,196,layer1_term,199,196,"95% percentile, positive state-weighted multiplier bootstrap; Firth re-estimated; fixed preprocessing/LGD/portfolio/scenarios",recorded charge-off within 36 months,Approval-descriptor prediction,With-Term sensitivity; reported-term timing unverified
2.44941378971087,405443,average marginal association in percentage points; not causal,naics2_71,discrete contrast against training reference category,1.8977591494862225,3.0670315994278705,196,layer1_term,199,196,"95% percentile, positive state-weighted multiplier bootstrap; Firth re-estimated; fixed preprocessing/LGD/portfolio/scenarios",recorded charge-off within 36 months,Approval-descriptor prediction,With-Term sensitivity; reported-term timing unverified
2.8045052119058713,405443,average marginal association in percentage points; not causal,naics2_72,discrete contrast against training reference category,2.141007978531329,3.469764412353639,196,layer1_term,199,196,"95% percentile, positive state-weighted multiplier bootstrap; Firth re-estimated; fixed preprocessing/LGD/portfolio/scenarios",recorded charge-off within 36 months,Approval-descriptor prediction,With-Term sensitivity; reported-term timing unverified
1.9922397828244287,405443,average marginal association in percentage points; not causal,naics2_81,discrete contrast against training reference category,1.459920699653006,2.456729047879855,196,layer1_term,199,196,"95% percentile, positive state-weighted multiplier bootstrap; Firth re-estimated; fixed preprocessing/LGD/portfolio/scenarios",recorded charge-off within 36 months,Approval-descriptor prediction,With-Term sensitivity; reported-term timing unverified
1.5663723451754148,405443,average marginal association in percentage points; not causal,naics2_Other,discrete contrast against training reference category,0.3867873066127589,3.0857758313531245,196,layer1_term,199,196,"95% percentile, positive state-weighted multiplier bootstrap; Firth re-estimated; fixed preprocessing/LGD/portfolio/scenarios",recorded charge-off within 36 months,Approval-descriptor prediction,With-Term sensitivity; reported-term timing unverified
2.744091336539499,405443,average marginal association in percentage points; not causal,naics2___missing__,discrete contrast against training reference category,2.192026950084945,3.1931660434571665,196,layer1_term,199,196,"95% percentile, positive state-weighted multiplier bootstrap; Firth re-estimated; fixed preprocessing/LGD/portfolio/scenarios",recorded charge-off within 36 months,Approval-descriptor prediction,With-Term sensitivity; reported-term timing unverified
0.4683082932015006,405443,average marginal association in percentage points; not causal,BusinessType_INDIVIDUAL,discrete contrast against training reference category,0.3269602460582195,0.6409370088585744,196,layer1_term,199,196,"95% percentile, positive state-weighted multiplier bootstrap; Firth re-estimated; fixed preprocessing/LGD/portfolio/scenarios",recorded charge-off within 36 months,Approval-descriptor prediction,With-Term sensitivity; reported-term timing unverified
-0.5312968748071113,405443,average marginal association in percentage points; not causal,BusinessType_PARTNERSHIP,discrete contrast against training reference category,-0.7357395189155772,-0.2572598044492279,196,layer1_term,199,196,"95% percentile, positive state-weighted multiplier bootstrap; Firth re-estimated; fixed preprocessing/LGD/portfolio/scenarios",recorded charge-off within 36 months,Approval-descriptor prediction,With-Term sensitivity; reported-term timing unverified
7.194434367826232,405443,average marginal association in percentage points; not causal,BusinessType___missing__,discrete contrast against training reference category,4.491949013051303,10.537186285600365,196,layer1_term,199,196,"95% percentile, positive state-weighted multiplier bootstrap; Firth re-estimated; fixed preprocessing/LGD/portfolio/scenarios",recorded charge-off within 36 months,Approval-descriptor prediction,With-Term sensitivity; reported-term timing unverified
0.1157798235692783,405443,average marginal association in percentage points; not causal,BusinessAge_Less than 4 years old but at least 3,discrete contrast against training reference category,-2.3057656771377877,1.417606682169396,196,layer1_term,199,196,"95% percentile, positive state-weighted multiplier bootstrap; Firth re-estimated; fixed preprocessing/LGD/portfolio/scenarios",recorded charge-off within 36 months,Approval-descriptor prediction,With-Term sensitivity; reported-term timing unverified
1.3207821884633388,405443,average marginal association in percentage points; not causal,"BusinessAge_New, Less than 1 Year old",discrete contrast against training reference category,-1.129248615892405,2.6988426215292503,196,layer1_term,199,196,"95% percentile, positive state-weighted multiplier bootstrap; Firth re-estimated; fixed preprocessing/LGD/portfolio/scenarios",recorded charge-off within 36 months,Approval-descriptor prediction,With-Term sensitivity; reported-term timing unverified
-1.591929547712302,405443,average marginal association in percentage points; not causal,BusinessAge_Other,discrete contrast against training reference category,-3.943881723772904,-0.0685545721966588,196,layer1_term,199,196,"95% percentile, positive state-weighted multiplier bootstrap; Firth re-estimated; fixed preprocessing/LGD/portfolio/scenarios",recorded charge-off within 36 months,Approval-descriptor prediction,With-Term sensitivity; reported-term timing unverified
0.1296558824057257,405443,average marginal association in percentage points; not causal,franchise_present,discrete contrast against training reference category,-0.1400305821939278,0.3403639624483341,196,layer1_term,199,196,"95% percentile, positive state-weighted multiplier bootstrap; Firth re-estimated; fixed preprocessing/LGD/portfolio/scenarios",recorded charge-off within 36 months,Approval-descriptor prediction,With-Term sensitivity; reported-term timing unverified
-10.02081997173924,405443,average marginal association in percentage points; not causal,loan_type_term,discrete contrast against training reference category,-12.954502207963236,-7.946974954315799,196,layer1_term,199,196,"95% percentile, positive state-weighted multiplier bootstrap; Firth re-estimated; fixed preprocessing/LGD/portfolio/scenarios",recorded charge-off within 36 months,Approval-descriptor prediction,With-Term sensitivity; reported-term timing unverified
3.550167438329302,405443,average marginal association in percentage points; not causal,ProjectState_AL,discrete contrast against training reference category,2.562749498527815,3.725366290233748,196,layer1_term,199,196,"95% percentile, positive state-weighted multiplier bootstrap; Firth re-estimated; fixed preprocessing/LGD/portfolio/scenarios",recorded charge-off within 36 months,Approval-descriptor prediction,With-Term sensitivity; reported-term timing unverified
2.715867317202607,405443,average marginal association in percentage points; not causal,ProjectState_AR,discrete contrast against training reference category,1.713440074230193,2.8843285117494095,196,layer1_term,199,196,"95% percentile, positive state-weighted multiplier bootstrap; Firth re-estimated; fixed preprocessing/LGD/portfolio/scenarios",recorded charge-off within 36 months,Approval-descriptor prediction,With-Term sensitivity; reported-term timing unverified
1.5886230904719123,405443,average marginal association in percentage points; not causal,ProjectState_AZ,discrete contrast against training reference category,0.7831450371427646,1.8361804317551704,196,layer1_term,199,196,"95% percentile, positive state-weighted multiplier bootstrap; Firth re-estimated; fixed preprocessing/LGD/portfolio/scenarios",recorded charge-off within 36 months,Approval-descriptor prediction,With-Term sensitivity; reported-term timing unverified
2.2202017382532855,405443,average marginal association in percentage points; not causal,ProjectState_CA,discrete contrast against training reference category,1.379326275876117,2.42328078432475,196,layer1_term,199,196,"95% percentile, positive state-weighted multiplier bootstrap; Firth re-estimated; fixed preprocessing/LGD/portfolio/scenarios",recorded charge-off within 36 months,Approval-descriptor prediction,With-Term sensitivity; reported-term timing unverified
2.2805139257655935,405443,average marginal association in percentage points; not causal,ProjectState_CO,discrete contrast against training reference category,1.4582190625566205,2.49530561909239,196,layer1_term,199,196,"95% percentile, positive state-weighted multiplier bootstrap; Firth re-estimated; fixed preprocessing/LGD/portfolio/scenarios",recorded charge-off within 36 months,Approval-descriptor prediction,With-Term sensitivity; reported-term timing unverified
1.8330365929658123,405443,average marginal association in percentage points; not causal,ProjectState_CT,discrete contrast against training reference category,0.9899971271903708,2.0557567818456763,196,layer1_term,199,196,"95% percentile, positive state-weighted multiplier bootstrap; Firth re-estimated; fixed preprocessing/LGD/portfolio/scenarios",recorded charge-off within 36 months,Approval-descriptor prediction,With-Term sensitivity; reported-term timing unverified
2.61052849243601,405443,average marginal association in percentage points; not causal,ProjectState_DC,discrete contrast against training reference category,2.00936202468752,4.642379611707764,196,layer1_term,199,196,"95% percentile, positive state-weighted multiplier bootstrap; Firth re-estimated; fixed preprocessing/LGD/portfolio/scenarios",recorded charge-off within 36 months,Approval-descriptor prediction,With-Term sensitivity; reported-term timing unverified
0.3002608977068022,405443,average marginal association in percentage points; not causal,ProjectState_DE,discrete contrast against training reference category,-0.4512710469295683,1.2252293621458028,196,layer1_term,199,196,"95% percentile, positive state-weighted multiplier bootstrap; Firth re-estimated; fixed preprocessing/LGD/portfolio/scenarios",recorded charge-off within 36 months,Approval-descriptor prediction,With-Term sensitivity; reported-term timing unverified
1.82759432321825,405443,average marginal association in percentage points; not causal,ProjectState_FL,discrete contrast against training reference category,0.9571424748534022,1.9506607266681253,196,layer1_term,199,196,"95% percentile, positive state-weighted multiplier bootstrap; Firth re-estimated; fixed preprocessing/LGD/portfolio/scenarios",recorded charge-off within 36 months,Approval-descriptor prediction,With-Term sensitivity; reported-term timing unverified
3.5720459567972,405443,average marginal association in percentage points; not causal,ProjectState_GA,discrete contrast against training reference category,2.7204074866306818,3.823351745707925,196,layer1_term,199,196,"95% percentile, positive state-weighted multiplier bootstrap; Firth re-estimated; fixed preprocessing/LGD/portfolio/scenarios",recorded charge-off within 36 months,Approval-descriptor prediction,With-Term sensitivity; reported-term timing unverified
-0.2302871822216808,405443,average marginal association in percentage points; not causal,ProjectState_HI,discrete contrast against training reference category,-1.14354068175524,0.748908788711706,196,layer1_term,199,196,"95% percentile, positive state-weighted multiplier bootstrap; Firth re-estimated; fixed preprocessing/LGD/portfolio/scenarios",recorded charge-off within 36 months,Approval-descriptor prediction,With-Term sensitivity; reported-term timing unverified
1.525864918797926,405443,average marginal association in percentage points; not causal,ProjectState_IA,discrete contrast against training reference category,0.6432174411690534,1.7112468032096078,196,layer1_term,199,196,"95% percentile, positive state-weighted multiplier bootstrap; Firth re-estimated; fixed preprocessing/LGD/portfolio/scenarios",recorded charge-off within 36 months,Approval-descriptor prediction,With-Term sensitivity; reported-term timing unverified
1.982057926497854,405443,average marginal association in percentage points; not causal,ProjectState_ID,discrete contrast against training reference category,1.0196538017981451,2.166979782381628,196,layer1_term,199,196,"95% percentile, positive state-weighted multiplier bootstrap; Firth re-estimated; fixed preprocessing/LGD/portfolio/scenarios",recorded charge-off within 36 months,Approval-descriptor prediction,With-Term sensitivity; reported-term timing unverified
1.5992498536017756,405443,average marginal association in percentage points; not causal,ProjectState_IL,discrete contrast against training reference category,0.7735249744348119,1.7185429062241482,196,layer1_term,199,196,"95% percentile, positive state-weighted multiplier bootstrap; Firth re-estimated; fixed preprocessing/LGD/portfolio/scenarios",recorded charge-off within 36 months,Approval-descriptor prediction,With-Term sensitivity; reported-term timing unverified
0.4996070307267408,405443,average marginal association in percentage points; not causal,ProjectState_IN,discrete contrast against training reference category,-0.3945189121021059,0.7468514578653388,196,layer1_term,199,196,"95% percentile, positive state-weighted multiplier bootstrap; Firth re-estimated; fixed preprocessing/LGD/portfolio/scenarios",recorded charge-off within 36 months,Approval-descriptor prediction,With-Term sensitivity; reported-term timing unverified
2.1943606669449367,405443,average marginal association in percentage points; not causal,ProjectState_KS,discrete contrast against training reference category,1.2133500568192754,2.396923856612581,196,layer1_term,199,196,"95% percentile, positive state-weighted multiplier bootstrap; Firth re-estimated; fixed preprocessing/LGD/portfolio/scenarios",recorded charge-off within 36 months,Approval-descriptor prediction,With-Term sensitivity; reported-term timing unverified
2.0555487025788763,405443,average marginal association in percentage points; not causal,ProjectState_KY,discrete contrast against training reference category,1.139593805472062,2.313011104384053,196,layer1_term,199,196,"95% percentile, positive state-weighted multiplier bootstrap; Firth re-estimated; fixed preprocessing/LGD/portfolio/scenarios",recorded charge-off within 36 months,Approval-descriptor prediction,With-Term sensitivity; reported-term timing unverified
1.8041341395714168,405443,average marginal association in percentage points; not causal,ProjectState_LA,discrete contrast against training reference category,0.8169538135579932,1.9469035640894592,196,layer1_term,199,196,"95% percentile, positive state-weighted multiplier bootstrap; Firth re-estimated; fixed preprocessing/LGD/portfolio/scenarios",recorded charge-off within 36 months,Approval-descriptor prediction,With-Term sensitivity; reported-term timing unverified
0.3886483620407399,405443,average marginal association in percentage points; not causal,ProjectState_MA,discrete contrast against training reference category,-0.5110515718088823,0.5304573598791398,196,layer1_term,199,196,"95% percentile, positive state-weighted multiplier bootstrap; Firth re-estimated; fixed preprocessing/LGD/portfolio/scenarios",recorded charge-off within 36 months,Approval-descriptor prediction,With-Term sensitivity; reported-term timing unverified
0.773589169774422,405443,average marginal association in percentage points; not causal,ProjectState_MD,discrete contrast against training reference category,-0.1024294060873957,0.9015485977994274,196,layer1_term,199,196,"95% percentile, positive state-weighted multiplier bootstrap; Firth re-estimated; fixed preprocessing/LGD/portfolio/scenarios",recorded charge-off within 36 months,Approval-descriptor prediction,With-Term sensitivity; reported-term timing unverified
1.562496937848267,405443,average marginal association in percentage points; not causal,ProjectState_ME,discrete contrast against training reference category,0.6755357748541152,1.8373991368975648,196,layer1_term,199,196,"95% percentile, positive state-weighted multiplier bootstrap; Firth re-estimated; fixed preprocessing/LGD/portfolio/scenarios",recorded charge-off within 36 months,Approval-descriptor prediction,With-Term sensitivity; reported-term timing unverified
-0.284222128852181,405443,average marginal association in percentage points; not causal,ProjectState_MI,discrete contrast against training reference category,-1.117968139629673,-0.1272965673575555,196,layer1_term,199,196,"95% percentile, positive state-weighted multiplier bootstrap; Firth re-estimated; fixed preprocessing/LGD/portfolio/scenarios",recorded charge-off within 36 months,Approval-descriptor prediction,With-Term sensitivity; reported-term timing unverified
1.4753340735409366,405443,average marginal association in percentage points; not causal,ProjectState_MN,discrete contrast against training reference category,0.590040365395757,1.583726825955854,196,layer1_term,199,196,"95% percentile, positive state-weighted multiplier bootstrap; Firth re-estimated; fixed preprocessing/LGD/portfolio/scenarios",recorded charge-off within 36 months,Approval-descriptor prediction,With-Term sensitivity; reported-term timing unverified
1.872503906539805,405443,average marginal association in percentage points; not causal,ProjectState_MO,discrete contrast against training reference category,0.9047235204432263,1.976928646593484,196,layer1_term,199,196,"95% percentile, positive state-weighted multiplier bootstrap; Firth re-estimated; fixed preprocessing/LGD/portfolio/scenarios",recorded charge-off within 36 months,Approval-descriptor prediction,With-Term sensitivity; reported-term timing unverified
2.213108400785597,405443,average marginal association in percentage points; not causal,ProjectState_MS,discrete contrast against training reference category,1.2639475141464789,2.875039744229245,196,layer1_term,199,196,"95% percentile, positive state-weighted multiplier bootstrap; Firth re-estimated; fixed preprocessing/LGD/portfolio/scenarios",recorded charge-off within 36 months,Approval-descriptor prediction,With-Term sensitivity; reported-term timing unverified
0.7462297401132392,405443,average marginal association in percentage points; not causal,ProjectState_MT,discrete contrast against training reference category,-0.1774160190090535,0.9604880864859282,196,layer1_term,199,196,"95% percentile, positive state-weighted multiplier bootstrap; Firth re-estimated; fixed preprocessing/LGD/portfolio/scenarios",recorded charge-off within 36 months,Approval-descriptor prediction,With-Term sensitivity; reported-term timing unverified
1.0174493055181255,405443,average marginal association in percentage points; not causal,ProjectState_NC,discrete contrast against training reference category,0.1296793436318113,1.3049194846655017,196,layer1_term,199,196,"95% percentile, positive state-weighted multiplier bootstrap; Firth re-estimated; fixed preprocessing/LGD/portfolio/scenarios",recorded charge-off within 36 months,Approval-descriptor prediction,With-Term sensitivity; reported-term timing unverified
1.0157989218435244,405443,average marginal association in percentage points; not causal,ProjectState_ND,discrete contrast against training reference category,0.2814708939882909,1.4993432377074516,196,layer1_term,199,196,"95% percentile, positive state-weighted multiplier bootstrap; Firth re-estimated; fixed preprocessing/LGD/portfolio/scenarios",recorded charge-off within 36 months,Approval-descriptor prediction,With-Term sensitivity; reported-term timing unverified
0.4606207731245268,405443,average marginal association in percentage points; not causal,ProjectState_NE,discrete contrast against training reference category,-0.3457942105519027,0.8969488987322408,196,layer1_term,199,196,"95% percentile, positive state-weighted multiplier bootstrap; Firth re-estimated; fixed preprocessing/LGD/portfolio/scenarios",recorded charge-off within 36 months,Approval-descriptor prediction,With-Term sensitivity; reported-term timing unverified
0.5055812371099198,405443,average marginal association in percentage points; not causal,ProjectState_NH,discrete contrast against training reference category,-0.3888679772787866,0.9216946476875444,196,layer1_term,199,196,"95% percentile, positive state-weighted multiplier bootstrap; Firth re-estimated; fixed preprocessing/LGD/portfolio/scenarios",recorded charge-off within 36 months,Approval-descriptor prediction,With-Term sensitivity; reported-term timing unverified
1.3001653144896823,405443,average marginal association in percentage points; not causal,ProjectState_NJ,discrete contrast against training reference category,0.5327987656073222,1.6416388417721044,196,layer1_term,199,196,"95% percentile, positive state-weighted multiplier bootstrap; Firth re-estimated; fixed preprocessing/LGD/portfolio/scenarios",recorded charge-off within 36 months,Approval-descriptor prediction,With-Term sensitivity; reported-term timing unverified
2.201825441839622,405443,average marginal association in percentage points; not causal,ProjectState_NM,discrete contrast against training reference category,1.230380590007183,2.566045013205853,196,layer1_term,199,196,"95% percentile, positive state-weighted multiplier bootstrap; Firth re-estimated; fixed preprocessing/LGD/portfolio/scenarios",recorded charge-off within 36 months,Approval-descriptor prediction,With-Term sensitivity; reported-term timing unverified
3.343673234091222,405443,average marginal association in percentage points; not causal,ProjectState_NV,discrete contrast against training reference category,2.5383054880425355,3.810753449803875,196,layer1_term,199,196,"95% percentile, positive state-weighted multiplier bootstrap; Firth re-estimated; fixed preprocessing/LGD/portfolio/scenarios",recorded charge-off within 36 months,Approval-descriptor prediction,With-Term sensitivity; reported-term timing unverified
1.4023432862272198,405443,average marginal association in percentage points; not causal,ProjectState_NY,discrete contrast against training reference category,0.4690286088429671,1.4984279927571118,196,layer1_term,199,196,"95% percentile, positive state-weighted multiplier bootstrap; Firth re-estimated; fixed preprocessing/LGD/portfolio/scenarios",recorded charge-off within 36 months,Approval-descriptor prediction,With-Term sensitivity; reported-term timing unverified
0.1500529643058553,405443,average marginal association in percentage points; not causal,ProjectState_OH,discrete contrast against training reference category,-0.7499486682658559,0.2665787610377754,196,layer1_term,199,196,"95% percentile, positive state-weighted multiplier bootstrap; Firth re-estimated; fixed preprocessing/LGD/portfolio/scenarios",recorded charge-off within 36 months,Approval-descriptor prediction,With-Term sensitivity; reported-term timing unverified
3.4578534683675035,405443,average marginal association in percentage points; not causal,ProjectState_OK,discrete contrast against training reference category,2.53172097852414,3.62981336386408,196,layer1_term,199,196,"95% percentile, positive state-weighted multiplier bootstrap; Firth re-estimated; fixed preprocessing/LGD/portfolio/scenarios",recorded charge-off within 36 months,Approval-descriptor prediction,With-Term sensitivity; reported-term timing unverified
1.0726290827303773,405443,average marginal association in percentage points; not causal,ProjectState_OR,discrete contrast against training reference category,0.2873830197673113,1.6029554998769722,196,layer1_term,199,196,"95% percentile, positive state-weighted multiplier bootstrap; Firth re-estimated; fixed preprocessing/LGD/portfolio/scenarios",recorded charge-off within 36 months,Approval-descriptor prediction,With-Term sensitivity; reported-term timing unverified
0.0652846608848013,405443,average marginal association in percentage points; not causal,ProjectState_PA,discrete contrast against training reference category,-0.8287757156269593,0.1638645924950662,196,layer1_term,199,196,"95% percentile, positive state-weighted multiplier bootstrap; Firth re-estimated; fixed preprocessing/LGD/portfolio/scenarios",recorded charge-off within 36 months,Approval-descriptor prediction,With-Term sensitivity; reported-term timing unverified
0.6191358307576412,405443,average marginal association in percentage points; not causal,ProjectState_RI,discrete contrast against training reference category,-0.254263611985097,0.8088018224607352,196,layer1_term,199,196,"95% percentile, positive state-weighted multiplier bootstrap; Firth re-estimated; fixed preprocessing/LGD/portfolio/scenarios",recorded charge-off within 36 months,Approval-descriptor prediction,With-Term sensitivity; reported-term timing unverified
0.5987525774809391,405443,average marginal association in percentage points; not causal,ProjectState_SC,discrete contrast against training reference category,-0.295242509308243,1.1200308994593668,196,layer1_term,199,196,"95% percentile, positive state-weighted multiplier bootstrap; Firth re-estimated; fixed preprocessing/LGD/portfolio/scenarios",recorded charge-off within 36 months,Approval-descriptor prediction,With-Term sensitivity; reported-term timing unverified
2.379670269465925,405443,average marginal association in percentage points; not causal,ProjectState_SD,discrete contrast against training reference category,1.4871168670019854,2.6746998000411355,196,layer1_term,199,196,"95% percentile, positive state-weighted multiplier bootstrap; Firth re-estimated; fixed preprocessing/LGD/portfolio/scenarios",recorded charge-off within 36 months,Approval-descriptor prediction,With-Term sensitivity; reported-term timing unverified
3.1414381585784565,405443,average marginal association in percentage points; not causal,ProjectState_TN,discrete contrast against training reference category,2.1594260279140283,3.5148867029539463,196,layer1_term,199,196,"95% percentile, positive state-weighted multiplier bootstrap; Firth re-estimated; fixed preprocessing/LGD/portfolio/scenarios",recorded charge-off within 36 months,Approval-descriptor prediction,With-Term sensitivity; reported-term timing unverified
3.050886198974776,405443,average marginal association in percentage points; not causal,ProjectState_TX,discrete contrast against training reference category,2.1790401566425803,3.1504122245976305,196,layer1_term,199,196,"95% percentile, positive state-weighted multiplier bootstrap; Firth re-estimated; fixed preprocessing/LGD/portfolio/scenarios",recorded charge-off within 36 months,Approval-descriptor prediction,With-Term sensitivity; reported-term timing unverified
1.5612914891196092,405443,average marginal association in percentage points; not causal,ProjectState_UT,discrete contrast against training reference category,0.7296847115637796,1.850183819734732,196,layer1_term,199,196,"95% percentile, positive state-weighted multiplier bootstrap; Firth re-estimated; fixed preprocessing/LGD/portfolio/scenarios",recorded charge-off within 36 months,Approval-descriptor prediction,With-Term sensitivity; reported-term timing unverified
1.550442826004853,405443,average marginal association in percentage points; not causal,ProjectState_VA,discrete contrast against training reference category,0.5999348092338486,1.7086669652247553,196,layer1_term,199,196,"95% percentile, positive state-weighted multiplier bootstrap; Firth re-estimated; fixed preprocessing/LGD/portfolio/scenarios",recorded charge-off within 36 months,Approval-descriptor prediction,With-Term sensitivity; reported-term timing unverified
1.0573939481359549,405443,average marginal association in percentage points; not causal,ProjectState_VT,discrete contrast against training reference category,0.1491940563318098,1.687669287809681,196,layer1_term,199,196,"95% percentile, positive state-weighted multiplier bootstrap; Firth re-estimated; fixed preprocessing/LGD/portfolio/scenarios",recorded charge-off within 36 months,Approval-descriptor prediction,With-Term sensitivity; reported-term timing unverified
0.3034600154908073,405443,average marginal association in percentage points; not causal,ProjectState_WA,discrete contrast against training reference category,-0.5989985823363485,0.4048051691523272,196,layer1_term,199,196,"95% percentile, positive state-weighted multiplier bootstrap; Firth re-estimated; fixed preprocessing/LGD/portfolio/scenarios",recorded charge-off within 36 months,Approval-descriptor prediction,With-Term sensitivity; reported-term timing unverified
0.7272116264943002,405443,average marginal association in percentage points; not causal,ProjectState_WI,discrete contrast against training reference category,-0.2065030628250549,0.9297379318978164,196,layer1_term,199,196,"95% percentile, positive state-weighted multiplier bootstrap; Firth re-estimated; fixed preprocessing/LGD/portfolio/scenarios",recorded charge-off within 36 months,Approval-descriptor prediction,With-Term sensitivity; reported-term timing unverified
6.013737054989599,405443,average marginal association in percentage points; not causal,ProjectState_WV,discrete contrast against training reference category,5.0431860288282255,6.536842180152411,196,layer1_term,199,196,"95% percentile, positive state-weighted multiplier bootstrap; Firth re-estimated; fixed preprocessing/LGD/portfolio/scenarios",recorded charge-off within 36 months,Approval-descriptor prediction,With-Term sensitivity; reported-term timing unverified
1.872831648616246,405443,average marginal association in percentage points; not causal,ProjectState_WY,discrete contrast against training reference category,0.9234224473893908,2.399429760697186,196,layer1_term,199,196,"95% percentile, positive state-weighted multiplier bootstrap; Firth re-estimated; fixed preprocessing/LGD/portfolio/scenarios",recorded charge-off within 36 months,Approval-descriptor prediction,With-Term sensitivity; reported-term timing unverified
-2.1462949200383594,89002,average marginal association in percentage points; not causal,log_approval,derivative per unit of native feature (log variables remain log units),-2.512599898994929,-1.726365032587611,198,layer2,199,198,"95% percentile, positive state-weighted multiplier bootstrap; Firth re-estimated; fixed preprocessing/LGD/portfolio/scenarios",recorded charge-off within 36 months,Retrospective conditional validation using realized macro paths.,Term-free primary specification
1.9451370789204967,89002,average marginal association in percentage points; not causal,guarantee_share,derivative per unit of native feature (log variables remain log units),-3.812490897800359,9.107118469106416,198,layer2,199,198,"95% percentile, positive state-weighted multiplier bootstrap; Firth re-estimated; fixed preprocessing/LGD/portfolio/scenarios",recorded charge-off within 36 months,Retrospective conditional validation using realized macro paths.,Term-free primary specification
0.5423178819443463,89002,average marginal association in percentage points; not causal,log_jobs,derivative per unit of native feature (log variables remain log units),0.391137691465966,0.6889481647588402,198,layer2,199,198,"95% percentile, positive state-weighted multiplier bootstrap; Firth re-estimated; fixed preprocessing/LGD/portfolio/scenarios",recorded charge-off within 36 months,Retrospective conditional validation using realized macro paths.,Term-free primary specification
-0.5354341902189478,89002,average marginal association in percentage points; not causal,u0,derivative per unit of native feature (log variables remain log units),-1.1140553959141013,0.0370923103707921,198,layer2,199,198,"95% percentile, positive state-weighted multiplier bootstrap; Firth re-estimated; fixed preprocessing/LGD/portfolio/scenarios",recorded charge-off within 36 months,Retrospective conditional validation using realized macro paths.,Term-free primary specification
0.5239246149399166,89002,average marginal association in percentage points; not causal,du,derivative per unit of native feature (log variables remain log units),0.2626831537407649,0.7495395882143367,198,layer2,199,198,"95% percentile, positive state-weighted multiplier bootstrap; Firth re-estimated; fixed preprocessing/LGD/portfolio/scenarios",recorded charge-off within 36 months,Retrospective conditional validation using realized macro paths.,Term-free primary specification
-0.2083074625012016,89002,average marginal association in percentage points; not causal,h0,derivative per unit of native feature (log variables remain log units),-0.2371205509428584,-0.165100383381885,198,layer2,199,198,"95% percentile, positive state-weighted multiplier bootstrap; Firth re-estimated; fixed preprocessing/LGD/portfolio/scenarios",recorded charge-off within 36 months,Retrospective conditional validation using realized macro paths.,Term-free primary specification
-0.0941193084563244,89002,average marginal association in percentage points; not causal,dh,derivative per unit of native feature (log variables remain log units),-0.1321933541422979,-0.075061555849784,198,layer2,199,198,"95% percentile, positive state-weighted multiplier bootstrap; Firth re-estimated; fixed preprocessing/LGD/portfolio/scenarios",recorded charge-off within 36 months,Retrospective conditional validation using realized macro paths.,Term-free primary specification
0.0721775619339872,89002,average marginal association in percentage points; not causal,year_trend,derivative per unit of native feature (log variables remain log units),-0.0634710527573815,0.1964785233862799,198,layer2,199,198,"95% percentile, positive state-weighted multiplier bootstrap; Firth re-estimated; fixed preprocessing/LGD/portfolio/scenarios",recorded charge-off within 36 months,Retrospective conditional validation using realized macro paths.,Term-free primary specification
-2.1217282465101888,89002,average marginal association in percentage points; not causal,ProcessingMethod_7a with EWCP,discrete contrast against training reference category,-3.7498392971796584,-0.6075900766701846,198,layer2,199,198,"95% percentile, positive state-weighted multiplier bootstrap; Firth re-estimated; fixed preprocessing/LGD/portfolio/scenarios",recorded charge-off within 36 months,Retrospective conditional validation using realized macro paths.,Term-free primary specification
-1.373692013453022,89002,average marginal association in percentage points; not causal,ProcessingMethod_Certified Lenders Program,discrete contrast against training reference category,-1.8706851193003424,-0.7889811749371183,198,layer2,199,198,"95% percentile, positive state-weighted multiplier bootstrap; Firth re-estimated; fixed preprocessing/LGD/portfolio/scenarios",recorded charge-off within 36 months,Retrospective conditional validation using realized macro paths.,Term-free primary specification
9.869784891098556,89002,average marginal association in percentage points; not causal,ProcessingMethod_Community Express,discrete contrast against training reference category,7.338139501845005,13.8139192204705,198,layer2,199,198,"95% percentile, positive state-weighted multiplier bootstrap; Firth re-estimated; fixed preprocessing/LGD/portfolio/scenarios",recorded charge-off within 36 months,Retrospective conditional validation using realized macro paths.,Term-free primary specification
3.4488693595871887,89002,average marginal association in percentage points; not causal,ProcessingMethod_Export Express,discrete contrast against training reference category,0.964242163135586,7.483249128756366,198,layer2,199,198,"95% percentile, positive state-weighted multiplier bootstrap; Firth re-estimated; fixed preprocessing/LGD/portfolio/scenarios",recorded charge-off within 36 months,Retrospective conditional validation using realized macro paths.,Term-free primary specification
0.6125733201124537,89002,average marginal association in percentage points; not causal,ProcessingMethod_Gulf Opportunity Pilot Loan Program,discrete contrast against training reference category,-0.9912767019592116,3.0698709265865225,198,layer2,199,198,"95% percentile, positive state-weighted multiplier bootstrap; Firth re-estimated; fixed preprocessing/LGD/portfolio/scenarios",recorded charge-off within 36 months,Retrospective conditional validation using realized macro paths.,Term-free primary specification
-2.745824795181893,89002,average marginal association in percentage points; not causal,ProcessingMethod_International Trade Loans,discrete contrast against training reference category,-4.0379953500010135,-1.5606119325571342,198,layer2,199,198,"95% percentile, positive state-weighted multiplier bootstrap; Firth re-estimated; fixed preprocessing/LGD/portfolio/scenarios",recorded charge-off within 36 months,Retrospective conditional validation using realized macro paths.,Term-free primary specification
3.441736495352686,89002,average marginal association in percentage points; not causal,ProcessingMethod_Low Documentation Program,discrete contrast against training reference category,2.6568851563873253,4.357293218446853,198,layer2,199,198,"95% percentile, positive state-weighted multiplier bootstrap; Firth re-estimated; fixed preprocessing/LGD/portfolio/scenarios",recorded charge-off within 36 months,Retrospective conditional validation using realized macro paths.,Term-free primary specification
7.767047266288321,89002,average marginal association in percentage points; not causal,ProcessingMethod_Other,discrete contrast against training reference category,2.732931720831739,14.954906441868957,198,layer2,199,198,"95% percentile, positive state-weighted multiplier bootstrap; Firth re-estimated; fixed preprocessing/LGD/portfolio/scenarios",recorded charge-off within 36 months,Retrospective conditional validation using realized macro paths.,Term-free primary specification
6.172547744534243,89002,average marginal association in percentage points; not causal,ProcessingMethod_Patriot Express Loans,discrete contrast against training reference category,4.8287647956024635,7.962633071858686,198,layer2,199,198,"95% percentile, positive state-weighted multiplier bootstrap; Firth re-estimated; fixed preprocessing/LGD/portfolio/scenarios",recorded charge-off within 36 months,Retrospective conditional validation using realized macro paths.,Term-free primary specification
-2.0515211294029005,89002,average marginal association in percentage points; not causal,ProcessingMethod_Preferred Lenders Program,discrete contrast against training reference category,-2.568093286089902,-1.357230126812369,198,layer2,199,198,"95% percentile, positive state-weighted multiplier bootstrap; Firth re-estimated; fixed preprocessing/LGD/portfolio/scenarios",recorded charge-off within 36 months,Retrospective conditional validation using realized macro paths.,Term-free primary specification
-2.0518634898871113,89002,average marginal association in percentage points; not causal,ProcessingMethod_Rural Loan Initiative,discrete contrast against training reference category,-4.064960288076142,-0.1658856666762369,198,layer2,199,198,"95% percentile, positive state-weighted multiplier bootstrap; Firth re-estimated; fixed preprocessing/LGD/portfolio/scenarios",recorded charge-off within 36 months,Retrospective conditional validation using realized macro paths.,Term-free primary specification
3.3131590053107356,89002,average marginal association in percentage points; not causal,ProcessingMethod_SBA Express Program,discrete contrast against training reference category,0.9276344755600696,5.813409503752834,198,layer2,199,198,"95% percentile, positive state-weighted multiplier bootstrap; Firth re-estimated; fixed preprocessing/LGD/portfolio/scenarios",recorded charge-off within 36 months,Retrospective conditional validation using realized macro paths.,Term-free primary specification
3.3030224126534833,89002,average marginal association in percentage points; not causal,FixedorVariableInterestInd_V,discrete contrast against training reference category,2.3582080016138933,4.050109694706111,198,layer2,199,198,"95% percentile, positive state-weighted multiplier bootstrap; Firth re-estimated; fixed preprocessing/LGD/portfolio/scenarios",recorded charge-off within 36 months,Retrospective conditional validation using realized macro paths.,Term-free primary specification
6.077619160863674,89002,average marginal association in percentage points; not causal,FixedorVariableInterestInd___missing__,discrete contrast against training reference category,4.860041868199147,6.926527769615675,198,layer2,199,198,"95% percentile, positive state-weighted multiplier bootstrap; Firth re-estimated; fixed preprocessing/LGD/portfolio/scenarios",recorded charge-off within 36 months,Retrospective conditional validation using realized macro paths.,Term-free primary specification
3.323072831086778,89002,average marginal association in percentage points; not causal,naics2_21,discrete contrast against training reference category,1.2089498161890544,5.398362400927995,198,layer2,199,198,"95% percentile, positive state-weighted multiplier bootstrap; Firth re-estimated; fixed preprocessing/LGD/portfolio/scenarios",recorded charge-off within 36 months,Retrospective conditional validation using realized macro paths.,Term-free primary specification
5.828958626151844,89002,average marginal association in percentage points; not causal,naics2_23,discrete contrast against training reference category,4.6929162387075944,7.026902788085608,198,layer2,199,198,"95% percentile, positive state-weighted multiplier bootstrap; Firth re-estimated; fixed preprocessing/LGD/portfolio/scenarios",recorded charge-off within 36 months,Retrospective conditional validation using realized macro paths.,Term-free primary specification
6.422367308505159,89002,average marginal association in percentage points; not causal,naics2_31,discrete contrast against training reference category,5.0358389963930374,7.475011467122069,198,layer2,199,198,"95% percentile, positive state-weighted multiplier bootstrap; Firth re-estimated; fixed preprocessing/LGD/portfolio/scenarios",recorded charge-off within 36 months,Retrospective conditional validation using realized macro paths.,Term-free primary specification
5.161734054905361,89002,average marginal association in percentage points; not causal,naics2_32,discrete contrast against training reference category,3.6102605321003898,6.565774160613953,198,layer2,199,198,"95% percentile, positive state-weighted multiplier bootstrap; Firth re-estimated; fixed preprocessing/LGD/portfolio/scenarios",recorded charge-off within 36 months,Retrospective conditional validation using realized macro paths.,Term-free primary specification
4.501533514317594,89002,average marginal association in percentage points; not causal,naics2_33,discrete contrast against training reference category,3.4626152709051867,5.734972132096321,198,layer2,199,198,"95% percentile, positive state-weighted multiplier bootstrap; Firth re-estimated; fixed preprocessing/LGD/portfolio/scenarios",recorded charge-off within 36 months,Retrospective conditional validation using realized macro paths.,Term-free primary specification
8.166262111359341,89002,average marginal association in percentage points; not causal,naics2_42,discrete contrast against training reference category,6.508116761947937,9.535377139224536,198,layer2,199,198,"95% percentile, positive state-weighted multiplier bootstrap; Firth re-estimated; fixed preprocessing/LGD/portfolio/scenarios",recorded charge-off within 36 months,Retrospective conditional validation using realized macro paths.,Term-free primary specification
7.35810321808296,89002,average marginal association in percentage points; not causal,naics2_44,discrete contrast against training reference category,6.343749930072114,8.32638192516558,198,layer2,199,198,"95% percentile, positive state-weighted multiplier bootstrap; Firth re-estimated; fixed preprocessing/LGD/portfolio/scenarios",recorded charge-off within 36 months,Retrospective conditional validation using realized macro paths.,Term-free primary specification
7.8063123892581405,89002,average marginal association in percentage points; not causal,naics2_45,discrete contrast against training reference category,6.804157128683606,8.739029114279566,198,layer2,199,198,"95% percentile, positive state-weighted multiplier bootstrap; Firth re-estimated; fixed preprocessing/LGD/portfolio/scenarios",recorded charge-off within 36 months,Retrospective conditional validation using realized macro paths.,Term-free primary specification
6.967340976634182,89002,average marginal association in percentage points; not causal,naics2_48,discrete contrast against training reference category,5.54811757664035,8.74666749500258,198,layer2,199,198,"95% percentile, positive state-weighted multiplier bootstrap; Firth re-estimated; fixed preprocessing/LGD/portfolio/scenarios",recorded charge-off within 36 months,Retrospective conditional validation using realized macro paths.,Term-free primary specification
6.290604885290647,89002,average marginal association in percentage points; not causal,naics2_49,discrete contrast against training reference category,4.610830211819785,8.101301117150863,198,layer2,199,198,"95% percentile, positive state-weighted multiplier bootstrap; Firth re-estimated; fixed preprocessing/LGD/portfolio/scenarios",recorded charge-off within 36 months,Retrospective conditional validation using realized macro paths.,Term-free primary specification
6.279580215292753,89002,average marginal association in percentage points; not causal,naics2_51,discrete contrast against training reference category,5.176762375597151,7.437296073205697,198,layer2,199,198,"95% percentile, positive state-weighted multiplier bootstrap; Firth re-estimated; fixed preprocessing/LGD/portfolio/scenarios",recorded charge-off within 36 months,Retrospective conditional validation using realized macro paths.,Term-free primary specification
6.358770755524837,89002,average marginal association in percentage points; not causal,naics2_52,discrete contrast against training reference category,5.097956697886781,7.447332996058954,198,layer2,199,198,"95% percentile, positive state-weighted multiplier bootstrap; Firth re-estimated; fixed preprocessing/LGD/portfolio/scenarios",recorded charge-off within 36 months,Retrospective conditional validation using realized macro paths.,Term-free primary specification
8.6253363886494,89002,average marginal association in percentage points; not causal,naics2_53,discrete contrast against training reference category,6.877164017540064,10.26767069115296,198,layer2,199,198,"95% percentile, positive state-weighted multiplier bootstrap; Firth re-estimated; fixed preprocessing/LGD/portfolio/scenarios",recorded charge-off within 36 months,Retrospective conditional validation using realized macro paths.,Term-free primary specification
4.3191521683174985,89002,average marginal association in percentage points; not causal,naics2_54,discrete contrast against training reference category,2.8452096076409457,5.6452988417617656,198,layer2,199,198,"95% percentile, positive state-weighted multiplier bootstrap; Firth re-estimated; fixed preprocessing/LGD/portfolio/scenarios",recorded charge-off within 36 months,Retrospective conditional validation using realized macro paths.,Term-free primary specification
5.156684660135241,89002,average marginal association in percentage points; not causal,naics2_56,discrete contrast against training reference category,4.0656085883724735,6.373787613345605,198,layer2,199,198,"95% percentile, positive state-weighted multiplier bootstrap; Firth re-estimated; fixed preprocessing/LGD/portfolio/scenarios",recorded charge-off within 36 months,Retrospective conditional validation using realized macro paths.,Term-free primary specification
4.712011349860214,89002,average marginal association in percentage points; not causal,naics2_61,discrete contrast against training reference category,3.3715662114821177,6.430004313343217,198,layer2,199,198,"95% percentile, positive state-weighted multiplier bootstrap; Firth re-estimated; fixed preprocessing/LGD/portfolio/scenarios",recorded charge-off within 36 months,Retrospective conditional validation using realized macro paths.,Term-free primary specification
1.2717492868237594,89002,average marginal association in percentage points; not causal,naics2_62,discrete contrast against training reference category,0.2323267929350285,2.2515575971300454,198,layer2,199,198,"95% percentile, positive state-weighted multiplier bootstrap; Firth re-estimated; fixed preprocessing/LGD/portfolio/scenarios",recorded charge-off within 36 months,Retrospective conditional validation using realized macro paths.,Term-free primary specification
7.362426684658501,89002,average marginal association in percentage points; not causal,naics2_71,discrete contrast against training reference category,6.240986009119115,8.752576664690832,198,layer2,199,198,"95% percentile, positive state-weighted multiplier bootstrap; Firth re-estimated; fixed preprocessing/LGD/portfolio/scenarios",recorded charge-off within 36 months,Retrospective conditional validation using realized macro paths.,Term-free primary specification
6.942915511156392,89002,average marginal association in percentage points; not causal,naics2_72,discrete contrast against training reference category,5.984206273906578,8.25051515246401,198,layer2,199,198,"95% percentile, positive state-weighted multiplier bootstrap; Firth re-estimated; fixed preprocessing/LGD/portfolio/scenarios",recorded charge-off within 36 months,Retrospective conditional validation using realized macro paths.,Term-free primary specification
5.145441704644878,89002,average marginal association in percentage points; not causal,naics2_81,discrete contrast against training reference category,4.185755835928051,6.100326512882106,198,layer2,199,198,"95% percentile, positive state-weighted multiplier bootstrap; Firth re-estimated; fixed preprocessing/LGD/portfolio/scenarios",recorded charge-off within 36 months,Retrospective conditional validation using realized macro paths.,Term-free primary specification
3.9393365861306058,89002,average marginal association in percentage points; not causal,naics2_Other,discrete contrast against training reference category,1.6763699425237095,6.067681535447235,198,layer2,199,198,"95% percentile, positive state-weighted multiplier bootstrap; Firth re-estimated; fixed preprocessing/LGD/portfolio/scenarios",recorded charge-off within 36 months,Retrospective conditional validation using realized macro paths.,Term-free primary specification
7.62103318855397,89002,average marginal association in percentage points; not causal,naics2___missing__,discrete contrast against training reference category,6.485185937297893,8.93123378557886,198,layer2,199,198,"95% percentile, positive state-weighted multiplier bootstrap; Firth re-estimated; fixed preprocessing/LGD/portfolio/scenarios",recorded charge-off within 36 months,Retrospective conditional validation using realized macro paths.,Term-free primary specification
1.1308797128886638,89002,average marginal association in percentage points; not causal,BusinessType_INDIVIDUAL,discrete contrast against training reference category,0.7229157498472285,1.6052421615165908,198,layer2,199,198,"95% percentile, positive state-weighted multiplier bootstrap; Firth re-estimated; fixed preprocessing/LGD/portfolio/scenarios",recorded charge-off within 36 months,Retrospective conditional validation using realized macro paths.,Term-free primary specification
-2.336520402043798,89002,average marginal association in percentage points; not causal,BusinessType_PARTNERSHIP,discrete contrast against training reference category,-2.789474544923668,-1.6256370635293502,198,layer2,199,198,"95% percentile, positive state-weighted multiplier bootstrap; Firth re-estimated; fixed preprocessing/LGD/portfolio/scenarios",recorded charge-off within 36 months,Retrospective conditional validation using realized macro paths.,Term-free primary specification
17.119665645491832,89002,average marginal association in percentage points; not causal,BusinessType___missing__,discrete contrast against training reference category,10.81268783703908,24.08359669708315,198,layer2,199,198,"95% percentile, positive state-weighted multiplier bootstrap; Firth re-estimated; fixed preprocessing/LGD/portfolio/scenarios",recorded charge-off within 36 months,Retrospective conditional validation using realized macro paths.,Term-free primary specification
2.442096542814266,89002,average marginal association in percentage points; not causal,BusinessAge_Less than 3 years old but at least 2,discrete contrast against training reference category,1.885610814987711,3.1223333407211413,198,layer2,199,198,"95% percentile, positive state-weighted multiplier bootstrap; Firth re-estimated; fixed preprocessing/LGD/portfolio/scenarios",recorded charge-off within 36 months,Retrospective conditional validation using realized macro paths.,Term-free primary specification
-2.367542270630556,89002,average marginal association in percentage points; not causal,BusinessAge_Less than 4 years old but at least 3,discrete contrast against training reference category,-2.845310669452915,-1.7196645667903523,198,layer2,199,198,"95% percentile, positive state-weighted multiplier bootstrap; Firth re-estimated; fixed preprocessing/LGD/portfolio/scenarios",recorded charge-off within 36 months,Retrospective conditional validation using realized macro paths.,Term-free primary specification
3.276842898125813,89002,average marginal association in percentage points; not causal,BusinessAge_Less than 5 years old but at least 4,discrete contrast against training reference category,2.1606314463099623,4.318537314693589,198,layer2,199,198,"95% percentile, positive state-weighted multiplier bootstrap; Firth re-estimated; fixed preprocessing/LGD/portfolio/scenarios",recorded charge-off within 36 months,Retrospective conditional validation using realized macro paths.,Term-free primary specification
-0.94673932967523,89002,average marginal association in percentage points; not causal,"BusinessAge_New, Less than 1 Year old",discrete contrast against training reference category,-1.3475835208815972,-0.5289969898079617,198,layer2,199,198,"95% percentile, positive state-weighted multiplier bootstrap; Firth re-estimated; fixed preprocessing/LGD/portfolio/scenarios",recorded charge-off within 36 months,Retrospective conditional validation using realized macro paths.,Term-free primary specification
-8.074439155280253,89002,average marginal association in percentage points; not causal,BusinessAge_Other,discrete contrast against training reference category,-10.31950942050761,-1.363357378244051,198,layer2,199,198,"95% percentile, positive state-weighted multiplier bootstrap; Firth re-estimated; fixed preprocessing/LGD/portfolio/scenarios",recorded charge-off within 36 months,Retrospective conditional validation using realized macro paths.,Term-free primary specification
-1.1491512465531282,89002,average marginal association in percentage points; not causal,"BusinessAge_Startup, Loan Funds will Open Business",discrete contrast against training reference category,-1.8385920843251429,-0.4566057300458366,198,layer2,199,198,"95% percentile, positive state-weighted multiplier bootstrap; Firth re-estimated; fixed preprocessing/LGD/portfolio/scenarios",recorded charge-off within 36 months,Retrospective conditional validation using realized macro paths.,Term-free primary specification
-0.8155431220989557,89002,average marginal association in percentage points; not causal,BusinessAge_Unanswered,discrete contrast against training reference category,-1.3631830134989826,-0.2755916276453908,198,layer2,199,198,"95% percentile, positive state-weighted multiplier bootstrap; Firth re-estimated; fixed preprocessing/LGD/portfolio/scenarios",recorded charge-off within 36 months,Retrospective conditional validation using realized macro paths.,Term-free primary specification
1.554646666369912,89002,average marginal association in percentage points; not causal,franchise_present,discrete contrast against training reference category,0.691708143044174,2.4850906048117705,198,layer2,199,198,"95% percentile, positive state-weighted multiplier bootstrap; Firth re-estimated; fixed preprocessing/LGD/portfolio/scenarios",recorded charge-off within 36 months,Retrospective conditional validation using realized macro paths.,Term-free primary specification
0.4260426388919576,89002,average marginal association in percentage points; not causal,loan_type_term,discrete contrast against training reference category,-0.8751283800091221,1.8689565704642503,198,layer2,199,198,"95% percentile, positive state-weighted multiplier bootstrap; Firth re-estimated; fixed preprocessing/LGD/portfolio/scenarios",recorded charge-off within 36 months,Retrospective conditional validation using realized macro paths.,Term-free primary specification
7.129550179625803,89002,average marginal association in percentage points; not causal,ProjectState_AL,discrete contrast against training reference category,5.4678831585692755,7.839638654916925,198,layer2,199,198,"95% percentile, positive state-weighted multiplier bootstrap; Firth re-estimated; fixed preprocessing/LGD/portfolio/scenarios",recorded charge-off within 36 months,Retrospective conditional validation using realized macro paths.,Term-free primary specification
6.007886561250192,89002,average marginal association in percentage points; not causal,ProjectState_AR,discrete contrast against training reference category,4.08532273275538,6.635162353049992,198,layer2,199,198,"95% percentile, positive state-weighted multiplier bootstrap; Firth re-estimated; fixed preprocessing/LGD/portfolio/scenarios",recorded charge-off within 36 months,Retrospective conditional validation using realized macro paths.,Term-free primary specification
3.913247866315337,89002,average marginal association in percentage points; not causal,ProjectState_AZ,discrete contrast against training reference category,2.1872638339020196,4.457310540430156,198,layer2,199,198,"95% percentile, positive state-weighted multiplier bootstrap; Firth re-estimated; fixed preprocessing/LGD/portfolio/scenarios",recorded charge-off within 36 months,Retrospective conditional validation using realized macro paths.,Term-free primary specification
6.960910620286709,89002,average marginal association in percentage points; not causal,ProjectState_CA,discrete contrast against training reference category,5.3037947293880805,7.41508058987776,198,layer2,199,198,"95% percentile, positive state-weighted multiplier bootstrap; Firth re-estimated; fixed preprocessing/LGD/portfolio/scenarios",recorded charge-off within 36 months,Retrospective conditional validation using realized macro paths.,Term-free primary specification
5.563574086717558,89002,average marginal association in percentage points; not causal,ProjectState_CO,discrete contrast against training reference category,3.8976203136638503,6.640854938332997,198,layer2,199,198,"95% percentile, positive state-weighted multiplier bootstrap; Firth re-estimated; fixed preprocessing/LGD/portfolio/scenarios",recorded charge-off within 36 months,Retrospective conditional validation using realized macro paths.,Term-free primary specification
2.674550785444272,89002,average marginal association in percentage points; not causal,ProjectState_CT,discrete contrast against training reference category,0.9580166573495176,3.4862111312055855,198,layer2,199,198,"95% percentile, positive state-weighted multiplier bootstrap; Firth re-estimated; fixed preprocessing/LGD/portfolio/scenarios",recorded charge-off within 36 months,Retrospective conditional validation using realized macro paths.,Term-free primary specification
10.088168761215444,89002,average marginal association in percentage points; not causal,ProjectState_DC,discrete contrast against training reference category,8.815341441990181,11.4173485968938,198,layer2,199,198,"95% percentile, positive state-weighted multiplier bootstrap; Firth re-estimated; fixed preprocessing/LGD/portfolio/scenarios",recorded charge-off within 36 months,Retrospective conditional validation using realized macro paths.,Term-free primary specification
2.611917792384555,89002,average marginal association in percentage points; not causal,ProjectState_DE,discrete contrast against training reference category,0.9810849830895918,4.157328446255383,198,layer2,199,198,"95% percentile, positive state-weighted multiplier bootstrap; Firth re-estimated; fixed preprocessing/LGD/portfolio/scenarios",recorded charge-off within 36 months,Retrospective conditional validation using realized macro paths.,Term-free primary specification
7.992909217810198,89002,average marginal association in percentage points; not causal,ProjectState_FL,discrete contrast against training reference category,6.38628143065053,8.574068460160927,198,layer2,199,198,"95% percentile, positive state-weighted multiplier bootstrap; Firth re-estimated; fixed preprocessing/LGD/portfolio/scenarios",recorded charge-off within 36 months,Retrospective conditional validation using realized macro paths.,Term-free primary specification
9.84681648731204,89002,average marginal association in percentage points; not causal,ProjectState_GA,discrete contrast against training reference category,8.144425559121805,10.533991538203608,198,layer2,199,198,"95% percentile, positive state-weighted multiplier bootstrap; Firth re-estimated; fixed preprocessing/LGD/portfolio/scenarios",recorded charge-off within 36 months,Retrospective conditional validation using realized macro paths.,Term-free primary specification
1.6732684878492676,89002,average marginal association in percentage points; not causal,ProjectState_HI,discrete contrast against training reference category,-0.0875697759625496,2.890107165004001,198,layer2,199,198,"95% percentile, positive state-weighted multiplier bootstrap; Firth re-estimated; fixed preprocessing/LGD/portfolio/scenarios",recorded charge-off within 36 months,Retrospective conditional validation using realized macro paths.,Term-free primary specification
3.655406856181928,89002,average marginal association in percentage points; not causal,ProjectState_IA,discrete contrast against training reference category,1.6797353443161915,5.111985678395284,198,layer2,199,198,"95% percentile, positive state-weighted multiplier bootstrap; Firth re-estimated; fixed preprocessing/LGD/portfolio/scenarios",recorded charge-off within 36 months,Retrospective conditional validation using realized macro paths.,Term-free primary specification
3.2921544930130047,89002,average marginal association in percentage points; not causal,ProjectState_ID,discrete contrast against training reference category,1.5412813442643118,4.047391548212672,198,layer2,199,198,"95% percentile, positive state-weighted multiplier bootstrap; Firth re-estimated; fixed preprocessing/LGD/portfolio/scenarios",recorded charge-off within 36 months,Retrospective conditional validation using realized macro paths.,Term-free primary specification
6.133255407316973,89002,average marginal association in percentage points; not causal,ProjectState_IL,discrete contrast against training reference category,4.466988305059813,6.495950910873192,198,layer2,199,198,"95% percentile, positive state-weighted multiplier bootstrap; Firth re-estimated; fixed preprocessing/LGD/portfolio/scenarios",recorded charge-off within 36 months,Retrospective conditional validation using realized macro paths.,Term-free primary specification
2.0503435525095304,89002,average marginal association in percentage points; not causal,ProjectState_IN,discrete contrast against training reference category,0.3427935896432768,2.683028974683941,198,layer2,199,198,"95% percentile, positive state-weighted multiplier bootstrap; Firth re-estimated; fixed preprocessing/LGD/portfolio/scenarios",recorded charge-off within 36 months,Retrospective conditional validation using realized macro paths.,Term-free primary specification
4.407772973120969,89002,average marginal association in percentage points; not causal,ProjectState_KS,discrete contrast against training reference category,2.6458144109453294,5.437274291439534,198,layer2,199,198,"95% percentile, positive state-weighted multiplier bootstrap; Firth re-estimated; fixed preprocessing/LGD/portfolio/scenarios",recorded charge-off within 36 months,Retrospective conditional validation using realized macro paths.,Term-free primary specification
4.643915934633844,89002,average marginal association in percentage points; not causal,ProjectState_KY,discrete contrast against training reference category,2.812698831285384,5.16917923865177,198,layer2,199,198,"95% percentile, positive state-weighted multiplier bootstrap; Firth re-estimated; fixed preprocessing/LGD/portfolio/scenarios",recorded charge-off within 36 months,Retrospective conditional validation using realized macro paths.,Term-free primary specification
3.2557294862754516,89002,average marginal association in percentage points; not causal,ProjectState_LA,discrete contrast against training reference category,1.631283103944335,3.9741983224230073,198,layer2,199,198,"95% percentile, positive state-weighted multiplier bootstrap; Firth re-estimated; fixed preprocessing/LGD/portfolio/scenarios",recorded charge-off within 36 months,Retrospective conditional validation using realized macro paths.,Term-free primary specification
1.3981870174362276,89002,average marginal association in percentage points; not causal,ProjectState_MA,discrete contrast against training reference category,-0.3477726640791813,2.2716511142602647,198,layer2,199,198,"95% percentile, positive state-weighted multiplier bootstrap; Firth re-estimated; fixed preprocessing/LGD/portfolio/scenarios",recorded charge-off within 36 months,Retrospective conditional validation using realized macro paths.,Term-free primary specification
3.749782102743252,89002,average marginal association in percentage points; not causal,ProjectState_MD,discrete contrast against training reference category,1.9962610194696155,4.782175665645599,198,layer2,199,198,"95% percentile, positive state-weighted multiplier bootstrap; Firth re-estimated; fixed preprocessing/LGD/portfolio/scenarios",recorded charge-off within 36 months,Retrospective conditional validation using realized macro paths.,Term-free primary specification
1.333753439593288,89002,average marginal association in percentage points; not causal,ProjectState_ME,discrete contrast against training reference category,-0.5247987354908547,2.0526784888833305,198,layer2,199,198,"95% percentile, positive state-weighted multiplier bootstrap; Firth re-estimated; fixed preprocessing/LGD/portfolio/scenarios",recorded charge-off within 36 months,Retrospective conditional validation using realized macro paths.,Term-free primary specification
2.764865954324898,89002,average marginal association in percentage points; not causal,ProjectState_MI,discrete contrast against training reference category,0.9809607802919575,3.271709777665681,198,layer2,199,198,"95% percentile, positive state-weighted multiplier bootstrap; Firth re-estimated; fixed preprocessing/LGD/portfolio/scenarios",recorded charge-off within 36 months,Retrospective conditional validation using realized macro paths.,Term-free primary specification
2.724045618556311,89002,average marginal association in percentage points; not causal,ProjectState_MN,discrete contrast against training reference category,1.0239545663732332,3.7592647429949384,198,layer2,199,198,"95% percentile, positive state-weighted multiplier bootstrap; Firth re-estimated; fixed preprocessing/LGD/portfolio/scenarios",recorded charge-off within 36 months,Retrospective conditional validation using realized macro paths.,Term-free primary specification
4.541643560392729,89002,average marginal association in percentage points; not causal,ProjectState_MO,discrete contrast against training reference category,2.747502330996482,5.119200857736044,198,layer2,199,198,"95% percentile, positive state-weighted multiplier bootstrap; Firth re-estimated; fixed preprocessing/LGD/portfolio/scenarios",recorded charge-off within 36 months,Retrospective conditional validation using realized macro paths.,Term-free primary specification
5.4227805121136345,89002,average marginal association in percentage points; not causal,ProjectState_MS,discrete contrast against training reference category,3.65989699232803,6.141954978552453,198,layer2,199,198,"95% percentile, positive state-weighted multiplier bootstrap; Firth re-estimated; fixed preprocessing/LGD/portfolio/scenarios",recorded charge-off within 36 months,Retrospective conditional validation using realized macro paths.,Term-free primary specification
0.9996793947419076,89002,average marginal association in percentage points; not causal,ProjectState_MT,discrete contrast against training reference category,-0.7755122250355642,1.7703635012759975,198,layer2,199,198,"95% percentile, positive state-weighted multiplier bootstrap; Firth re-estimated; fixed preprocessing/LGD/portfolio/scenarios",recorded charge-off within 36 months,Retrospective conditional validation using realized macro paths.,Term-free primary specification
3.658341533085028,89002,average marginal association in percentage points; not causal,ProjectState_NC,discrete contrast against training reference category,1.88909228209491,4.250671826027239,198,layer2,199,198,"95% percentile, positive state-weighted multiplier bootstrap; Firth re-estimated; fixed preprocessing/LGD/portfolio/scenarios",recorded charge-off within 36 months,Retrospective conditional validation using realized macro paths.,Term-free primary specification
0.947501896612927,89002,average marginal association in percentage points; not causal,ProjectState_ND,discrete contrast against training reference category,-0.6982954448673873,2.4916885217509366,198,layer2,199,198,"95% percentile, positive state-weighted multiplier bootstrap; Firth re-estimated; fixed preprocessing/LGD/portfolio/scenarios",recorded charge-off within 36 months,Retrospective conditional validation using realized macro paths.,Term-free primary specification
1.7053751787130478,89002,average marginal association in percentage points; not causal,ProjectState_NE,discrete contrast against training reference category,-0.2531311546925681,3.28496402297218,198,layer2,199,198,"95% percentile, positive state-weighted multiplier bootstrap; Firth re-estimated; fixed preprocessing/LGD/portfolio/scenarios",recorded charge-off within 36 months,Retrospective conditional validation using realized macro paths.,Term-free primary specification
0.2672857346051806,89002,average marginal association in percentage points; not causal,ProjectState_NH,discrete contrast against training reference category,-1.452013106171792,1.4282892792662905,198,layer2,199,198,"95% percentile, positive state-weighted multiplier bootstrap; Firth re-estimated; fixed preprocessing/LGD/portfolio/scenarios",recorded charge-off within 36 months,Retrospective conditional validation using realized macro paths.,Term-free primary specification
6.3423592954154495,89002,average marginal association in percentage points; not causal,ProjectState_NJ,discrete contrast against training reference category,4.5600861111347415,7.127374059666083,198,layer2,199,198,"95% percentile, positive state-weighted multiplier bootstrap; Firth re-estimated; fixed preprocessing/LGD/portfolio/scenarios",recorded charge-off within 36 months,Retrospective conditional validation using realized macro paths.,Term-free primary specification
4.047226724341582,89002,average marginal association in percentage points; not causal,ProjectState_NM,discrete contrast against training reference category,2.0870314404100867,4.750960232957518,198,layer2,199,198,"95% percentile, positive state-weighted multiplier bootstrap; Firth re-estimated; fixed preprocessing/LGD/portfolio/scenarios",recorded charge-off within 36 months,Retrospective conditional validation using realized macro paths.,Term-free primary specification
6.232390212167652,89002,average marginal association in percentage points; not causal,ProjectState_NV,discrete contrast against training reference category,4.524424074953927,6.70193303136805,198,layer2,199,198,"95% percentile, positive state-weighted multiplier bootstrap; Firth re-estimated; fixed preprocessing/LGD/portfolio/scenarios",recorded charge-off within 36 months,Retrospective conditional validation using realized macro paths.,Term-free primary specification
6.235291142503437,89002,average marginal association in percentage points; not causal,ProjectState_NY,discrete contrast against training reference category,4.468931810966117,6.992637314326294,198,layer2,199,198,"95% percentile, positive state-weighted multiplier bootstrap; Firth re-estimated; fixed preprocessing/LGD/portfolio/scenarios",recorded charge-off within 36 months,Retrospective conditional validation using realized macro paths.,Term-free primary specification
1.2256767386377103,89002,average marginal association in percentage points; not causal,ProjectState_OH,discrete contrast against training reference category,-0.7276421435438709,1.6532907502007197,198,layer2,199,198,"95% percentile, positive state-weighted multiplier bootstrap; Firth re-estimated; fixed preprocessing/LGD/portfolio/scenarios",recorded charge-off within 36 months,Retrospective conditional validation using realized macro paths.,Term-free primary specification
7.21883202160019,89002,average marginal association in percentage points; not causal,ProjectState_OK,discrete contrast against training reference category,5.331634306729025,8.7613908442274,198,layer2,199,198,"95% percentile, positive state-weighted multiplier bootstrap; Firth re-estimated; fixed preprocessing/LGD/portfolio/scenarios",recorded charge-off within 36 months,Retrospective conditional validation using realized macro paths.,Term-free primary specification
3.1994967604584845,89002,average marginal association in percentage points; not causal,ProjectState_OR,discrete contrast against training reference category,1.2923380236432804,3.578432954064042,198,layer2,199,198,"95% percentile, positive state-weighted multiplier bootstrap; Firth re-estimated; fixed preprocessing/LGD/portfolio/scenarios",recorded charge-off within 36 months,Retrospective conditional validation using realized macro paths.,Term-free primary specification
1.8136687534150584,89002,average marginal association in percentage points; not causal,ProjectState_PA,discrete contrast against training reference category,-0.0353828105421208,2.5116528649776213,198,layer2,199,198,"95% percentile, positive state-weighted multiplier bootstrap; Firth re-estimated; fixed preprocessing/LGD/portfolio/scenarios",recorded charge-off within 36 months,Retrospective conditional validation using realized macro paths.,Term-free primary specification
0.8632185662767827,89002,average marginal association in percentage points; not causal,ProjectState_RI,discrete contrast against training reference category,-0.9728124303330188,1.279616504637182,198,layer2,199,198,"95% percentile, positive state-weighted multiplier bootstrap; Firth re-estimated; fixed preprocessing/LGD/portfolio/scenarios",recorded charge-off within 36 months,Retrospective conditional validation using realized macro paths.,Term-free primary specification
2.8714078656908555,89002,average marginal association in percentage points; not causal,ProjectState_SC,discrete contrast against training reference category,0.971943439684912,3.2659551764856474,198,layer2,199,198,"95% percentile, positive state-weighted multiplier bootstrap; Firth re-estimated; fixed preprocessing/LGD/portfolio/scenarios",recorded charge-off within 36 months,Retrospective conditional validation using realized macro paths.,Term-free primary specification
4.322117976676152,89002,average marginal association in percentage points; not causal,ProjectState_SD,discrete contrast against training reference category,2.159101066794768,6.547526339785365,198,layer2,199,198,"95% percentile, positive state-weighted multiplier bootstrap; Firth re-estimated; fixed preprocessing/LGD/portfolio/scenarios",recorded charge-off within 36 months,Retrospective conditional validation using realized macro paths.,Term-free primary specification
4.97038427792803,89002,average marginal association in percentage points; not causal,ProjectState_TN,discrete contrast against training reference category,3.16668097393343,5.574400404418098,198,layer2,199,198,"95% percentile, positive state-weighted multiplier bootstrap; Firth re-estimated; fixed preprocessing/LGD/portfolio/scenarios",recorded charge-off within 36 months,Retrospective conditional validation using realized macro paths.,Term-free primary specification
7.490959133511868,89002,average marginal association in percentage points; not causal,ProjectState_TX,discrete contrast against training reference category,5.79724174549908,8.147787634823587,198,layer2,199,198,"95% percentile, positive state-weighted multiplier bootstrap; Firth re-estimated; fixed preprocessing/LGD/portfolio/scenarios",recorded charge-off within 36 months,Retrospective conditional validation using realized macro paths.,Term-free primary specification
4.26145946971566,89002,average marginal association in percentage points; not causal,ProjectState_UT,discrete contrast against training reference category,2.403247688969127,5.600894587858337,198,layer2,199,198,"95% percentile, positive state-weighted multiplier bootstrap; Firth re-estimated; fixed preprocessing/LGD/portfolio/scenarios",recorded charge-off within 36 months,Retrospective conditional validation using realized macro paths.,Term-free primary specification
5.293162489230902,89002,average marginal association in percentage points; not causal,ProjectState_VA,discrete contrast against training reference category,3.3253649592642893,6.9303508237348135,198,layer2,199,198,"95% percentile, positive state-weighted multiplier bootstrap; Firth re-estimated; fixed preprocessing/LGD/portfolio/scenarios",recorded charge-off within 36 months,Retrospective conditional validation using realized macro paths.,Term-free primary specification
0.0756936025132264,89002,average marginal association in percentage points; not causal,ProjectState_VT,discrete contrast against training reference category,-1.6500232045413743,1.208901883818583,198,layer2,199,198,"95% percentile, positive state-weighted multiplier bootstrap; Firth re-estimated; fixed preprocessing/LGD/portfolio/scenarios",recorded charge-off within 36 months,Retrospective conditional validation using realized macro paths.,Term-free primary specification
3.632952330654601,89002,average marginal association in percentage points; not causal,ProjectState_WA,discrete contrast against training reference category,1.5648199135454746,3.926381902869251,198,layer2,199,198,"95% percentile, positive state-weighted multiplier bootstrap; Firth re-estimated; fixed preprocessing/LGD/portfolio/scenarios",recorded charge-off within 36 months,Retrospective conditional validation using realized macro paths.,Term-free primary specification
1.1044989738876252,89002,average marginal association in percentage points; not causal,ProjectState_WI,discrete contrast against training reference category,-0.5878753706963586,1.8735367412456692,198,layer2,199,198,"95% percentile, positive state-weighted multiplier bootstrap; Firth re-estimated; fixed preprocessing/LGD/portfolio/scenarios",recorded charge-off within 36 months,Retrospective conditional validation using realized macro paths.,Term-free primary specification
9.505544782789212,89002,average marginal association in percentage points; not causal,ProjectState_WV,discrete contrast against training reference category,7.656507327907142,10.252806357968474,198,layer2,199,198,"95% percentile, positive state-weighted multiplier bootstrap; Firth re-estimated; fixed preprocessing/LGD/portfolio/scenarios",recorded charge-off within 36 months,Retrospective conditional validation using realized macro paths.,Term-free primary specification
3.4243261981824507,89002,average marginal association in percentage points; not causal,ProjectState_WY,discrete contrast against training reference category,1.5776781587666997,4.625000121413325,198,layer2,199,198,"95% percentile, positive state-weighted multiplier bootstrap; Firth re-estimated; fixed preprocessing/LGD/portfolio/scenarios",recorded charge-off within 36 months,Retrospective conditional validation using realized macro paths.,Term-free primary specification
-1.245399947189707,89002,average marginal association in percentage points; not causal,log_approval,derivative per unit of native feature (log variables remain log units),-1.492208439838025,-0.8916481661778569,197,layer2_term,199,197,"95% percentile, positive state-weighted multiplier bootstrap; Firth re-estimated; fixed preprocessing/LGD/portfolio/scenarios",recorded charge-off within 36 months,Retrospective conditional validation using realized macro paths.,With-Term sensitivity; reported-term timing unverified
-5.542065795621959,89002,average marginal association in percentage points; not causal,guarantee_share,derivative per unit of native feature (log variables remain log units),-9.699802661174363,-0.8884996460179263,197,layer2_term,199,197,"95% percentile, positive state-weighted multiplier bootstrap; Firth re-estimated; fixed preprocessing/LGD/portfolio/scenarios",recorded charge-off within 36 months,Retrospective conditional validation using realized macro paths.,With-Term sensitivity; reported-term timing unverified
0.2197682475039026,89002,average marginal association in percentage points; not causal,log_jobs,derivative per unit of native feature (log variables remain log units),0.0766311559944055,0.3685462918338639,197,layer2_term,199,197,"95% percentile, positive state-weighted multiplier bootstrap; Firth re-estimated; fixed preprocessing/LGD/portfolio/scenarios",recorded charge-off within 36 months,Retrospective conditional validation using realized macro paths.,With-Term sensitivity; reported-term timing unverified
-0.1088911054013866,89002,average marginal association in percentage points; not causal,TermInMonths,derivative per unit of native feature (log variables remain log units),-0.1209349483215437,-0.0985745284141734,197,layer2_term,199,197,"95% percentile, positive state-weighted multiplier bootstrap; Firth re-estimated; fixed preprocessing/LGD/portfolio/scenarios",recorded charge-off within 36 months,Retrospective conditional validation using realized macro paths.,With-Term sensitivity; reported-term timing unverified
-0.2897626635451041,89002,average marginal association in percentage points; not causal,u0,derivative per unit of native feature (log variables remain log units),-0.7970217433232671,0.195417929953282,197,layer2_term,199,197,"95% percentile, positive state-weighted multiplier bootstrap; Firth re-estimated; fixed preprocessing/LGD/portfolio/scenarios",recorded charge-off within 36 months,Retrospective conditional validation using realized macro paths.,With-Term sensitivity; reported-term timing unverified
0.5603326821093858,89002,average marginal association in percentage points; not causal,du,derivative per unit of native feature (log variables remain log units),0.3299940187642982,0.7600702699607711,197,layer2_term,199,197,"95% percentile, positive state-weighted multiplier bootstrap; Firth re-estimated; fixed preprocessing/LGD/portfolio/scenarios",recorded charge-off within 36 months,Retrospective conditional validation using realized macro paths.,With-Term sensitivity; reported-term timing unverified
-0.2063655390106503,89002,average marginal association in percentage points; not causal,h0,derivative per unit of native feature (log variables remain log units),-0.2338711851110962,-0.1761044502349541,197,layer2_term,199,197,"95% percentile, positive state-weighted multiplier bootstrap; Firth re-estimated; fixed preprocessing/LGD/portfolio/scenarios",recorded charge-off within 36 months,Retrospective conditional validation using realized macro paths.,With-Term sensitivity; reported-term timing unverified
-0.0843158462409007,89002,average marginal association in percentage points; not causal,dh,derivative per unit of native feature (log variables remain log units),-0.1267174526940161,-0.0649544375415521,197,layer2_term,199,197,"95% percentile, positive state-weighted multiplier bootstrap; Firth re-estimated; fixed preprocessing/LGD/portfolio/scenarios",recorded charge-off within 36 months,Retrospective conditional validation using realized macro paths.,With-Term sensitivity; reported-term timing unverified
0.1186633238694234,89002,average marginal association in percentage points; not causal,year_trend,derivative per unit of native feature (log variables remain log units),-0.0108195373935329,0.2256371158137587,197,layer2_term,199,197,"95% percentile, positive state-weighted multiplier bootstrap; Firth re-estimated; fixed preprocessing/LGD/portfolio/scenarios",recorded charge-off within 36 months,Retrospective conditional validation using realized macro paths.,With-Term sensitivity; reported-term timing unverified
-7.691217548616073,89002,average marginal association in percentage points; not causal,ProcessingMethod_7a with EWCP,discrete contrast against training reference category,-9.27466653233509,-6.026423284081383,197,layer2_term,199,197,"95% percentile, positive state-weighted multiplier bootstrap; Firth re-estimated; fixed preprocessing/LGD/portfolio/scenarios",recorded charge-off within 36 months,Retrospective conditional validation using realized macro paths.,With-Term sensitivity; reported-term timing unverified
-0.976910644432724,89002,average marginal association in percentage points; not causal,ProcessingMethod_Certified Lenders Program,discrete contrast against training reference category,-1.7230874250375925,-0.2409094596940222,197,layer2_term,199,197,"95% percentile, positive state-weighted multiplier bootstrap; Firth re-estimated; fixed preprocessing/LGD/portfolio/scenarios",recorded charge-off within 36 months,Retrospective conditional validation using realized macro paths.,With-Term sensitivity; reported-term timing unverified
10.674927963833982,89002,average marginal association in percentage points; not causal,ProcessingMethod_Community Express,discrete contrast against training reference category,8.324912199223485,13.93125074220444,197,layer2_term,199,197,"95% percentile, positive state-weighted multiplier bootstrap; Firth re-estimated; fixed preprocessing/LGD/portfolio/scenarios",recorded charge-off within 36 months,Retrospective conditional validation using realized macro paths.,With-Term sensitivity; reported-term timing unverified
0.6276251762987991,89002,average marginal association in percentage points; not causal,ProcessingMethod_Export Express,discrete contrast against training reference category,-1.9236884822875115,5.2151016995358255,197,layer2_term,199,197,"95% percentile, positive state-weighted multiplier bootstrap; Firth re-estimated; fixed preprocessing/LGD/portfolio/scenarios",recorded charge-off within 36 months,Retrospective conditional validation using realized macro paths.,With-Term sensitivity; reported-term timing unverified
-1.4332490510702889,89002,average marginal association in percentage points; not causal,ProcessingMethod_Gulf Opportunity Pilot Loan Program,discrete contrast against training reference category,-3.4061146638345483,0.9805488494862464,197,layer2_term,199,197,"95% percentile, positive state-weighted multiplier bootstrap; Firth re-estimated; fixed preprocessing/LGD/portfolio/scenarios",recorded charge-off within 36 months,Retrospective conditional validation using realized macro paths.,With-Term sensitivity; reported-term timing unverified
-3.696541104900248,89002,average marginal association in percentage points; not causal,ProcessingMethod_International Trade Loans,discrete contrast against training reference category,-5.392409302928473,-2.3697229065233887,197,layer2_term,199,197,"95% percentile, positive state-weighted multiplier bootstrap; Firth re-estimated; fixed preprocessing/LGD/portfolio/scenarios",recorded charge-off within 36 months,Retrospective conditional validation using realized macro paths.,With-Term sensitivity; reported-term timing unverified
2.573480930277772,89002,average marginal association in percentage points; not causal,ProcessingMethod_Low Documentation Program,discrete contrast against training reference category,1.868329546597754,3.5894270334221297,197,layer2_term,199,197,"95% percentile, positive state-weighted multiplier bootstrap; Firth re-estimated; fixed preprocessing/LGD/portfolio/scenarios",recorded charge-off within 36 months,Retrospective conditional validation using realized macro paths.,With-Term sensitivity; reported-term timing unverified
-0.807083936319456,89002,average marginal association in percentage points; not causal,ProcessingMethod_Other,discrete contrast against training reference category,-3.771578507670708,4.182881613522362,197,layer2_term,199,197,"95% percentile, positive state-weighted multiplier bootstrap; Firth re-estimated; fixed preprocessing/LGD/portfolio/scenarios",recorded charge-off within 36 months,Retrospective conditional validation using realized macro paths.,With-Term sensitivity; reported-term timing unverified
6.605403017794897,89002,average marginal association in percentage points; not causal,ProcessingMethod_Patriot Express Loans,discrete contrast against training reference category,5.098496735740581,8.062773358571977,197,layer2_term,199,197,"95% percentile, positive state-weighted multiplier bootstrap; Firth re-estimated; fixed preprocessing/LGD/portfolio/scenarios",recorded charge-off within 36 months,Retrospective conditional validation using realized macro paths.,With-Term sensitivity; reported-term timing unverified
-1.3823697119425444,89002,average marginal association in percentage points; not causal,ProcessingMethod_Preferred Lenders Program,discrete contrast against training reference category,-2.106761941429665,-0.5093175221690481,197,layer2_term,199,197,"95% percentile, positive state-weighted multiplier bootstrap; Firth re-estimated; fixed preprocessing/LGD/portfolio/scenarios",recorded charge-off within 36 months,Retrospective conditional validation using realized macro paths.,With-Term sensitivity; reported-term timing unverified
-3.3038022719348357,89002,average marginal association in percentage points; not causal,ProcessingMethod_Rural Loan Initiative,discrete contrast against training reference category,-5.980522182872712,-0.6241430383060341,197,layer2_term,199,197,"95% percentile, positive state-weighted multiplier bootstrap; Firth re-estimated; fixed preprocessing/LGD/portfolio/scenarios",recorded charge-off within 36 months,Retrospective conditional validation using realized macro paths.,With-Term sensitivity; reported-term timing unverified
-1.1022509276447026,89002,average marginal association in percentage points; not causal,ProcessingMethod_SBA Express Program,discrete contrast against training reference category,-3.155602885451348,1.083082487054211,197,layer2_term,199,197,"95% percentile, positive state-weighted multiplier bootstrap; Firth re-estimated; fixed preprocessing/LGD/portfolio/scenarios",recorded charge-off within 36 months,Retrospective conditional validation using realized macro paths.,With-Term sensitivity; reported-term timing unverified
4.361154779630959,89002,average marginal association in percentage points; not causal,FixedorVariableInterestInd_V,discrete contrast against training reference category,3.623807708913229,4.989718832559545,197,layer2_term,199,197,"95% percentile, positive state-weighted multiplier bootstrap; Firth re-estimated; fixed preprocessing/LGD/portfolio/scenarios",recorded charge-off within 36 months,Retrospective conditional validation using realized macro paths.,With-Term sensitivity; reported-term timing unverified
6.6068149638222025,89002,average marginal association in percentage points; not causal,FixedorVariableInterestInd___missing__,discrete contrast against training reference category,5.591379650479513,7.352328913756692,197,layer2_term,199,197,"95% percentile, positive state-weighted multiplier bootstrap; Firth re-estimated; fixed preprocessing/LGD/portfolio/scenarios",recorded charge-off within 36 months,Retrospective conditional validation using realized macro paths.,With-Term sensitivity; reported-term timing unverified
2.3255073848011696,89002,average marginal association in percentage points; not causal,naics2_21,discrete contrast against training reference category,0.4045449083193052,4.302145974775201,197,layer2_term,199,197,"95% percentile, positive state-weighted multiplier bootstrap; Firth re-estimated; fixed preprocessing/LGD/portfolio/scenarios",recorded charge-off within 36 months,Retrospective conditional validation using realized macro paths.,With-Term sensitivity; reported-term timing unverified
5.291519052294255,89002,average marginal association in percentage points; not causal,naics2_23,discrete contrast against training reference category,4.091389292084858,6.507574054532658,197,layer2_term,199,197,"95% percentile, positive state-weighted multiplier bootstrap; Firth re-estimated; fixed preprocessing/LGD/portfolio/scenarios",recorded charge-off within 36 months,Retrospective conditional validation using realized macro paths.,With-Term sensitivity; reported-term timing unverified
6.182457087195055,89002,average marginal association in percentage points; not causal,naics2_31,discrete contrast against training reference category,4.904354214088832,7.31035982593637,197,layer2_term,199,197,"95% percentile, positive state-weighted multiplier bootstrap; Firth re-estimated; fixed preprocessing/LGD/portfolio/scenarios",recorded charge-off within 36 months,Retrospective conditional validation using realized macro paths.,With-Term sensitivity; reported-term timing unverified
4.614780620825959,89002,average marginal association in percentage points; not causal,naics2_32,discrete contrast against training reference category,2.999080210047163,6.024197167618636,197,layer2_term,199,197,"95% percentile, positive state-weighted multiplier bootstrap; Firth re-estimated; fixed preprocessing/LGD/portfolio/scenarios",recorded charge-off within 36 months,Retrospective conditional validation using realized macro paths.,With-Term sensitivity; reported-term timing unverified
4.049308254317617,89002,average marginal association in percentage points; not causal,naics2_33,discrete contrast against training reference category,2.9930500467216454,5.20261580013891,197,layer2_term,199,197,"95% percentile, positive state-weighted multiplier bootstrap; Firth re-estimated; fixed preprocessing/LGD/portfolio/scenarios",recorded charge-off within 36 months,Retrospective conditional validation using realized macro paths.,With-Term sensitivity; reported-term timing unverified
7.316040211163957,89002,average marginal association in percentage points; not causal,naics2_42,discrete contrast against training reference category,5.4417376742277,8.776604536514522,197,layer2_term,199,197,"95% percentile, positive state-weighted multiplier bootstrap; Firth re-estimated; fixed preprocessing/LGD/portfolio/scenarios",recorded charge-off within 36 months,Retrospective conditional validation using realized macro paths.,With-Term sensitivity; reported-term timing unverified
7.096362246958321,89002,average marginal association in percentage points; not causal,naics2_44,discrete contrast against training reference category,6.106342291492714,8.176423390570426,197,layer2_term,199,197,"95% percentile, positive state-weighted multiplier bootstrap; Firth re-estimated; fixed preprocessing/LGD/portfolio/scenarios",recorded charge-off within 36 months,Retrospective conditional validation using realized macro paths.,With-Term sensitivity; reported-term timing unverified
7.27739315039087,89002,average marginal association in percentage points; not causal,naics2_45,discrete contrast against training reference category,6.19141400019477,8.273956962000549,197,layer2_term,199,197,"95% percentile, positive state-weighted multiplier bootstrap; Firth re-estimated; fixed preprocessing/LGD/portfolio/scenarios",recorded charge-off within 36 months,Retrospective conditional validation using realized macro paths.,With-Term sensitivity; reported-term timing unverified
6.383461706573637,89002,average marginal association in percentage points; not causal,naics2_48,discrete contrast against training reference category,5.04314716173753,8.023362017729433,197,layer2_term,199,197,"95% percentile, positive state-weighted multiplier bootstrap; Firth re-estimated; fixed preprocessing/LGD/portfolio/scenarios",recorded charge-off within 36 months,Retrospective conditional validation using realized macro paths.,With-Term sensitivity; reported-term timing unverified
6.00303511684805,89002,average marginal association in percentage points; not causal,naics2_49,discrete contrast against training reference category,4.228273816132894,7.81987290126766,197,layer2_term,199,197,"95% percentile, positive state-weighted multiplier bootstrap; Firth re-estimated; fixed preprocessing/LGD/portfolio/scenarios",recorded charge-off within 36 months,Retrospective conditional validation using realized macro paths.,With-Term sensitivity; reported-term timing unverified
6.024991693961674,89002,average marginal association in percentage points; not causal,naics2_51,discrete contrast against training reference category,4.774922132866209,7.060316573369822,197,layer2_term,199,197,"95% percentile, positive state-weighted multiplier bootstrap; Firth re-estimated; fixed preprocessing/LGD/portfolio/scenarios",recorded charge-off within 36 months,Retrospective conditional validation using realized macro paths.,With-Term sensitivity; reported-term timing unverified
6.440122030571789,89002,average marginal association in percentage points; not causal,naics2_52,discrete contrast against training reference category,5.100917209085457,7.456666784754245,197,layer2_term,199,197,"95% percentile, positive state-weighted multiplier bootstrap; Firth re-estimated; fixed preprocessing/LGD/portfolio/scenarios",recorded charge-off within 36 months,Retrospective conditional validation using realized macro paths.,With-Term sensitivity; reported-term timing unverified
8.594144835374232,89002,average marginal association in percentage points; not causal,naics2_53,discrete contrast against training reference category,6.70424123068364,10.35930631994796,197,layer2_term,199,197,"95% percentile, positive state-weighted multiplier bootstrap; Firth re-estimated; fixed preprocessing/LGD/portfolio/scenarios",recorded charge-off within 36 months,Retrospective conditional validation using realized macro paths.,With-Term sensitivity; reported-term timing unverified
4.293093918745441,89002,average marginal association in percentage points; not causal,naics2_54,discrete contrast against training reference category,2.7855520873376434,5.672435424853927,197,layer2_term,199,197,"95% percentile, positive state-weighted multiplier bootstrap; Firth re-estimated; fixed preprocessing/LGD/portfolio/scenarios",recorded charge-off within 36 months,Retrospective conditional validation using realized macro paths.,With-Term sensitivity; reported-term timing unverified
4.990870818161719,89002,average marginal association in percentage points; not causal,naics2_56,discrete contrast against training reference category,3.8584784754067023,6.256408329283866,197,layer2_term,199,197,"95% percentile, positive state-weighted multiplier bootstrap; Firth re-estimated; fixed preprocessing/LGD/portfolio/scenarios",recorded charge-off within 36 months,Retrospective conditional validation using realized macro paths.,With-Term sensitivity; reported-term timing unverified
4.922941134959503,89002,average marginal association in percentage points; not causal,naics2_61,discrete contrast against training reference category,3.5743330915961056,6.504659374820458,197,layer2_term,199,197,"95% percentile, positive state-weighted multiplier bootstrap; Firth re-estimated; fixed preprocessing/LGD/portfolio/scenarios",recorded charge-off within 36 months,Retrospective conditional validation using realized macro paths.,With-Term sensitivity; reported-term timing unverified
1.5380110031432426,89002,average marginal association in percentage points; not causal,naics2_62,discrete contrast against training reference category,0.3940249202960524,2.6189164633793713,197,layer2_term,199,197,"95% percentile, positive state-weighted multiplier bootstrap; Firth re-estimated; fixed preprocessing/LGD/portfolio/scenarios",recorded charge-off within 36 months,Retrospective conditional validation using realized macro paths.,With-Term sensitivity; reported-term timing unverified
7.4315344004178385,89002,average marginal association in percentage points; not causal,naics2_71,discrete contrast against training reference category,6.396420619248224,8.64258006386235,197,layer2_term,199,197,"95% percentile, positive state-weighted multiplier bootstrap; Firth re-estimated; fixed preprocessing/LGD/portfolio/scenarios",recorded charge-off within 36 months,Retrospective conditional validation using realized macro paths.,With-Term sensitivity; reported-term timing unverified
7.1430808635412975,89002,average marginal association in percentage points; not causal,naics2_72,discrete contrast against training reference category,6.12929308439512,8.38103984024045,197,layer2_term,199,197,"95% percentile, positive state-weighted multiplier bootstrap; Firth re-estimated; fixed preprocessing/LGD/portfolio/scenarios",recorded charge-off within 36 months,Retrospective conditional validation using realized macro paths.,With-Term sensitivity; reported-term timing unverified
5.301704072779007,89002,average marginal association in percentage points; not causal,naics2_81,discrete contrast against training reference category,4.3800635883351395,6.1726129101131955,197,layer2_term,199,197,"95% percentile, positive state-weighted multiplier bootstrap; Firth re-estimated; fixed preprocessing/LGD/portfolio/scenarios",recorded charge-off within 36 months,Retrospective conditional validation using realized macro paths.,With-Term sensitivity; reported-term timing unverified
3.838218610158729,89002,average marginal association in percentage points; not causal,naics2_Other,discrete contrast against training reference category,1.6832321796195018,5.7095066795517235,197,layer2_term,199,197,"95% percentile, positive state-weighted multiplier bootstrap; Firth re-estimated; fixed preprocessing/LGD/portfolio/scenarios",recorded charge-off within 36 months,Retrospective conditional validation using realized macro paths.,With-Term sensitivity; reported-term timing unverified
7.463685634905643,89002,average marginal association in percentage points; not causal,naics2___missing__,discrete contrast against training reference category,6.275358487872547,8.648621661072744,197,layer2_term,199,197,"95% percentile, positive state-weighted multiplier bootstrap; Firth re-estimated; fixed preprocessing/LGD/portfolio/scenarios",recorded charge-off within 36 months,Retrospective conditional validation using realized macro paths.,With-Term sensitivity; reported-term timing unverified
1.7062299725623975,89002,average marginal association in percentage points; not causal,BusinessType_INDIVIDUAL,discrete contrast against training reference category,1.3804682569295683,2.108378431956091,197,layer2_term,199,197,"95% percentile, positive state-weighted multiplier bootstrap; Firth re-estimated; fixed preprocessing/LGD/portfolio/scenarios",recorded charge-off within 36 months,Retrospective conditional validation using realized macro paths.,With-Term sensitivity; reported-term timing unverified
-1.6162873749353373,89002,average marginal association in percentage points; not causal,BusinessType_PARTNERSHIP,discrete contrast against training reference category,-2.13299430245947,-0.889820875214342,197,layer2_term,199,197,"95% percentile, positive state-weighted multiplier bootstrap; Firth re-estimated; fixed preprocessing/LGD/portfolio/scenarios",recorded charge-off within 36 months,Retrospective conditional validation using realized macro paths.,With-Term sensitivity; reported-term timing unverified
15.863387057072536,89002,average marginal association in percentage points; not causal,BusinessType___missing__,discrete contrast against training reference category,10.563489571965162,21.54389605841694,197,layer2_term,199,197,"95% percentile, positive state-weighted multiplier bootstrap; Firth re-estimated; fixed preprocessing/LGD/portfolio/scenarios",recorded charge-off within 36 months,Retrospective conditional validation using realized macro paths.,With-Term sensitivity; reported-term timing unverified
2.5090465860935995,89002,average marginal association in percentage points; not causal,BusinessAge_Less than 3 years old but at least 2,discrete contrast against training reference category,1.9925648631599309,3.13137254585967,197,layer2_term,199,197,"95% percentile, positive state-weighted multiplier bootstrap; Firth re-estimated; fixed preprocessing/LGD/portfolio/scenarios",recorded charge-off within 36 months,Retrospective conditional validation using realized macro paths.,With-Term sensitivity; reported-term timing unverified
-2.4296326973015776,89002,average marginal association in percentage points; not causal,BusinessAge_Less than 4 years old but at least 3,discrete contrast against training reference category,-2.8949598090527053,-1.7596217400143916,197,layer2_term,199,197,"95% percentile, positive state-weighted multiplier bootstrap; Firth re-estimated; fixed preprocessing/LGD/portfolio/scenarios",recorded charge-off within 36 months,Retrospective conditional validation using realized macro paths.,With-Term sensitivity; reported-term timing unverified
3.195858849454737,89002,average marginal association in percentage points; not causal,BusinessAge_Less than 5 years old but at least 4,discrete contrast against training reference category,2.148722099309341,4.169937087255556,197,layer2_term,199,197,"95% percentile, positive state-weighted multiplier bootstrap; Firth re-estimated; fixed preprocessing/LGD/portfolio/scenarios",recorded charge-off within 36 months,Retrospective conditional validation using realized macro paths.,With-Term sensitivity; reported-term timing unverified
-1.0673628622375788,89002,average marginal association in percentage points; not causal,"BusinessAge_New, Less than 1 Year old",discrete contrast against training reference category,-1.51133752568503,-0.6349642726047809,197,layer2_term,199,197,"95% percentile, positive state-weighted multiplier bootstrap; Firth re-estimated; fixed preprocessing/LGD/portfolio/scenarios",recorded charge-off within 36 months,Retrospective conditional validation using realized macro paths.,With-Term sensitivity; reported-term timing unverified
-8.841618700988391,89002,average marginal association in percentage points; not causal,BusinessAge_Other,discrete contrast against training reference category,-10.712818019621338,-2.457039567132203,197,layer2_term,199,197,"95% percentile, positive state-weighted multiplier bootstrap; Firth re-estimated; fixed preprocessing/LGD/portfolio/scenarios",recorded charge-off within 36 months,Retrospective conditional validation using realized macro paths.,With-Term sensitivity; reported-term timing unverified
-1.5360650474279156,89002,average marginal association in percentage points; not causal,"BusinessAge_Startup, Loan Funds will Open Business",discrete contrast against training reference category,-2.1683906976717635,-0.9589789342619056,197,layer2_term,199,197,"95% percentile, positive state-weighted multiplier bootstrap; Firth re-estimated; fixed preprocessing/LGD/portfolio/scenarios",recorded charge-off within 36 months,Retrospective conditional validation using realized macro paths.,With-Term sensitivity; reported-term timing unverified
-0.4760131975621888,89002,average marginal association in percentage points; not causal,BusinessAge_Unanswered,discrete contrast against training reference category,-1.0341019916485683,0.1290944772145325,197,layer2_term,199,197,"95% percentile, positive state-weighted multiplier bootstrap; Firth re-estimated; fixed preprocessing/LGD/portfolio/scenarios",recorded charge-off within 36 months,Retrospective conditional validation using realized macro paths.,With-Term sensitivity; reported-term timing unverified
0.9427112277056664,89002,average marginal association in percentage points; not causal,franchise_present,discrete contrast against training reference category,0.159947639920632,1.6724538827755613,197,layer2_term,199,197,"95% percentile, positive state-weighted multiplier bootstrap; Firth re-estimated; fixed preprocessing/LGD/portfolio/scenarios",recorded charge-off within 36 months,Retrospective conditional validation using realized macro paths.,With-Term sensitivity; reported-term timing unverified
0.5047058257306859,89002,average marginal association in percentage points; not causal,loan_type_term,discrete contrast against training reference category,-0.6556767782079164,1.830820986645474,197,layer2_term,199,197,"95% percentile, positive state-weighted multiplier bootstrap; Firth re-estimated; fixed preprocessing/LGD/portfolio/scenarios",recorded charge-off within 36 months,Retrospective conditional validation using realized macro paths.,With-Term sensitivity; reported-term timing unverified
7.646273536347348,89002,average marginal association in percentage points; not causal,ProjectState_AL,discrete contrast against training reference category,6.05216324776335,8.248344040209988,197,layer2_term,199,197,"95% percentile, positive state-weighted multiplier bootstrap; Firth re-estimated; fixed preprocessing/LGD/portfolio/scenarios",recorded charge-off within 36 months,Retrospective conditional validation using realized macro paths.,With-Term sensitivity; reported-term timing unverified
6.690191096350305,89002,average marginal association in percentage points; not causal,ProjectState_AR,discrete contrast against training reference category,5.031204495877151,7.225905778455901,197,layer2_term,199,197,"95% percentile, positive state-weighted multiplier bootstrap; Firth re-estimated; fixed preprocessing/LGD/portfolio/scenarios",recorded charge-off within 36 months,Retrospective conditional validation using realized macro paths.,With-Term sensitivity; reported-term timing unverified
5.146313811832743,89002,average marginal association in percentage points; not causal,ProjectState_AZ,discrete contrast against training reference category,3.427877126950036,5.751946463514966,197,layer2_term,199,197,"95% percentile, positive state-weighted multiplier bootstrap; Firth re-estimated; fixed preprocessing/LGD/portfolio/scenarios",recorded charge-off within 36 months,Retrospective conditional validation using realized macro paths.,With-Term sensitivity; reported-term timing unverified
7.625770217345257,89002,average marginal association in percentage points; not causal,ProjectState_CA,discrete contrast against training reference category,6.094258524540117,7.942484609879704,197,layer2_term,199,197,"95% percentile, positive state-weighted multiplier bootstrap; Firth re-estimated; fixed preprocessing/LGD/portfolio/scenarios",recorded charge-off within 36 months,Retrospective conditional validation using realized macro paths.,With-Term sensitivity; reported-term timing unverified
6.714108311555264,89002,average marginal association in percentage points; not causal,ProjectState_CO,discrete contrast against training reference category,5.248578304903261,7.650897264326478,197,layer2_term,199,197,"95% percentile, positive state-weighted multiplier bootstrap; Firth re-estimated; fixed preprocessing/LGD/portfolio/scenarios",recorded charge-off within 36 months,Retrospective conditional validation using realized macro paths.,With-Term sensitivity; reported-term timing unverified
3.45148622693971,89002,average marginal association in percentage points; not causal,ProjectState_CT,discrete contrast against training reference category,1.6887665189828016,4.147377457612615,197,layer2_term,199,197,"95% percentile, positive state-weighted multiplier bootstrap; Firth re-estimated; fixed preprocessing/LGD/portfolio/scenarios",recorded charge-off within 36 months,Retrospective conditional validation using realized macro paths.,With-Term sensitivity; reported-term timing unverified
9.595402887824736,89002,average marginal association in percentage points; not causal,ProjectState_DC,discrete contrast against training reference category,8.484253791673032,10.771812513988774,197,layer2_term,199,197,"95% percentile, positive state-weighted multiplier bootstrap; Firth re-estimated; fixed preprocessing/LGD/portfolio/scenarios",recorded charge-off within 36 months,Retrospective conditional validation using realized macro paths.,With-Term sensitivity; reported-term timing unverified
3.2139727780537477,89002,average marginal association in percentage points; not causal,ProjectState_DE,discrete contrast against training reference category,1.732808151648349,4.676664914241159,197,layer2_term,199,197,"95% percentile, positive state-weighted multiplier bootstrap; Firth re-estimated; fixed preprocessing/LGD/portfolio/scenarios",recorded charge-off within 36 months,Retrospective conditional validation using realized macro paths.,With-Term sensitivity; reported-term timing unverified
9.0361537170808,89002,average marginal association in percentage points; not causal,ProjectState_FL,discrete contrast against training reference category,7.2766595207174785,9.606078588187282,197,layer2_term,199,197,"95% percentile, positive state-weighted multiplier bootstrap; Firth re-estimated; fixed preprocessing/LGD/portfolio/scenarios",recorded charge-off within 36 months,Retrospective conditional validation using realized macro paths.,With-Term sensitivity; reported-term timing unverified
10.900608262649246,89002,average marginal association in percentage points; not causal,ProjectState_GA,discrete contrast against training reference category,9.2562745898816,11.47821207613998,197,layer2_term,199,197,"95% percentile, positive state-weighted multiplier bootstrap; Firth re-estimated; fixed preprocessing/LGD/portfolio/scenarios",recorded charge-off within 36 months,Retrospective conditional validation using realized macro paths.,With-Term sensitivity; reported-term timing unverified
1.817270327829522,89002,average marginal association in percentage points; not causal,ProjectState_HI,discrete contrast against training reference category,-0.0067742148718489,2.7450053842733384,197,layer2_term,199,197,"95% percentile, positive state-weighted multiplier bootstrap; Firth re-estimated; fixed preprocessing/LGD/portfolio/scenarios",recorded charge-off within 36 months,Retrospective conditional validation using realized macro paths.,With-Term sensitivity; reported-term timing unverified
4.7580594935132146,89002,average marginal association in percentage points; not causal,ProjectState_IA,discrete contrast against training reference category,3.0324762504862086,6.010006160367981,197,layer2_term,199,197,"95% percentile, positive state-weighted multiplier bootstrap; Firth re-estimated; fixed preprocessing/LGD/portfolio/scenarios",recorded charge-off within 36 months,Retrospective conditional validation using realized macro paths.,With-Term sensitivity; reported-term timing unverified
4.450956358340454,89002,average marginal association in percentage points; not causal,ProjectState_ID,discrete contrast against training reference category,2.857951581199968,5.087570284846206,197,layer2_term,199,197,"95% percentile, positive state-weighted multiplier bootstrap; Firth re-estimated; fixed preprocessing/LGD/portfolio/scenarios",recorded charge-off within 36 months,Retrospective conditional validation using realized macro paths.,With-Term sensitivity; reported-term timing unverified
6.565391329103955,89002,average marginal association in percentage points; not causal,ProjectState_IL,discrete contrast against training reference category,5.011360459134242,6.881171825530717,197,layer2_term,199,197,"95% percentile, positive state-weighted multiplier bootstrap; Firth re-estimated; fixed preprocessing/LGD/portfolio/scenarios",recorded charge-off within 36 months,Retrospective conditional validation using realized macro paths.,With-Term sensitivity; reported-term timing unverified
2.7552859708817556,89002,average marginal association in percentage points; not causal,ProjectState_IN,discrete contrast against training reference category,1.1714054084354737,3.268051224835598,197,layer2_term,199,197,"95% percentile, positive state-weighted multiplier bootstrap; Firth re-estimated; fixed preprocessing/LGD/portfolio/scenarios",recorded charge-off within 36 months,Retrospective conditional validation using realized macro paths.,With-Term sensitivity; reported-term timing unverified
4.9752399554904185,89002,average marginal association in percentage points; not causal,ProjectState_KS,discrete contrast against training reference category,3.493294732976532,5.79314839499684,197,layer2_term,199,197,"95% percentile, positive state-weighted multiplier bootstrap; Firth re-estimated; fixed preprocessing/LGD/portfolio/scenarios",recorded charge-off within 36 months,Retrospective conditional validation using realized macro paths.,With-Term sensitivity; reported-term timing unverified
5.152702993943984,89002,average marginal association in percentage points; not causal,ProjectState_KY,discrete contrast against training reference category,3.4485167418899603,5.598289932273513,197,layer2_term,199,197,"95% percentile, positive state-weighted multiplier bootstrap; Firth re-estimated; fixed preprocessing/LGD/portfolio/scenarios",recorded charge-off within 36 months,Retrospective conditional validation using realized macro paths.,With-Term sensitivity; reported-term timing unverified
4.226057706354624,89002,average marginal association in percentage points; not causal,ProjectState_LA,discrete contrast against training reference category,2.6792793276790956,4.817343249755906,197,layer2_term,199,197,"95% percentile, positive state-weighted multiplier bootstrap; Firth re-estimated; fixed preprocessing/LGD/portfolio/scenarios",recorded charge-off within 36 months,Retrospective conditional validation using realized macro paths.,With-Term sensitivity; reported-term timing unverified
1.9555343193725028,89002,average marginal association in percentage points; not causal,ProjectState_MA,discrete contrast against training reference category,0.1688662287241693,2.650848917113532,197,layer2_term,199,197,"95% percentile, positive state-weighted multiplier bootstrap; Firth re-estimated; fixed preprocessing/LGD/portfolio/scenarios",recorded charge-off within 36 months,Retrospective conditional validation using realized macro paths.,With-Term sensitivity; reported-term timing unverified
4.292691402450595,89002,average marginal association in percentage points; not causal,ProjectState_MD,discrete contrast against training reference category,2.5459503947326247,5.168226981562876,197,layer2_term,199,197,"95% percentile, positive state-weighted multiplier bootstrap; Firth re-estimated; fixed preprocessing/LGD/portfolio/scenarios",recorded charge-off within 36 months,Retrospective conditional validation using realized macro paths.,With-Term sensitivity; reported-term timing unverified
2.1104545947151543,89002,average marginal association in percentage points; not causal,ProjectState_ME,discrete contrast against training reference category,0.2818192336095703,2.8183558023005273,197,layer2_term,199,197,"95% percentile, positive state-weighted multiplier bootstrap; Firth re-estimated; fixed preprocessing/LGD/portfolio/scenarios",recorded charge-off within 36 months,Retrospective conditional validation using realized macro paths.,With-Term sensitivity; reported-term timing unverified
3.1049139143037827,89002,average marginal association in percentage points; not causal,ProjectState_MI,discrete contrast against training reference category,1.5486437280334824,3.4841236638974147,197,layer2_term,199,197,"95% percentile, positive state-weighted multiplier bootstrap; Firth re-estimated; fixed preprocessing/LGD/portfolio/scenarios",recorded charge-off within 36 months,Retrospective conditional validation using realized macro paths.,With-Term sensitivity; reported-term timing unverified
3.4454388270608907,89002,average marginal association in percentage points; not causal,ProjectState_MN,discrete contrast against training reference category,1.698507055013428,4.320004549091361,197,layer2_term,199,197,"95% percentile, positive state-weighted multiplier bootstrap; Firth re-estimated; fixed preprocessing/LGD/portfolio/scenarios",recorded charge-off within 36 months,Retrospective conditional validation using realized macro paths.,With-Term sensitivity; reported-term timing unverified
5.192165944789312,89002,average marginal association in percentage points; not causal,ProjectState_MO,discrete contrast against training reference category,3.545911888550364,5.6807643714118194,197,layer2_term,199,197,"95% percentile, positive state-weighted multiplier bootstrap; Firth re-estimated; fixed preprocessing/LGD/portfolio/scenarios",recorded charge-off within 36 months,Retrospective conditional validation using realized macro paths.,With-Term sensitivity; reported-term timing unverified
5.732079305457273,89002,average marginal association in percentage points; not causal,ProjectState_MS,discrete contrast against training reference category,4.170242514842067,6.465905351961099,197,layer2_term,199,197,"95% percentile, positive state-weighted multiplier bootstrap; Firth re-estimated; fixed preprocessing/LGD/portfolio/scenarios",recorded charge-off within 36 months,Retrospective conditional validation using realized macro paths.,With-Term sensitivity; reported-term timing unverified
1.766154925844165,89002,average marginal association in percentage points; not causal,ProjectState_MT,discrete contrast against training reference category,0.0157978111669004,2.479859534872406,197,layer2_term,199,197,"95% percentile, positive state-weighted multiplier bootstrap; Firth re-estimated; fixed preprocessing/LGD/portfolio/scenarios",recorded charge-off within 36 months,Retrospective conditional validation using realized macro paths.,With-Term sensitivity; reported-term timing unverified
4.405812191768094,89002,average marginal association in percentage points; not causal,ProjectState_NC,discrete contrast against training reference category,2.7262097901433076,4.853701778976638,197,layer2_term,199,197,"95% percentile, positive state-weighted multiplier bootstrap; Firth re-estimated; fixed preprocessing/LGD/portfolio/scenarios",recorded charge-off within 36 months,Retrospective conditional validation using realized macro paths.,With-Term sensitivity; reported-term timing unverified
1.6665791849980756,89002,average marginal association in percentage points; not causal,ProjectState_ND,discrete contrast against training reference category,-0.0905971473177128,3.071348634427035,197,layer2_term,199,197,"95% percentile, positive state-weighted multiplier bootstrap; Firth re-estimated; fixed preprocessing/LGD/portfolio/scenarios",recorded charge-off within 36 months,Retrospective conditional validation using realized macro paths.,With-Term sensitivity; reported-term timing unverified
2.5843762701286934,89002,average marginal association in percentage points; not causal,ProjectState_NE,discrete contrast against training reference category,0.2458345710459704,3.942913019311859,197,layer2_term,199,197,"95% percentile, positive state-weighted multiplier bootstrap; Firth re-estimated; fixed preprocessing/LGD/portfolio/scenarios",recorded charge-off within 36 months,Retrospective conditional validation using realized macro paths.,With-Term sensitivity; reported-term timing unverified
1.2922528089153005,89002,average marginal association in percentage points; not causal,ProjectState_NH,discrete contrast against training reference category,-0.2861234579188551,2.251698636158855,197,layer2_term,199,197,"95% percentile, positive state-weighted multiplier bootstrap; Firth re-estimated; fixed preprocessing/LGD/portfolio/scenarios",recorded charge-off within 36 months,Retrospective conditional validation using realized macro paths.,With-Term sensitivity; reported-term timing unverified
6.681934852920693,89002,average marginal association in percentage points; not causal,ProjectState_NJ,discrete contrast against training reference category,4.9673502830219025,7.342623225596824,197,layer2_term,199,197,"95% percentile, positive state-weighted multiplier bootstrap; Firth re-estimated; fixed preprocessing/LGD/portfolio/scenarios",recorded charge-off within 36 months,Retrospective conditional validation using realized macro paths.,With-Term sensitivity; reported-term timing unverified
4.676274548346492,89002,average marginal association in percentage points; not causal,ProjectState_NM,discrete contrast against training reference category,2.830020088964545,5.394252973910607,197,layer2_term,199,197,"95% percentile, positive state-weighted multiplier bootstrap; Firth re-estimated; fixed preprocessing/LGD/portfolio/scenarios",recorded charge-off within 36 months,Retrospective conditional validation using realized macro paths.,With-Term sensitivity; reported-term timing unverified
6.872830220534111,89002,average marginal association in percentage points; not causal,ProjectState_NV,discrete contrast against training reference category,5.1822603845516255,7.385306691607885,197,layer2_term,199,197,"95% percentile, positive state-weighted multiplier bootstrap; Firth re-estimated; fixed preprocessing/LGD/portfolio/scenarios",recorded charge-off within 36 months,Retrospective conditional validation using realized macro paths.,With-Term sensitivity; reported-term timing unverified
6.513451698043807,89002,average marginal association in percentage points; not causal,ProjectState_NY,discrete contrast against training reference category,4.823314995050141,7.1543567261705165,197,layer2_term,199,197,"95% percentile, positive state-weighted multiplier bootstrap; Firth re-estimated; fixed preprocessing/LGD/portfolio/scenarios",recorded charge-off within 36 months,Retrospective conditional validation using realized macro paths.,With-Term sensitivity; reported-term timing unverified
1.862543724341968,89002,average marginal association in percentage points; not causal,ProjectState_OH,discrete contrast against training reference category,0.0185023931322921,2.1939819581682225,197,layer2_term,199,197,"95% percentile, positive state-weighted multiplier bootstrap; Firth re-estimated; fixed preprocessing/LGD/portfolio/scenarios",recorded charge-off within 36 months,Retrospective conditional validation using realized macro paths.,With-Term sensitivity; reported-term timing unverified
7.696004830222773,89002,average marginal association in percentage points; not causal,ProjectState_OK,discrete contrast against training reference category,5.751878139066251,8.940588848340813,197,layer2_term,199,197,"95% percentile, positive state-weighted multiplier bootstrap; Firth re-estimated; fixed preprocessing/LGD/portfolio/scenarios",recorded charge-off within 36 months,Retrospective conditional validation using realized macro paths.,With-Term sensitivity; reported-term timing unverified
3.9317800233914473,89002,average marginal association in percentage points; not causal,ProjectState_OR,discrete contrast against training reference category,2.262390303400511,4.300503958431217,197,layer2_term,199,197,"95% percentile, positive state-weighted multiplier bootstrap; Firth re-estimated; fixed preprocessing/LGD/portfolio/scenarios",recorded charge-off within 36 months,Retrospective conditional validation using realized macro paths.,With-Term sensitivity; reported-term timing unverified
2.422647045763541,89002,average marginal association in percentage points; not causal,ProjectState_PA,discrete contrast against training reference category,0.6410250009964565,2.9825551469316225,197,layer2_term,199,197,"95% percentile, positive state-weighted multiplier bootstrap; Firth re-estimated; fixed preprocessing/LGD/portfolio/scenarios",recorded charge-off within 36 months,Retrospective conditional validation using realized macro paths.,With-Term sensitivity; reported-term timing unverified
1.5770886306079652,89002,average marginal association in percentage points; not causal,ProjectState_RI,discrete contrast against training reference category,-0.10688972667797,1.920742193904906,197,layer2_term,199,197,"95% percentile, positive state-weighted multiplier bootstrap; Firth re-estimated; fixed preprocessing/LGD/portfolio/scenarios",recorded charge-off within 36 months,Retrospective conditional validation using realized macro paths.,With-Term sensitivity; reported-term timing unverified
3.8475042123899095,89002,average marginal association in percentage points; not causal,ProjectState_SC,discrete contrast against training reference category,2.1668156047262195,4.2554194600408195,197,layer2_term,199,197,"95% percentile, positive state-weighted multiplier bootstrap; Firth re-estimated; fixed preprocessing/LGD/portfolio/scenarios",recorded charge-off within 36 months,Retrospective conditional validation using realized macro paths.,With-Term sensitivity; reported-term timing unverified
5.9284386609253765,89002,average marginal association in percentage points; not causal,ProjectState_SD,discrete contrast against training reference category,3.4234012668726015,7.863746833185451,197,layer2_term,199,197,"95% percentile, positive state-weighted multiplier bootstrap; Firth re-estimated; fixed preprocessing/LGD/portfolio/scenarios",recorded charge-off within 36 months,Retrospective conditional validation using realized macro paths.,With-Term sensitivity; reported-term timing unverified
6.540297843994051,89002,average marginal association in percentage points; not causal,ProjectState_TN,discrete contrast against training reference category,4.840674853397452,7.161624832747954,197,layer2_term,199,197,"95% percentile, positive state-weighted multiplier bootstrap; Firth re-estimated; fixed preprocessing/LGD/portfolio/scenarios",recorded charge-off within 36 months,Retrospective conditional validation using realized macro paths.,With-Term sensitivity; reported-term timing unverified
7.803434113814547,89002,average marginal association in percentage points; not causal,ProjectState_TX,discrete contrast against training reference category,6.1600276746688065,8.324131796182526,197,layer2_term,199,197,"95% percentile, positive state-weighted multiplier bootstrap; Firth re-estimated; fixed preprocessing/LGD/portfolio/scenarios",recorded charge-off within 36 months,Retrospective conditional validation using realized macro paths.,With-Term sensitivity; reported-term timing unverified
5.719533143976171,89002,average marginal association in percentage points; not causal,ProjectState_UT,discrete contrast against training reference category,3.649304036042368,6.948715151276408,197,layer2_term,199,197,"95% percentile, positive state-weighted multiplier bootstrap; Firth re-estimated; fixed preprocessing/LGD/portfolio/scenarios",recorded charge-off within 36 months,Retrospective conditional validation using realized macro paths.,With-Term sensitivity; reported-term timing unverified
6.026603885335978,89002,average marginal association in percentage points; not causal,ProjectState_VA,discrete contrast against training reference category,3.737654746332103,7.346182852163992,197,layer2_term,199,197,"95% percentile, positive state-weighted multiplier bootstrap; Firth re-estimated; fixed preprocessing/LGD/portfolio/scenarios",recorded charge-off within 36 months,Retrospective conditional validation using realized macro paths.,With-Term sensitivity; reported-term timing unverified
0.8626669852449436,89002,average marginal association in percentage points; not causal,ProjectState_VT,discrete contrast against training reference category,-0.554280417095604,1.8669792712999456,197,layer2_term,199,197,"95% percentile, positive state-weighted multiplier bootstrap; Firth re-estimated; fixed preprocessing/LGD/portfolio/scenarios",recorded charge-off within 36 months,Retrospective conditional validation using realized macro paths.,With-Term sensitivity; reported-term timing unverified
4.343274554394084,89002,average marginal association in percentage points; not causal,ProjectState_WA,discrete contrast against training reference category,2.446949584271765,4.601128625338117,197,layer2_term,199,197,"95% percentile, positive state-weighted multiplier bootstrap; Firth re-estimated; fixed preprocessing/LGD/portfolio/scenarios",recorded charge-off within 36 months,Retrospective conditional validation using realized macro paths.,With-Term sensitivity; reported-term timing unverified
2.1967750811141795,89002,average marginal association in percentage points; not causal,ProjectState_WI,discrete contrast against training reference category,0.5378149514808037,2.84851793067471,197,layer2_term,199,197,"95% percentile, positive state-weighted multiplier bootstrap; Firth re-estimated; fixed preprocessing/LGD/portfolio/scenarios",recorded charge-off within 36 months,Retrospective conditional validation using realized macro paths.,With-Term sensitivity; reported-term timing unverified
10.4201743410129,89002,average marginal association in percentage points; not causal,ProjectState_WV,discrete contrast against training reference category,8.688079029223175,11.138177858423278,197,layer2_term,199,197,"95% percentile, positive state-weighted multiplier bootstrap; Firth re-estimated; fixed preprocessing/LGD/portfolio/scenarios",recorded charge-off within 36 months,Retrospective conditional validation using realized macro paths.,With-Term sensitivity; reported-term timing unverified
4.434235043387024,89002,average marginal association in percentage points; not causal,ProjectState_WY,discrete contrast against training reference category,2.7432230074245956,5.5703783911740805,197,layer2_term,199,197,"95% percentile, positive state-weighted multiplier bootstrap; Firth re-estimated; fixed preprocessing/LGD/portfolio/scenarios",recorded charge-off within 36 months,Retrospective conditional validation using realized macro paths.,With-Term sensitivity; reported-term timing unverified
-2.1317688870829135,89002,average marginal association in percentage points; not causal,log_approval,derivative per unit of native feature (log variables remain log units),-2.4957962823731052,-1.736449219780007,198,layer2_peak,199,198,"95% percentile, positive state-weighted multiplier bootstrap; Firth re-estimated; fixed preprocessing/LGD/portfolio/scenarios",recorded charge-off within 36 months,Retrospective conditional validation using realized macro paths.,Term-free peak-unemployment sensitivity
1.6032239804210913,89002,average marginal association in percentage points; not causal,guarantee_share,derivative per unit of native feature (log variables remain log units),-4.022764713019475,8.587507751575412,198,layer2_peak,199,198,"95% percentile, positive state-weighted multiplier bootstrap; Firth re-estimated; fixed preprocessing/LGD/portfolio/scenarios",recorded charge-off within 36 months,Retrospective conditional validation using realized macro paths.,Term-free peak-unemployment sensitivity
0.5340408002875182,89002,average marginal association in percentage points; not causal,log_jobs,derivative per unit of native feature (log variables remain log units),0.3784520757093988,0.6897251839284204,198,layer2_peak,199,198,"95% percentile, positive state-weighted multiplier bootstrap; Firth re-estimated; fixed preprocessing/LGD/portfolio/scenarios",recorded charge-off within 36 months,Retrospective conditional validation using realized macro paths.,Term-free peak-unemployment sensitivity
-0.6292404894757518,89002,average marginal association in percentage points; not causal,u0,derivative per unit of native feature (log variables remain log units),-1.080720083242464,-0.2040346820996138,198,layer2_peak,199,198,"95% percentile, positive state-weighted multiplier bootstrap; Firth re-estimated; fixed preprocessing/LGD/portfolio/scenarios",recorded charge-off within 36 months,Retrospective conditional validation using realized macro paths.,Term-free peak-unemployment sensitivity
0.6614234047590959,89002,average marginal association in percentage points; not causal,peak_du,derivative per unit of native feature (log variables remain log units),0.4320596870547368,0.901596763218662,198,layer2_peak,199,198,"95% percentile, positive state-weighted multiplier bootstrap; Firth re-estimated; fixed preprocessing/LGD/portfolio/scenarios",recorded charge-off within 36 months,Retrospective conditional validation using realized macro paths.,Term-free peak-unemployment sensitivity
-0.1929556274034768,89002,average marginal association in percentage points; not causal,h0,derivative per unit of native feature (log variables remain log units),-0.2217021092901752,-0.1463988755141189,198,layer2_peak,199,198,"95% percentile, positive state-weighted multiplier bootstrap; Firth re-estimated; fixed preprocessing/LGD/portfolio/scenarios",recorded charge-off within 36 months,Retrospective conditional validation using realized macro paths.,Term-free peak-unemployment sensitivity
-0.0900991319966302,89002,average marginal association in percentage points; not causal,dh,derivative per unit of native feature (log variables remain log units),-0.1321235524015896,-0.0691753377047763,198,layer2_peak,199,198,"95% percentile, positive state-weighted multiplier bootstrap; Firth re-estimated; fixed preprocessing/LGD/portfolio/scenarios",recorded charge-off within 36 months,Retrospective conditional validation using realized macro paths.,Term-free peak-unemployment sensitivity
0.0583921941410223,89002,average marginal association in percentage points; not causal,year_trend,derivative per unit of native feature (log variables remain log units),-0.0718418484103508,0.183808791670074,198,layer2_peak,199,198,"95% percentile, positive state-weighted multiplier bootstrap; Firth re-estimated; fixed preprocessing/LGD/portfolio/scenarios",recorded charge-off within 36 months,Retrospective conditional validation using realized macro paths.,Term-free peak-unemployment sensitivity
-2.076287651555671,89002,average marginal association in percentage points; not causal,ProcessingMethod_7a with EWCP,discrete contrast against training reference category,-3.7232521525060034,-0.5649287291435062,198,layer2_peak,199,198,"95% percentile, positive state-weighted multiplier bootstrap; Firth re-estimated; fixed preprocessing/LGD/portfolio/scenarios",recorded charge-off within 36 months,Retrospective conditional validation using realized macro paths.,Term-free peak-unemployment sensitivity
-1.3723356436890748,89002,average marginal association in percentage points; not causal,ProcessingMethod_Certified Lenders Program,discrete contrast against training reference category,-1.8832194344675743,-0.7921453093278353,198,layer2_peak,199,198,"95% percentile, positive state-weighted multiplier bootstrap; Firth re-estimated; fixed preprocessing/LGD/portfolio/scenarios",recorded charge-off within 36 months,Retrospective conditional validation using realized macro paths.,Term-free peak-unemployment sensitivity
9.880052756439966,89002,average marginal association in percentage points; not causal,ProcessingMethod_Community Express,discrete contrast against training reference category,7.422767865776617,13.745923120952288,198,layer2_peak,199,198,"95% percentile, positive state-weighted multiplier bootstrap; Firth re-estimated; fixed preprocessing/LGD/portfolio/scenarios",recorded charge-off within 36 months,Retrospective conditional validation using realized macro paths.,Term-free peak-unemployment sensitivity
3.5502126055253216,89002,average marginal association in percentage points; not causal,ProcessingMethod_Export Express,discrete contrast against training reference category,1.0362809424886257,7.588156758038715,198,layer2_peak,199,198,"95% percentile, positive state-weighted multiplier bootstrap; Firth re-estimated; fixed preprocessing/LGD/portfolio/scenarios",recorded charge-off within 36 months,Retrospective conditional validation using realized macro paths.,Term-free peak-unemployment sensitivity
1.1009424036907045,89002,average marginal association in percentage points; not causal,ProcessingMethod_Gulf Opportunity Pilot Loan Program,discrete contrast against training reference category,-0.8054298998757148,3.710818719090561,198,layer2_peak,199,198,"95% percentile, positive state-weighted multiplier bootstrap; Firth re-estimated; fixed preprocessing/LGD/portfolio/scenarios",recorded charge-off within 36 months,Retrospective conditional validation using realized macro paths.,Term-free peak-unemployment sensitivity
-2.7326896704694104,89002,average marginal association in percentage points; not causal,ProcessingMethod_International Trade Loans,discrete contrast against training reference category,-4.049889977354139,-1.5543469578400173,198,layer2_peak,199,198,"95% percentile, positive state-weighted multiplier bootstrap; Firth re-estimated; fixed preprocessing/LGD/portfolio/scenarios",recorded charge-off within 36 months,Retrospective conditional validation using realized macro paths.,Term-free peak-unemployment sensitivity
3.522641800814567,89002,average marginal association in percentage points; not causal,ProcessingMethod_Low Documentation Program,discrete contrast against training reference category,2.7733561859090825,4.526378672393765,198,layer2_peak,199,198,"95% percentile, positive state-weighted multiplier bootstrap; Firth re-estimated; fixed preprocessing/LGD/portfolio/scenarios",recorded charge-off within 36 months,Retrospective conditional validation using realized macro paths.,Term-free peak-unemployment sensitivity
7.843852029711902,89002,average marginal association in percentage points; not causal,ProcessingMethod_Other,discrete contrast against training reference category,2.778025832131368,15.044448716815454,198,layer2_peak,199,198,"95% percentile, positive state-weighted multiplier bootstrap; Firth re-estimated; fixed preprocessing/LGD/portfolio/scenarios",recorded charge-off within 36 months,Retrospective conditional validation using realized macro paths.,Term-free peak-unemployment sensitivity
6.1964280177323685,89002,average marginal association in percentage points; not causal,ProcessingMethod_Patriot Express Loans,discrete contrast against training reference category,4.834815012150483,8.088173796270953,198,layer2_peak,199,198,"95% percentile, positive state-weighted multiplier bootstrap; Firth re-estimated; fixed preprocessing/LGD/portfolio/scenarios",recorded charge-off within 36 months,Retrospective conditional validation using realized macro paths.,Term-free peak-unemployment sensitivity
-2.040241945229152,89002,average marginal association in percentage points; not causal,ProcessingMethod_Preferred Lenders Program,discrete contrast against training reference category,-2.5498147526556125,-1.33171056358017,198,layer2_peak,199,198,"95% percentile, positive state-weighted multiplier bootstrap; Firth re-estimated; fixed preprocessing/LGD/portfolio/scenarios",recorded charge-off within 36 months,Retrospective conditional validation using realized macro paths.,Term-free peak-unemployment sensitivity
-2.1268153952390665,89002,average marginal association in percentage points; not causal,ProcessingMethod_Rural Loan Initiative,discrete contrast against training reference category,-4.15029137615064,-0.3186367578880843,198,layer2_peak,199,198,"95% percentile, positive state-weighted multiplier bootstrap; Firth re-estimated; fixed preprocessing/LGD/portfolio/scenarios",recorded charge-off within 36 months,Retrospective conditional validation using realized macro paths.,Term-free peak-unemployment sensitivity
3.2571721631905,89002,average marginal association in percentage points; not causal,ProcessingMethod_SBA Express Program,discrete contrast against training reference category,0.8522837188661146,5.757082340563813,198,layer2_peak,199,198,"95% percentile, positive state-weighted multiplier bootstrap; Firth re-estimated; fixed preprocessing/LGD/portfolio/scenarios",recorded charge-off within 36 months,Retrospective conditional validation using realized macro paths.,Term-free peak-unemployment sensitivity
3.4023052449605657,89002,average marginal association in percentage points; not causal,FixedorVariableInterestInd_V,discrete contrast against training reference category,2.4726813518160875,4.115408977156865,198,layer2_peak,199,198,"95% percentile, positive state-weighted multiplier bootstrap; Firth re-estimated; fixed preprocessing/LGD/portfolio/scenarios",recorded charge-off within 36 months,Retrospective conditional validation using realized macro paths.,Term-free peak-unemployment sensitivity
5.958870120846113,89002,average marginal association in percentage points; not causal,FixedorVariableInterestInd___missing__,discrete contrast against training reference category,4.783281589343,6.794409176238053,198,layer2_peak,199,198,"95% percentile, positive state-weighted multiplier bootstrap; Firth re-estimated; fixed preprocessing/LGD/portfolio/scenarios",recorded charge-off within 36 months,Retrospective conditional validation using realized macro paths.,Term-free peak-unemployment sensitivity
3.2938248406812436,89002,average marginal association in percentage points; not causal,naics2_21,discrete contrast against training reference category,1.2005755956941928,5.373911456841759,198,layer2_peak,199,198,"95% percentile, positive state-weighted multiplier bootstrap; Firth re-estimated; fixed preprocessing/LGD/portfolio/scenarios",recorded charge-off within 36 months,Retrospective conditional validation using realized macro paths.,Term-free peak-unemployment sensitivity
5.800600359718635,89002,average marginal association in percentage points; not causal,naics2_23,discrete contrast against training reference category,4.688200203870441,6.973798641468125,198,layer2_peak,199,198,"95% percentile, positive state-weighted multiplier bootstrap; Firth re-estimated; fixed preprocessing/LGD/portfolio/scenarios",recorded charge-off within 36 months,Retrospective conditional validation using realized macro paths.,Term-free peak-unemployment sensitivity
6.389857414462266,89002,average marginal association in percentage points; not causal,naics2_31,discrete contrast against training reference category,4.9891131637848805,7.481450071010129,198,layer2_peak,199,198,"95% percentile, positive state-weighted multiplier bootstrap; Firth re-estimated; fixed preprocessing/LGD/portfolio/scenarios",recorded charge-off within 36 months,Retrospective conditional validation using realized macro paths.,Term-free peak-unemployment sensitivity
5.134680848725064,89002,average marginal association in percentage points; not causal,naics2_32,discrete contrast against training reference category,3.611112438031189,6.540716785672099,198,layer2_peak,199,198,"95% percentile, positive state-weighted multiplier bootstrap; Firth re-estimated; fixed preprocessing/LGD/portfolio/scenarios",recorded charge-off within 36 months,Retrospective conditional validation using realized macro paths.,Term-free peak-unemployment sensitivity
4.472303742694022,89002,average marginal association in percentage points; not causal,naics2_33,discrete contrast against training reference category,3.491657430660325,5.68341545085945,198,layer2_peak,199,198,"95% percentile, positive state-weighted multiplier bootstrap; Firth re-estimated; fixed preprocessing/LGD/portfolio/scenarios",recorded charge-off within 36 months,Retrospective conditional validation using realized macro paths.,Term-free peak-unemployment sensitivity
8.12682351627856,89002,average marginal association in percentage points; not causal,naics2_42,discrete contrast against training reference category,6.4633141181906595,9.51604016870758,198,layer2_peak,199,198,"95% percentile, positive state-weighted multiplier bootstrap; Firth re-estimated; fixed preprocessing/LGD/portfolio/scenarios",recorded charge-off within 36 months,Retrospective conditional validation using realized macro paths.,Term-free peak-unemployment sensitivity
7.325593559255458,89002,average marginal association in percentage points; not causal,naics2_44,discrete contrast against training reference category,6.252037238432852,8.305615389158763,198,layer2_peak,199,198,"95% percentile, positive state-weighted multiplier bootstrap; Firth re-estimated; fixed preprocessing/LGD/portfolio/scenarios",recorded charge-off within 36 months,Retrospective conditional validation using realized macro paths.,Term-free peak-unemployment sensitivity
7.776310412350575,89002,average marginal association in percentage points; not causal,naics2_45,discrete contrast against training reference category,6.753085295494724,8.680677373141664,198,layer2_peak,199,198,"95% percentile, positive state-weighted multiplier bootstrap; Firth re-estimated; fixed preprocessing/LGD/portfolio/scenarios",recorded charge-off within 36 months,Retrospective conditional validation using realized macro paths.,Term-free peak-unemployment sensitivity
6.921385011758662,89002,average marginal association in percentage points; not causal,naics2_48,discrete contrast against training reference category,5.508531371693589,8.686301917175491,198,layer2_peak,199,198,"95% percentile, positive state-weighted multiplier bootstrap; Firth re-estimated; fixed preprocessing/LGD/portfolio/scenarios",recorded charge-off within 36 months,Retrospective conditional validation using realized macro paths.,Term-free peak-unemployment sensitivity
6.261920715384527,89002,average marginal association in percentage points; not causal,naics2_49,discrete contrast against training reference category,4.5869715074465685,8.115293897278637,198,layer2_peak,199,198,"95% percentile, positive state-weighted multiplier bootstrap; Firth re-estimated; fixed preprocessing/LGD/portfolio/scenarios",recorded charge-off within 36 months,Retrospective conditional validation using realized macro paths.,Term-free peak-unemployment sensitivity
6.254041848167106,89002,average marginal association in percentage points; not causal,naics2_51,discrete contrast against training reference category,5.1634925268377705,7.328981044955839,198,layer2_peak,199,198,"95% percentile, positive state-weighted multiplier bootstrap; Firth re-estimated; fixed preprocessing/LGD/portfolio/scenarios",recorded charge-off within 36 months,Retrospective conditional validation using realized macro paths.,Term-free peak-unemployment sensitivity
6.326036041836079,89002,average marginal association in percentage points; not causal,naics2_52,discrete contrast against training reference category,5.1085508095229715,7.432233165697161,198,layer2_peak,199,198,"95% percentile, positive state-weighted multiplier bootstrap; Firth re-estimated; fixed preprocessing/LGD/portfolio/scenarios",recorded charge-off within 36 months,Retrospective conditional validation using realized macro paths.,Term-free peak-unemployment sensitivity
8.564344167008397,89002,average marginal association in percentage points; not causal,naics2_53,discrete contrast against training reference category,6.878634391411633,10.18069429159635,198,layer2_peak,199,198,"95% percentile, positive state-weighted multiplier bootstrap; Firth re-estimated; fixed preprocessing/LGD/portfolio/scenarios",recorded charge-off within 36 months,Retrospective conditional validation using realized macro paths.,Term-free peak-unemployment sensitivity
4.2906139483724,89002,average marginal association in percentage points; not causal,naics2_54,discrete contrast against training reference category,2.8434626165994756,5.626726240919659,198,layer2_peak,199,198,"95% percentile, positive state-weighted multiplier bootstrap; Firth re-estimated; fixed preprocessing/LGD/portfolio/scenarios",recorded charge-off within 36 months,Retrospective conditional validation using realized macro paths.,Term-free peak-unemployment sensitivity
5.134187879724613,89002,average marginal association in percentage points; not causal,naics2_56,discrete contrast against training reference category,4.072529129175083,6.337942427091629,198,layer2_peak,199,198,"95% percentile, positive state-weighted multiplier bootstrap; Firth re-estimated; fixed preprocessing/LGD/portfolio/scenarios",recorded charge-off within 36 months,Retrospective conditional validation using realized macro paths.,Term-free peak-unemployment sensitivity
4.688744909066027,89002,average marginal association in percentage points; not causal,naics2_61,discrete contrast against training reference category,3.356655918111229,6.42486937516975,198,layer2_peak,199,198,"95% percentile, positive state-weighted multiplier bootstrap; Firth re-estimated; fixed preprocessing/LGD/portfolio/scenarios",recorded charge-off within 36 months,Retrospective conditional validation using realized macro paths.,Term-free peak-unemployment sensitivity
1.2531321734145415,89002,average marginal association in percentage points; not causal,naics2_62,discrete contrast against training reference category,0.2117054185658678,2.237874217384779,198,layer2_peak,199,198,"95% percentile, positive state-weighted multiplier bootstrap; Firth re-estimated; fixed preprocessing/LGD/portfolio/scenarios",recorded charge-off within 36 months,Retrospective conditional validation using realized macro paths.,Term-free peak-unemployment sensitivity
7.329015410239426,89002,average marginal association in percentage points; not causal,naics2_71,discrete contrast against training reference category,6.24029856473116,8.72578454260063,198,layer2_peak,199,198,"95% percentile, positive state-weighted multiplier bootstrap; Firth re-estimated; fixed preprocessing/LGD/portfolio/scenarios",recorded charge-off within 36 months,Retrospective conditional validation using realized macro paths.,Term-free peak-unemployment sensitivity
6.9115666006061085,89002,average marginal association in percentage points; not causal,naics2_72,discrete contrast against training reference category,6.013506666759945,8.157889395908098,198,layer2_peak,199,198,"95% percentile, positive state-weighted multiplier bootstrap; Firth re-estimated; fixed preprocessing/LGD/portfolio/scenarios",recorded charge-off within 36 months,Retrospective conditional validation using realized macro paths.,Term-free peak-unemployment sensitivity
5.12463397828588,89002,average marginal association in percentage points; not causal,naics2_81,discrete contrast against training reference category,4.174761252590286,6.05845852259403,198,layer2_peak,199,198,"95% percentile, positive state-weighted multiplier bootstrap; Firth re-estimated; fixed preprocessing/LGD/portfolio/scenarios",recorded charge-off within 36 months,Retrospective conditional validation using realized macro paths.,Term-free peak-unemployment sensitivity
3.926796897680356,89002,average marginal association in percentage points; not causal,naics2_Other,discrete contrast against training reference category,1.6560455857035237,6.034501703221,198,layer2_peak,199,198,"95% percentile, positive state-weighted multiplier bootstrap; Firth re-estimated; fixed preprocessing/LGD/portfolio/scenarios",recorded charge-off within 36 months,Retrospective conditional validation using realized macro paths.,Term-free peak-unemployment sensitivity
7.612011728385072,89002,average marginal association in percentage points; not causal,naics2___missing__,discrete contrast against training reference category,6.486157343110022,8.9418498786267,198,layer2_peak,199,198,"95% percentile, positive state-weighted multiplier bootstrap; Firth re-estimated; fixed preprocessing/LGD/portfolio/scenarios",recorded charge-off within 36 months,Retrospective conditional validation using realized macro paths.,Term-free peak-unemployment sensitivity
1.124322095506303,89002,average marginal association in percentage points; not causal,BusinessType_INDIVIDUAL,discrete contrast against training reference category,0.7181228209847936,1.5915976836316916,198,layer2_peak,199,198,"95% percentile, positive state-weighted multiplier bootstrap; Firth re-estimated; fixed preprocessing/LGD/portfolio/scenarios",recorded charge-off within 36 months,Retrospective conditional validation using realized macro paths.,Term-free peak-unemployment sensitivity
-2.3373612641086496,89002,average marginal association in percentage points; not causal,BusinessType_PARTNERSHIP,discrete contrast against training reference category,-2.7911916222862936,-1.6248881296108653,198,layer2_peak,199,198,"95% percentile, positive state-weighted multiplier bootstrap; Firth re-estimated; fixed preprocessing/LGD/portfolio/scenarios",recorded charge-off within 36 months,Retrospective conditional validation using realized macro paths.,Term-free peak-unemployment sensitivity
17.006053262339808,89002,average marginal association in percentage points; not causal,BusinessType___missing__,discrete contrast against training reference category,10.721299112399032,23.989732882453193,198,layer2_peak,199,198,"95% percentile, positive state-weighted multiplier bootstrap; Firth re-estimated; fixed preprocessing/LGD/portfolio/scenarios",recorded charge-off within 36 months,Retrospective conditional validation using realized macro paths.,Term-free peak-unemployment sensitivity
2.4285862462671775,89002,average marginal association in percentage points; not causal,BusinessAge_Less than 3 years old but at least 2,discrete contrast against training reference category,1.863352895289932,3.119388330503401,198,layer2_peak,199,198,"95% percentile, positive state-weighted multiplier bootstrap; Firth re-estimated; fixed preprocessing/LGD/portfolio/scenarios",recorded charge-off within 36 months,Retrospective conditional validation using realized macro paths.,Term-free peak-unemployment sensitivity
-2.3935362041594215,89002,average marginal association in percentage points; not causal,BusinessAge_Less than 4 years old but at least 3,discrete contrast against training reference category,-2.871080158568529,-1.7322126452089168,198,layer2_peak,199,198,"95% percentile, positive state-weighted multiplier bootstrap; Firth re-estimated; fixed preprocessing/LGD/portfolio/scenarios",recorded charge-off within 36 months,Retrospective conditional validation using realized macro paths.,Term-free peak-unemployment sensitivity
3.2630559076111925,89002,average marginal association in percentage points; not causal,BusinessAge_Less than 5 years old but at least 4,discrete contrast against training reference category,2.174859892209995,4.364782424253184,198,layer2_peak,199,198,"95% percentile, positive state-weighted multiplier bootstrap; Firth re-estimated; fixed preprocessing/LGD/portfolio/scenarios",recorded charge-off within 36 months,Retrospective conditional validation using realized macro paths.,Term-free peak-unemployment sensitivity
-0.9479924891835616,89002,average marginal association in percentage points; not causal,"BusinessAge_New, Less than 1 Year old",discrete contrast against training reference category,-1.3497250643520116,-0.5214887698072823,198,layer2_peak,199,198,"95% percentile, positive state-weighted multiplier bootstrap; Firth re-estimated; fixed preprocessing/LGD/portfolio/scenarios",recorded charge-off within 36 months,Retrospective conditional validation using realized macro paths.,Term-free peak-unemployment sensitivity
-8.077831727727006,89002,average marginal association in percentage points; not causal,BusinessAge_Other,discrete contrast against training reference category,-10.32124038710637,-1.3909786072609016,198,layer2_peak,199,198,"95% percentile, positive state-weighted multiplier bootstrap; Firth re-estimated; fixed preprocessing/LGD/portfolio/scenarios",recorded charge-off within 36 months,Retrospective conditional validation using realized macro paths.,Term-free peak-unemployment sensitivity
-1.172261469381533,89002,average marginal association in percentage points; not causal,"BusinessAge_Startup, Loan Funds will Open Business",discrete contrast against training reference category,-1.8694138586256503,-0.4998817243385477,198,layer2_peak,199,198,"95% percentile, positive state-weighted multiplier bootstrap; Firth re-estimated; fixed preprocessing/LGD/portfolio/scenarios",recorded charge-off within 36 months,Retrospective conditional validation using realized macro paths.,Term-free peak-unemployment sensitivity
-0.8238029952851474,89002,average marginal association in percentage points; not causal,BusinessAge_Unanswered,discrete contrast against training reference category,-1.3836474208790643,-0.27556512093033,198,layer2_peak,199,198,"95% percentile, positive state-weighted multiplier bootstrap; Firth re-estimated; fixed preprocessing/LGD/portfolio/scenarios",recorded charge-off within 36 months,Retrospective conditional validation using realized macro paths.,Term-free peak-unemployment sensitivity
1.556783091909813,89002,average marginal association in percentage points; not causal,franchise_present,discrete contrast against training reference category,0.6996762781945873,2.4759119500762368,198,layer2_peak,199,198,"95% percentile, positive state-weighted multiplier bootstrap; Firth re-estimated; fixed preprocessing/LGD/portfolio/scenarios",recorded charge-off within 36 months,Retrospective conditional validation using realized macro paths.,Term-free peak-unemployment sensitivity
0.4339568007931398,89002,average marginal association in percentage points; not causal,loan_type_term,discrete contrast against training reference category,-0.8549869803181415,1.8524434936889929,198,layer2_peak,199,198,"95% percentile, positive state-weighted multiplier bootstrap; Firth re-estimated; fixed preprocessing/LGD/portfolio/scenarios",recorded charge-off within 36 months,Retrospective conditional validation using realized macro paths.,Term-free peak-unemployment sensitivity
6.800750647839237,89002,average marginal association in percentage points; not causal,ProjectState_AL,discrete contrast against training reference category,5.086579550286893,7.513044790888793,198,layer2_peak,199,198,"95% percentile, positive state-weighted multiplier bootstrap; Firth re-estimated; fixed preprocessing/LGD/portfolio/scenarios",recorded charge-off within 36 months,Retrospective conditional validation using realized macro paths.,Term-free peak-unemployment sensitivity
6.183475493258692,89002,average marginal association in percentage points; not causal,ProjectState_AR,discrete contrast against training reference category,4.1379658417529575,6.790142500441741,198,layer2_peak,199,198,"95% percentile, positive state-weighted multiplier bootstrap; Firth re-estimated; fixed preprocessing/LGD/portfolio/scenarios",recorded charge-off within 36 months,Retrospective conditional validation using realized macro paths.,Term-free peak-unemployment sensitivity
3.582983251875988,89002,average marginal association in percentage points; not causal,ProjectState_AZ,discrete contrast against training reference category,1.4547748946811656,3.9858006508472887,198,layer2_peak,199,198,"95% percentile, positive state-weighted multiplier bootstrap; Firth re-estimated; fixed preprocessing/LGD/portfolio/scenarios",recorded charge-off within 36 months,Retrospective conditional validation using realized macro paths.,Term-free peak-unemployment sensitivity
6.815387614314481,89002,average marginal association in percentage points; not causal,ProjectState_CA,discrete contrast against training reference category,5.101591352075659,7.264872684720925,198,layer2_peak,199,198,"95% percentile, positive state-weighted multiplier bootstrap; Firth re-estimated; fixed preprocessing/LGD/portfolio/scenarios",recorded charge-off within 36 months,Retrospective conditional validation using realized macro paths.,Term-free peak-unemployment sensitivity
5.2992289919236075,89002,average marginal association in percentage points; not causal,ProjectState_CO,discrete contrast against training reference category,3.451273703586105,6.1725318358793055,198,layer2_peak,199,198,"95% percentile, positive state-weighted multiplier bootstrap; Firth re-estimated; fixed preprocessing/LGD/portfolio/scenarios",recorded charge-off within 36 months,Retrospective conditional validation using realized macro paths.,Term-free peak-unemployment sensitivity
2.492923239688132,89002,average marginal association in percentage points; not causal,ProjectState_CT,discrete contrast against training reference category,0.657805943065073,3.1915099965553466,198,layer2_peak,199,198,"95% percentile, positive state-weighted multiplier bootstrap; Firth re-estimated; fixed preprocessing/LGD/portfolio/scenarios",recorded charge-off within 36 months,Retrospective conditional validation using realized macro paths.,Term-free peak-unemployment sensitivity
9.884398036443622,89002,average marginal association in percentage points; not causal,ProjectState_DC,discrete contrast against training reference category,8.53239012593077,11.037893621134888,198,layer2_peak,199,198,"95% percentile, positive state-weighted multiplier bootstrap; Firth re-estimated; fixed preprocessing/LGD/portfolio/scenarios",recorded charge-off within 36 months,Retrospective conditional validation using realized macro paths.,Term-free peak-unemployment sensitivity
2.3432519133115006,89002,average marginal association in percentage points; not causal,ProjectState_DE,discrete contrast against training reference category,0.6410371493771791,3.761228669879206,198,layer2_peak,199,198,"95% percentile, positive state-weighted multiplier bootstrap; Firth re-estimated; fixed preprocessing/LGD/portfolio/scenarios",recorded charge-off within 36 months,Retrospective conditional validation using realized macro paths.,Term-free peak-unemployment sensitivity
7.562858994698561,89002,average marginal association in percentage points; not causal,ProjectState_FL,discrete contrast against training reference category,5.532077357971886,7.951984322237181,198,layer2_peak,199,198,"95% percentile, positive state-weighted multiplier bootstrap; Firth re-estimated; fixed preprocessing/LGD/portfolio/scenarios",recorded charge-off within 36 months,Retrospective conditional validation using realized macro paths.,Term-free peak-unemployment sensitivity
9.751849763933324,89002,average marginal association in percentage points; not causal,ProjectState_GA,discrete contrast against training reference category,7.896235351479346,10.363942145279228,198,layer2_peak,199,198,"95% percentile, positive state-weighted multiplier bootstrap; Firth re-estimated; fixed preprocessing/LGD/portfolio/scenarios",recorded charge-off within 36 months,Retrospective conditional validation using realized macro paths.,Term-free peak-unemployment sensitivity
1.5525515512865655,89002,average marginal association in percentage points; not causal,ProjectState_HI,discrete contrast against training reference category,-0.1087535826162044,2.6051769422007407,198,layer2_peak,199,198,"95% percentile, positive state-weighted multiplier bootstrap; Firth re-estimated; fixed preprocessing/LGD/portfolio/scenarios",recorded charge-off within 36 months,Retrospective conditional validation using realized macro paths.,Term-free peak-unemployment sensitivity
3.5224529974123633,89002,average marginal association in percentage points; not causal,ProjectState_IA,discrete contrast against training reference category,1.6349995311385404,4.665242254849122,198,layer2_peak,199,198,"95% percentile, positive state-weighted multiplier bootstrap; Firth re-estimated; fixed preprocessing/LGD/portfolio/scenarios",recorded charge-off within 36 months,Retrospective conditional validation using realized macro paths.,Term-free peak-unemployment sensitivity
2.955102331999349,89002,average marginal association in percentage points; not causal,ProjectState_ID,discrete contrast against training reference category,0.9304050103691044,3.515795225171934,198,layer2_peak,199,198,"95% percentile, positive state-weighted multiplier bootstrap; Firth re-estimated; fixed preprocessing/LGD/portfolio/scenarios",recorded charge-off within 36 months,Retrospective conditional validation using realized macro paths.,Term-free peak-unemployment sensitivity
5.8142767797486785,89002,average marginal association in percentage points; not causal,ProjectState_IL,discrete contrast against training reference category,4.149898341512335,6.174083031148036,198,layer2_peak,199,198,"95% percentile, positive state-weighted multiplier bootstrap; Firth re-estimated; fixed preprocessing/LGD/portfolio/scenarios",recorded charge-off within 36 months,Retrospective conditional validation using realized macro paths.,Term-free peak-unemployment sensitivity
1.838593888397696,89002,average marginal association in percentage points; not causal,ProjectState_IN,discrete contrast against training reference category,-0.0349177424284271,2.40736482628041,198,layer2_peak,199,198,"95% percentile, positive state-weighted multiplier bootstrap; Firth re-estimated; fixed preprocessing/LGD/portfolio/scenarios",recorded charge-off within 36 months,Retrospective conditional validation using realized macro paths.,Term-free peak-unemployment sensitivity
4.332120689957087,89002,average marginal association in percentage points; not causal,ProjectState_KS,discrete contrast against training reference category,2.4185305878510337,5.192418473783815,198,layer2_peak,199,198,"95% percentile, positive state-weighted multiplier bootstrap; Firth re-estimated; fixed preprocessing/LGD/portfolio/scenarios",recorded charge-off within 36 months,Retrospective conditional validation using realized macro paths.,Term-free peak-unemployment sensitivity
4.44927181960609,89002,average marginal association in percentage points; not causal,ProjectState_KY,discrete contrast against training reference category,2.6203646788319905,4.967952456175637,198,layer2_peak,199,198,"95% percentile, positive state-weighted multiplier bootstrap; Firth re-estimated; fixed preprocessing/LGD/portfolio/scenarios",recorded charge-off within 36 months,Retrospective conditional validation using realized macro paths.,Term-free peak-unemployment sensitivity
2.1904089002953313,89002,average marginal association in percentage points; not causal,ProjectState_LA,discrete contrast against training reference category,0.5177873531331391,2.729284149276504,198,layer2_peak,199,198,"95% percentile, positive state-weighted multiplier bootstrap; Firth re-estimated; fixed preprocessing/LGD/portfolio/scenarios",recorded charge-off within 36 months,Retrospective conditional validation using realized macro paths.,Term-free peak-unemployment sensitivity
1.252032642839822,89002,average marginal association in percentage points; not causal,ProjectState_MA,discrete contrast against training reference category,-0.6854588239468247,1.992777656050455,198,layer2_peak,199,198,"95% percentile, positive state-weighted multiplier bootstrap; Firth re-estimated; fixed preprocessing/LGD/portfolio/scenarios",recorded charge-off within 36 months,Retrospective conditional validation using realized macro paths.,Term-free peak-unemployment sensitivity
3.6012439261526397,89002,average marginal association in percentage points; not causal,ProjectState_MD,discrete contrast against training reference category,1.9048887613510104,4.395155538323377,198,layer2_peak,199,198,"95% percentile, positive state-weighted multiplier bootstrap; Firth re-estimated; fixed preprocessing/LGD/portfolio/scenarios",recorded charge-off within 36 months,Retrospective conditional validation using realized macro paths.,Term-free peak-unemployment sensitivity
1.2182469641641387,89002,average marginal association in percentage points; not causal,ProjectState_ME,discrete contrast against training reference category,-0.7094194737261584,1.8494222734468888,198,layer2_peak,199,198,"95% percentile, positive state-weighted multiplier bootstrap; Firth re-estimated; fixed preprocessing/LGD/portfolio/scenarios",recorded charge-off within 36 months,Retrospective conditional validation using realized macro paths.,Term-free peak-unemployment sensitivity
2.423213824651211,89002,average marginal association in percentage points; not causal,ProjectState_MI,discrete contrast against training reference category,0.5851762783512323,2.974335471553105,198,layer2_peak,199,198,"95% percentile, positive state-weighted multiplier bootstrap; Firth re-estimated; fixed preprocessing/LGD/portfolio/scenarios",recorded charge-off within 36 months,Retrospective conditional validation using realized macro paths.,Term-free peak-unemployment sensitivity
2.5933892983308686,89002,average marginal association in percentage points; not causal,ProjectState_MN,discrete contrast against training reference category,0.6376941906604295,3.4117240331572045,198,layer2_peak,199,198,"95% percentile, positive state-weighted multiplier bootstrap; Firth re-estimated; fixed preprocessing/LGD/portfolio/scenarios",recorded charge-off within 36 months,Retrospective conditional validation using realized macro paths.,Term-free peak-unemployment sensitivity
4.4463836206931715,89002,average marginal association in percentage points; not causal,ProjectState_MO,discrete contrast against training reference category,2.45692480815687,4.954177867994982,198,layer2_peak,199,198,"95% percentile, positive state-weighted multiplier bootstrap; Firth re-estimated; fixed preprocessing/LGD/portfolio/scenarios",recorded charge-off within 36 months,Retrospective conditional validation using realized macro paths.,Term-free peak-unemployment sensitivity
5.034144961369224,89002,average marginal association in percentage points; not causal,ProjectState_MS,discrete contrast against training reference category,3.2342288253970524,5.771266032034172,198,layer2_peak,199,198,"95% percentile, positive state-weighted multiplier bootstrap; Firth re-estimated; fixed preprocessing/LGD/portfolio/scenarios",recorded charge-off within 36 months,Retrospective conditional validation using realized macro paths.,Term-free peak-unemployment sensitivity
0.9057473375824544,89002,average marginal association in percentage points; not causal,ProjectState_MT,discrete contrast against training reference category,-1.071511969445536,1.5408493756539132,198,layer2_peak,199,198,"95% percentile, positive state-weighted multiplier bootstrap; Firth re-estimated; fixed preprocessing/LGD/portfolio/scenarios",recorded charge-off within 36 months,Retrospective conditional validation using realized macro paths.,Term-free peak-unemployment sensitivity
3.3964981886010923,89002,average marginal association in percentage points; not causal,ProjectState_NC,discrete contrast against training reference category,1.638003380487325,3.992752194269851,198,layer2_peak,199,198,"95% percentile, positive state-weighted multiplier bootstrap; Firth re-estimated; fixed preprocessing/LGD/portfolio/scenarios",recorded charge-off within 36 months,Retrospective conditional validation using realized macro paths.,Term-free peak-unemployment sensitivity
0.8902268188002851,89002,average marginal association in percentage points; not causal,ProjectState_ND,discrete contrast against training reference category,-0.7933980267518675,2.3599926666045117,198,layer2_peak,199,198,"95% percentile, positive state-weighted multiplier bootstrap; Firth re-estimated; fixed preprocessing/LGD/portfolio/scenarios",recorded charge-off within 36 months,Retrospective conditional validation using realized macro paths.,Term-free peak-unemployment sensitivity
1.650994479229972,89002,average marginal association in percentage points; not causal,ProjectState_NE,discrete contrast against training reference category,-0.1548300404908906,2.895904362327773,198,layer2_peak,199,198,"95% percentile, positive state-weighted multiplier bootstrap; Firth re-estimated; fixed preprocessing/LGD/portfolio/scenarios",recorded charge-off within 36 months,Retrospective conditional validation using realized macro paths.,Term-free peak-unemployment sensitivity
0.1138688801425679,89002,average marginal association in percentage points; not causal,ProjectState_NH,discrete contrast against training reference category,-1.8224587334653464,1.1313193733944598,198,layer2_peak,199,198,"95% percentile, positive state-weighted multiplier bootstrap; Firth re-estimated; fixed preprocessing/LGD/portfolio/scenarios",recorded charge-off within 36 months,Retrospective conditional validation using realized macro paths.,Term-free peak-unemployment sensitivity
6.12410058472699,89002,average marginal association in percentage points; not causal,ProjectState_NJ,discrete contrast against training reference category,4.288112043717578,6.830244744302157,198,layer2_peak,199,198,"95% percentile, positive state-weighted multiplier bootstrap; Firth re-estimated; fixed preprocessing/LGD/portfolio/scenarios",recorded charge-off within 36 months,Retrospective conditional validation using realized macro paths.,Term-free peak-unemployment sensitivity
3.845143319182592,89002,average marginal association in percentage points; not causal,ProjectState_NM,discrete contrast against training reference category,1.8539320196595184,4.499572347744453,198,layer2_peak,199,198,"95% percentile, positive state-weighted multiplier bootstrap; Firth re-estimated; fixed preprocessing/LGD/portfolio/scenarios",recorded charge-off within 36 months,Retrospective conditional validation using realized macro paths.,Term-free peak-unemployment sensitivity
6.042469335727754,89002,average marginal association in percentage points; not causal,ProjectState_NV,discrete contrast against training reference category,4.244613595248076,6.51263399027796,198,layer2_peak,199,198,"95% percentile, positive state-weighted multiplier bootstrap; Firth re-estimated; fixed preprocessing/LGD/portfolio/scenarios",recorded charge-off within 36 months,Retrospective conditional validation using realized macro paths.,Term-free peak-unemployment sensitivity
6.1383019107310135,89002,average marginal association in percentage points; not causal,ProjectState_NY,discrete contrast against training reference category,4.331564937296017,6.772261354652594,198,layer2_peak,199,198,"95% percentile, positive state-weighted multiplier bootstrap; Firth re-estimated; fixed preprocessing/LGD/portfolio/scenarios",recorded charge-off within 36 months,Retrospective conditional validation using realized macro paths.,Term-free peak-unemployment sensitivity
1.079771847599096,89002,average marginal association in percentage points; not causal,ProjectState_OH,discrete contrast against training reference category,-0.8963815153428569,1.4590735053479804,198,layer2_peak,199,198,"95% percentile, positive state-weighted multiplier bootstrap; Firth re-estimated; fixed preprocessing/LGD/portfolio/scenarios",recorded charge-off within 36 months,Retrospective conditional validation using realized macro paths.,Term-free peak-unemployment sensitivity
7.025798886463357,89002,average marginal association in percentage points; not causal,ProjectState_OK,discrete contrast against training reference category,5.227809934618123,8.268723339508163,198,layer2_peak,199,198,"95% percentile, positive state-weighted multiplier bootstrap; Firth re-estimated; fixed preprocessing/LGD/portfolio/scenarios",recorded charge-off within 36 months,Retrospective conditional validation using realized macro paths.,Term-free peak-unemployment sensitivity
2.830843212523846,89002,average marginal association in percentage points; not causal,ProjectState_OR,discrete contrast against training reference category,0.9694246764482282,3.207598613598431,198,layer2_peak,199,198,"95% percentile, positive state-weighted multiplier bootstrap; Firth re-estimated; fixed preprocessing/LGD/portfolio/scenarios",recorded charge-off within 36 months,Retrospective conditional validation using realized macro paths.,Term-free peak-unemployment sensitivity
1.769855719107043,89002,average marginal association in percentage points; not causal,ProjectState_PA,discrete contrast against training reference category,-0.1391937946157908,2.363128990689193,198,layer2_peak,199,198,"95% percentile, positive state-weighted multiplier bootstrap; Firth re-estimated; fixed preprocessing/LGD/portfolio/scenarios",recorded charge-off within 36 months,Retrospective conditional validation using realized macro paths.,Term-free peak-unemployment sensitivity
0.7363321897292727,89002,average marginal association in percentage points; not causal,ProjectState_RI,discrete contrast against training reference category,-1.1239640572371403,1.1380228924247535,198,layer2_peak,199,198,"95% percentile, positive state-weighted multiplier bootstrap; Firth re-estimated; fixed preprocessing/LGD/portfolio/scenarios",recorded charge-off within 36 months,Retrospective conditional validation using realized macro paths.,Term-free peak-unemployment sensitivity
2.6204920078305336,89002,average marginal association in percentage points; not causal,ProjectState_SC,discrete contrast against training reference category,0.7309711939327461,3.098009264036677,198,layer2_peak,199,198,"95% percentile, positive state-weighted multiplier bootstrap; Firth re-estimated; fixed preprocessing/LGD/portfolio/scenarios",recorded charge-off within 36 months,Retrospective conditional validation using realized macro paths.,Term-free peak-unemployment sensitivity
4.274609147716282,89002,average marginal association in percentage points; not causal,ProjectState_SD,discrete contrast against training reference category,2.2704419124472524,5.857679723850067,198,layer2_peak,199,198,"95% percentile, positive state-weighted multiplier bootstrap; Firth re-estimated; fixed preprocessing/LGD/portfolio/scenarios",recorded charge-off within 36 months,Retrospective conditional validation using realized macro paths.,Term-free peak-unemployment sensitivity
4.6291893898235585,89002,average marginal association in percentage points; not causal,ProjectState_TN,discrete contrast against training reference category,2.8321693355003026,5.291192211071651,198,layer2_peak,199,198,"95% percentile, positive state-weighted multiplier bootstrap; Firth re-estimated; fixed preprocessing/LGD/portfolio/scenarios",recorded charge-off within 36 months,Retrospective conditional validation using realized macro paths.,Term-free peak-unemployment sensitivity
7.380141217960665,89002,average marginal association in percentage points; not causal,ProjectState_TX,discrete contrast against training reference category,5.4944219498337485,7.94981268777576,198,layer2_peak,199,198,"95% percentile, positive state-weighted multiplier bootstrap; Firth re-estimated; fixed preprocessing/LGD/portfolio/scenarios",recorded charge-off within 36 months,Retrospective conditional validation using realized macro paths.,Term-free peak-unemployment sensitivity
3.677008175893691,89002,average marginal association in percentage points; not causal,ProjectState_UT,discrete contrast against training reference category,1.9896368842101868,4.717467993003753,198,layer2_peak,199,198,"95% percentile, positive state-weighted multiplier bootstrap; Firth re-estimated; fixed preprocessing/LGD/portfolio/scenarios",recorded charge-off within 36 months,Retrospective conditional validation using realized macro paths.,Term-free peak-unemployment sensitivity
5.071722891095256,89002,average marginal association in percentage points; not causal,ProjectState_VA,discrete contrast against training reference category,3.286338428069527,6.33146368008941,198,layer2_peak,199,198,"95% percentile, positive state-weighted multiplier bootstrap; Firth re-estimated; fixed preprocessing/LGD/portfolio/scenarios",recorded charge-off within 36 months,Retrospective conditional validation using realized macro paths.,Term-free peak-unemployment sensitivity
-0.0839610453416194,89002,average marginal association in percentage points; not causal,ProjectState_VT,discrete contrast against training reference category,-1.9611094081834397,0.816659775512632,198,layer2_peak,199,198,"95% percentile, positive state-weighted multiplier bootstrap; Firth re-estimated; fixed preprocessing/LGD/portfolio/scenarios",recorded charge-off within 36 months,Retrospective conditional validation using realized macro paths.,Term-free peak-unemployment sensitivity
3.3387446477147864,89002,average marginal association in percentage points; not causal,ProjectState_WA,discrete contrast against training reference category,1.268540946247963,3.5452278828618566,198,layer2_peak,199,198,"95% percentile, positive state-weighted multiplier bootstrap; Firth re-estimated; fixed preprocessing/LGD/portfolio/scenarios",recorded charge-off within 36 months,Retrospective conditional validation using realized macro paths.,Term-free peak-unemployment sensitivity
0.8920742649576116,89002,average marginal association in percentage points; not causal,ProjectState_WI,discrete contrast against training reference category,-1.0889046824768691,1.4858150213561043,198,layer2_peak,199,198,"95% percentile, positive state-weighted multiplier bootstrap; Firth re-estimated; fixed preprocessing/LGD/portfolio/scenarios",recorded charge-off within 36 months,Retrospective conditional validation using realized macro paths.,Term-free peak-unemployment sensitivity
9.4384100064176,89002,average marginal association in percentage points; not causal,ProjectState_WV,discrete contrast against training reference category,7.459043057769614,10.149816765310325,198,layer2_peak,199,198,"95% percentile, positive state-weighted multiplier bootstrap; Firth re-estimated; fixed preprocessing/LGD/portfolio/scenarios",recorded charge-off within 36 months,Retrospective conditional validation using realized macro paths.,Term-free peak-unemployment sensitivity
3.1780564903452233,89002,average marginal association in percentage points; not causal,ProjectState_WY,discrete contrast against training reference category,1.3402808380639557,4.223794236265125,198,layer2_peak,199,198,"95% percentile, positive state-weighted multiplier bootstrap; Firth re-estimated; fixed preprocessing/LGD/portfolio/scenarios",recorded charge-off within 36 months,Retrospective conditional validation using realized macro paths.,Term-free peak-unemployment sensitivity
