AK,AL,AR,AZ,CA,CO,CT,DC,DE,FL,GA,HI,IA,ID,IL,IN,KS,KY,LA,MA,MD,ME,MI,MN,MO,MS,MT,NC,ND,NE,NH,NJ,NM,NV,NY,OH,OK,OR,PA,RI,SC,SD,TN,TX,UT,VA,VT,WA,WI,WV,WY,attempt
0.10856304365605288,1.4795128783374092,2.0335592289854505,0.8561267444751245,0.45361885811178304,0.04058120324048284,0.4250762323225644,0.1957381980681573,1.936418761769672,2.3234567818746013,1.7472920181603635,0.5413521679826203,0.26183922824908357,0.0727431367836904,0.8474413240704561,0.9056465558334261,0.3194709156243399,0.18143289969720025,0.6750874839770921,0.9955036264798324,0.24349680310138516,1.31754953219389,0.18995087640524508,0.47558435654635967,2.6423074207368784,0.02709617146053091,0.7264253052267664,0.28788354703996033,1.7206272942306988,0.8892840447986949,0.9026898711740932,0.3248307679198013,0.9774500865225481,1.3311943780943456,0.7344058617317865,1.6781756247534694,0.9548941330182679,2.046907906163159,3.3766428325484794,0.9022037477794701,0.40560310332964133,0.6378232308334948,0.48603090248206987,1.7631354520978177,0.28330684802919676,0.7266389052267908,0.40070766725822876,1.3119414842241448,1.7272898952027957,0.5867074261094909,0.3336755856069178,1
0.03403780576741294,0.9421256565548071,0.5987556969096903,2.57194745862559,0.5860290966309787,0.18350641144058435,0.14811610473594933,0.19165269182676514,0.2245786973831037,1.8509202874457427,3.543296680600267,0.22315729104260162,0.6654040853589697,1.7124603542721175,0.8935563142572531,0.4376819373682057,1.4964608033715199,0.08728261517528631,0.8287550136779167,3.1008259818840576,0.3582009350602511,0.2943486764412524,0.5594633621369076,0.16383018283326253,0.18990302165273332,2.631989674455955,0.4396518948525463,0.3715746314353707,3.229251817075411,0.02104046882848649,1.7084375435420518,0.09298875724417806,0.07259499002990068,0.725995999894479,0.023956075196812088,0.24586548820080478,0.025276697032113164,0.5148800558947022,2.9494623424177338,1.2873876223521967,0.5177380270235995,0.7731591830710812,2.192729751602711,0.7285017674003678,0.6868297326307772,1.692133282614318,0.9213561076986237,0.9270549330279257,0.169275841152731,0.07581193394568796,0.9413190621589321,2
1.7719923731912237,0.5328430192397118,0.5161561898586792,1.4134397940403383,0.2806256909466479,0.6348365769661711,1.316680122397267,0.9296867608485616,2.4266103053727397,0.04592506204397665,0.019478610427831698,0.1307951920046285,1.6164333997556215,0.49207559099686266,0.11462533851855204,2.2216354247351777,0.4669395564716155,1.155317212905756,1.8059718196684817,0.9819884362289241,0.03037530870808567,0.05543645551958366,0.16464965342551502,0.7897914913011478,4.43527193049066,2.3639934207415823,2.5181744687895242,0.9370322729735099,1.5391731126314854,0.33994710029068337,0.22454169997514684,0.48077744924390087,0.5672901927849476,0.39442342620326987,0.06912555327412685,0.10007752071530772,0.16591142225415553,0.2774225539626612,1.747399506753891,0.5254608386749481,1.6008925024576819,0.20114759361809076,0.10575316556331665,0.1476856016944469,1.0580215454770387,0.5796124588808652,2.960032508331299,0.8174056806063688,1.606950631523536,0.0013953486248404756,1.281244852195583,3
0.4787298074229273,0.1260379294133879,0.4819637459434911,0.10930571953182894,0.8852603358979387,0.7732331590479397,0.018986233237210978,0.4363105515215679,0.07415335533191036,0.12218247872538034,2.4739946314464083,0.634302145772373,0.0543162895053938,1.46401491923835,0.17456979532688796,0.6070870877092686,0.7266436732908523,1.6972195266542078,1.1205349053858256,0.11230452455691291,0.1540927326970223,0.21011938003795136,0.4665986872977156,1.2418453567155334,0.25472537871348,1.1845760244745804,0.962928192096142,0.8920547558610158,0.23843313040632103,0.585973614082439,0.30388498704577155,0.1874776863706292,0.9994291460291491,2.4303825326708437,0.7766496929597301,0.361427299060952,1.3373151930818987,1.093533517673013,2.69389176185631,1.1686587220619282,0.2680101095062837,0.071647323912394,0.4400270587382076,1.5106052711927394,0.7792334133654856,0.5532886326496306,0.3199925557417531,0.34044911626657853,0.025820284957164274,0.13927023965816593,0.3313124063401118,4
0.6773495744561105,0.8397187808351838,0.5785372465523696,0.8310627045249492,0.5301304373379694,2.310133481541366,3.0565137254594323,1.1376338220557463,0.685862315005377,0.29134167230671704,0.05809540234028096,1.4922127623581345,0.47269057732554404,0.3433334732914043,1.3570469386791995,0.8306098977756073,1.070394574965188,0.2763124918415956,0.8689421062368988,0.14834112960377197,0.4110917764897518,0.6878933657891301,0.7761302456928331,0.4748026743890251,0.6051605771439774,1.5041866662032288,0.1220119439244008,0.05895143409472539,1.9483521056937954,1.0559994411019222,0.9942658229976061,1.238905433497139,0.21650749350426715,2.936828549409345,1.1136341185475984,0.464537320177009,3.8826732178134367,0.958735848000593,0.9814385817247014,0.08034607581610252,0.0031071541397628064,0.667564810533034,0.19472083830949646,0.7467502554213001,0.4955739338999087,0.9741995249529202,0.5442031646040768,0.8969144389491092,0.7988016164345498,2.158818199116272,0.36348635374456345,5
2.1567379849049226,1.7627088828954731,3.1634126439901293,0.5502807418510008,0.12727073376152667,0.8191754253899977,1.0920556068509533,3.1540957320108785,1.0164062757754286,1.0617436846657793,0.8770079009443926,1.9110153694811443,0.4368377158553033,0.1854437355168114,0.790506436371008,0.13104660853246158,0.37797683297649093,0.4508912851327612,1.3882471778923189,3.2035686874077602,0.12593932109006653,3.284751314298652,0.251124626942174,0.06519809184803058,0.5960568275861228,0.9252620939764666,0.5579232226157436,1.3928272109135589,0.11930425432935426,0.49413292012314963,0.3488441848624174,0.5414965632088968,2.120889261610286,1.1864495958493684,0.07545970499772386,0.2572255741038805,0.9604926061164742,1.0589372101164103,0.06958516674941403,0.44948939730855225,0.20794569952469183,0.681322014790185,3.1380755428896925,0.6464752386560868,3.4247891697671835,0.30236407218363676,0.22911750252514596,0.35275629153212035,2.175254768034176,0.2782115684244216,0.8116160933257769,6
0.7222877277988183,2.0449077574725028,0.9461129312517448,2.6861759684970026,0.4713047800231477,2.56243524769165,2.291903638053346,0.02521368157438874,0.036207894116293105,0.5192641963988208,0.887379771359105,0.12497337764128567,0.6611145860961609,0.4797804429980712,0.3924688756602832,0.03858165330738507,1.888552681907046,0.39036193777488015,0.5164218388336124,0.05339905418383577,0.3457576652941056,1.6149443562492394,0.539031994198526,0.4652148467392377,2.1188881899969747,0.4902958027528848,0.018420976169647028,0.7793266749665967,0.1566568566545642,4.738997576291482,0.9257397828501626,0.4303162048365133,2.0322162659170027,0.5284639459735312,0.5646915537229562,0.5608620143553096,1.832451096675743,1.1950607243857923,1.1290126194023933,0.1599646200349582,0.5587998099340961,0.12023703996040042,0.15672900201270756,0.24037276436466912,1.197567812240959,0.48985554254981545,2.6397610820330715,0.10952163272921182,2.173236882206901,0.8824664345059055,0.1577265455744626,7
0.276198312933064,0.9936370096101123,0.3103847758063718,0.6075457423446627,0.10919691472727187,0.21282338303946896,0.5052996479364885,1.74891640831613,0.6599314194354524,0.33392548606360883,1.3269102719578345,1.2401622286732905,0.03171436083303358,1.8634059456226777,1.8601871805013177,3.2561205988755284,0.738460360037542,1.1702426488342845,1.4027131540415125,0.14361675322004902,0.6316125560985837,0.05204490679649283,0.41109440766125693,0.37735556061473574,0.1950312839360876,0.24404803550885196,2.254007940908761,2.059043548593625,0.4987709114931664,0.419137376867036,1.7609792668118962,0.3872065000389372,0.19881520937451685,0.22140686640690938,2.729560391840001,0.5623634261241982,2.182750631358187,1.028097659809094,1.0020932600855335,0.5042003030182295,3.0431354970935875,0.26784597185920805,0.9816262196341584,1.184068108270343,0.7001108254175441,1.9086368184644562,1.1795724994647987,1.2241363304425712,0.297936567389722,1.42657164819849,0.17738214356190993,8
2.3425617010375186,1.1885396767398233,1.5975219199298902,0.6762287766700101,0.08978175518762746,1.8988172481093826,2.410250254033976,1.061358331264649,0.5667714421702471,3.1115738491334204,0.22798373096072252,2.0425085416604136,3.3391032467929644,1.8757378866236238,0.24740047629216647,3.9463152091451894,1.9382391639689753,0.2946260398340543,0.5895391676544259,0.23852990268320715,0.558503414302246,2.0968504691041385,0.5706566142360054,0.08365982996818935,0.36377591062717296,0.1042429270101467,0.20393342513155122,0.12356926649146646,0.13201563023748872,3.3429747269267867,0.7071443385802673,0.5863757538473263,0.4669283394728774,0.031432138772490445,3.0460502896398713,0.9699953759749692,1.922787815083008,0.7303726656781842,2.6841757920713833,1.0232848389803129,0.27199560156515296,1.31241836372875,0.6352057758474412,3.6849325097250274,0.5996788443440072,0.978877976914796,2.7554224221041825,1.2254280426854849,0.21815640260200467,1.8027143194509507,0.9016324119346766,9
0.7711333635791469,2.411020722644092,1.8073800860320257,0.8661178213523242,0.8411418310281823,4.070675717697514,1.3175033675128878,1.1353298474051183,0.03014079728940718,0.06491804106930384,0.29198366011730087,0.10500995771221246,0.21891354008523553,0.23039095236484464,1.1398958969240507,0.21025858259249797,0.2642339847590411,0.08243815965175005,0.6939253523485354,1.5539861030191247,1.1674294022191882,0.7945023937299863,2.5772042726691295,0.6809833003574219,0.7780091171637704,1.4345651982951273,1.3506830729210835,1.8850190203850359,0.07572585099856098,0.7709816917450765,0.24305296831635056,0.0508949222231746,0.46460295580974453,1.676151034194519,0.3182723001294354,3.441174292520308,1.421609290635897,0.2115245454825708,0.4417569687159939,0.09535677958497334,0.27367339039258215,0.4256266743617961,0.2207157574675452,5.347599842687867,0.40164376139714675,1.6788739072419945,1.5431735141021583,3.077385283438181,0.4887144695472391,0.6104242194887181,0.13175696611138327,10
1.1690864219959474,0.9164454070963899,0.27320649234251226,2.6913225462661603,1.7208428244549017,0.104321118130035,0.09622494923632206,2.7406146987679043,1.019289180102219,0.7859256739736868,1.9471892350896678,0.05510367779149759,1.3809038641210518,0.5185844155413611,0.7415216404071874,8.800216549655708,1.9316092836295071,1.459053708012145,1.4328833369113199,0.021208603793813226,1.2817347428718249,2.2749068359625952,0.4482737573900823,0.1322437129270368,0.12263027139961939,0.16723720248737636,0.7943401292590012,1.3000720555066263,0.5627584683892386,0.09919409119678596,1.1821517127185122,0.7210524693534245,0.8718245578050728,0.24253840583506955,0.2199611963189337,1.6458166173287931,0.20715717946892526,0.034704159799877336,0.219222553486728,0.08335050900461695,0.11158165862373154,0.06110794194883437,0.2776544395570512,0.8433935663207464,0.5099304640556999,2.3419945630407875,0.0664179008175767,0.06643333411449275,0.6534426785816316,1.515062709007085,1.1394458157244636,11
0.437600393250971,0.9928875107836796,2.255650546719161,0.9581881329535816,1.277561290789091,0.9281351451080784,0.19174337009633802,0.4191961759160943,0.12461508851435925,0.4167460539358275,1.8109932043633197,0.01822538298659174,0.2251751949686179,0.3621394920791686,1.6310129138124063,1.4446376343894347,0.034456172051256735,0.5415776407443461,0.279664982285449,0.213741300473577,0.8831488533971592,0.0788717010411718,0.41684553009425795,0.9876173877349217,0.04655059464527954,0.3262815320853113,0.8392446571114606,0.26127039160117727,0.9561750787370178,0.780471878873839,1.31611051246428,0.43897923665149335,2.387489576273814,0.03106001505668211,0.27345311462602834,1.0400815219557968,3.078375936342943,1.1746350873367077,0.6095042174619084,1.3916331088430267,0.8494016267724109,4.319561769984017,5.446771611426393,0.028089063808035258,4.298215000420644,0.19638837044712742,0.28470478737905763,0.00765150175336014,1.5773477570821812,0.7095881305838495,0.733022688941171,12
0.33914886195751137,1.51981497942794,5.935643694028376,0.43019541478266604,2.619995216611923,1.0424796391862459,5.943925143170405,0.575227215153836,3.4626413128944686,2.91242099010771,2.712387460094329,0.02568513059177248,1.045370258619161,0.03768519789587676,1.347504006464732,0.7260423307376944,0.24079025056902767,0.3610972057727864,0.2978503308478028,0.1784794533867184,2.356186547123225,0.8398491617670071,1.746312167302226,0.5526953975611563,2.200776631846307,0.3828570193639281,3.1025919431826954,0.0342631081200535,0.41423326912573005,2.0133073291489385,0.7643259965327462,0.06218890839700719,2.6361653899479864,0.5177137161117317,0.5300793111642621,0.1916296291386154,1.2245984985589526,1.1322476673037576,1.7886493315891046,0.915967199544092,0.5257542039690305,0.45185368038802903,0.6347926196845249,1.0772349848376612,0.289600873977706,0.13484281529246323,0.9750547771489814,3.238566212657914,2.2525986230148654,0.5759409844589622,0.47690956689646236,13
0.49751772055883925,1.6034669852733052,1.1275186268663417,0.00283770923082675,1.1719783231706855,0.2521236024448572,2.1325592109804306,0.3270775869855805,1.8575682234311879,0.3332459710679066,0.992661257025087,0.1540767869618614,0.4009614006720296,0.21866997713847738,2.086752751254142,0.5099259106739912,1.2156648155281728,2.426318514564375,0.5221453156994301,0.9065058671299556,0.17822333655356146,0.12913383901105308,1.0554115580587717,1.5404147985275243,0.07658261337110212,0.0164627653531785,0.9452889336989738,1.6924411362459253,0.606924777745944,6.150104207560539,0.8333414094804223,5.0341940182304254,5.566414946939789,0.4083748306398647,0.04965502898418474,0.7640673869921243,0.548515021175548,0.9230407735875207,0.21507552064014118,0.5677562674715211,2.5801216812978036,3.06905507987314,0.16926282210317425,1.1323002239654996,0.593295439334042,0.7869035214429886,1.9494110213883324,0.23433887826505828,0.15937393231775449,0.19223853408810126,0.40620960204060946,14
1.4508219487131655,1.094044564904854,0.015539461407474028,0.6213119416502499,0.4017264116642913,0.25393334975228354,0.19066944652324358,0.5889535757293729,1.5301104409455981,0.2433496915338842,2.0795711061244417,0.4143660672494777,0.49035910652210574,1.8725448610384618,3.0126429862456425,0.567194486740412,2.183716003815261,0.03341307008331258,0.4003797572483756,1.9470251329194748,1.0377506955002855,0.8318702186772768,0.5108641261424373,0.2975716271235078,0.2828061458660986,3.0527977467895924,1.284641658803396,0.11879186294793202,0.6507593757493407,0.9349118958379484,1.534492942767215,0.16662888579093924,0.28747751414142003,3.9500362031915635,0.3636082673025593,0.9294234163087627,0.4828970791921238,1.264254361621854,2.6363937706061877,0.4808909190505634,0.45923153501081737,2.8977138619475458,0.26959306848145576,1.5439202641258496,0.11414312005030686,2.503909283614935,0.40217845494065496,0.971213484614632,0.423035751073023,0.8086851938413435,0.25270582527471747,15
2.02106760385871,1.7652303808569692,2.2351894827838215,2.7510186490536124,0.5651047966221633,2.8461729466037813,0.7461553177083344,1.027529255893514,1.178817176554228,2.366545460926202,0.004726660845032235,1.6741107030496911,1.050979507760728,1.2025403826024794,0.8940731789391585,2.819165585227331,0.4467805411499216,0.1336465510609359,0.4568204083076842,0.5474375737171393,0.5901640520885656,0.5566327118031607,0.38520633207786065,2.210611492767312,3.488803686623136,2.2892087166008706,1.362373784763863,1.367923994336667,0.38213893694968354,0.016744968555117593,0.031840541967903084,1.7529618504894848,2.2006693688811034,1.0187660222527557,2.1710004183099345,1.024039794792198,0.08372326125361691,0.39972133171181207,1.9211856680331876,0.4419944582518266,4.180583421198845,0.6658667624194001,1.3100183766757534,0.3664630047553494,1.6648100450958876,2.86304637126502,0.19055249747175537,1.315768130288918,1.2525226686389208,0.2589847268087276,0.006895287107038937,16
0.7181295258458027,1.1092033542738862,0.7030836288037862,0.33777074244524025,4.110688031039713,3.405021958504716,0.536099889863105,1.0334754092866916,0.802531579753498,0.23819132350518873,0.7640190009408401,1.8142571736976438,0.35638080758847246,0.1038029201669505,0.01194501794029831,2.7449802521176125,5.468301312367502,0.26271677613325156,1.3571271639151476,0.0816356579571234,0.8052133803167929,2.0945262580846298,0.44876626353379406,0.7118992507028005,0.2158862973578692,0.3004560086308179,0.30508497762772285,0.41735091241515027,0.2791162394284738,1.3349790334342626,1.8205717868668727,0.2394043553753624,0.5142968350004652,4.214634258240523,1.2689437142961764,1.1066732193122413,0.21120268044949358,0.8268428740414656,1.960263161952956,1.7845721266407417,0.3597086408349375,1.0572946774408067,2.182314646953448,0.6886175532293355,0.0013769658985294348,0.16888963068276178,2.05408402131775,0.43929791215315117,1.9685395414202056,0.03606464174385596,3.6940125162540958,17
1.613650614940553,0.6392273162640059,0.7651768769996994,1.6665663899401202,0.06339365687077442,0.2836389776718849,0.026360130624156902,0.9379335479253268,0.9805396107245974,0.6865448882472144,0.18962687159139877,0.7947681648332037,0.04936538108441206,1.8516328112383056,0.5772755164490362,0.4947744599896311,0.34125568226492053,1.5625258371391906,0.2891227581899082,2.015276571719337,0.3078055012051093,0.1575318958589939,0.19032437552914935,0.8827582570777551,1.3385773318733365,1.6143665576578823,0.1902885031627994,1.3038179286704084,0.8286349781562959,2.516916836126742,2.43488490943487,0.502439835708197,0.38681363557514714,0.8866098513233539,0.38355288611024196,1.0000700311818558,0.8801247443342588,3.126502611492192,2.017664127392868,1.1119864201424519,0.04967417866973505,1.449884400447174,0.16315998437224616,0.6998833806664339,0.14161497690905914,1.6489917705304344,0.01685689258900791,0.6442042577463925,0.05304678264782323,0.7987492317132426,0.34645889540950914,18
0.2172419649997734,0.07901908305111474,0.5024549903711487,0.20834225887196708,0.16521274752112308,1.242852380618568,1.404428732852272,1.946970606266533,1.4226886640317382,0.3408631807374198,0.10721275911136267,2.6660866380686055,0.615766966365186,0.2843296422378294,0.2519765986831489,1.1278928276476037,0.35255602392500884,1.7948536407562712,0.05456647485949401,1.1949310504131831,1.293684328105072,0.7039374250257657,0.7804462148507094,0.19016933591137244,0.4314630462724475,0.0436223841141911,0.17701856119646048,0.8169786370465639,1.0385184196410617,0.680415222798495,0.3770668339934095,1.1792308617995375,0.05795066501569928,3.2937774444754426,0.4324284300832767,1.1298195915247575,0.4274933556095744,0.02102921953785453,1.6581493678790424,0.9719799760169247,0.7679794704410042,0.7693923591602075,0.007464846098831014,0.21171964727304673,0.011950513519610025,0.9940638365124176,0.37163275174397653,0.027371428138462855,0.6658873275343846,0.6203074024151335,1.1268675401366757,19
1.9620709681749327,0.18149462837621444,0.07581161027071576,0.03728989527763662,0.8267460344452898,1.0994289829878168,0.16766396221817378,0.27022559312415645,0.7432994251910919,0.16324376233196505,0.6861955662717135,0.506777019381695,1.1196067244009889,0.6163266700790668,0.6334560220679026,0.7911308043771342,0.4868454091152637,2.9127578372286287,0.22540083326418675,0.11223003098193034,0.758810489955865,2.8384619639467528,0.09984016048856167,0.965543754089362,1.1092536694356805,1.4063985136478145,0.2078845358124544,1.3866162340378432,0.35237973715020277,2.8365652881156724,0.15974767055488417,0.049169726988540725,0.6850283473426684,0.08128621870830444,0.1171297486533217,0.8047591516749433,0.038056709677539574,0.16135800692985092,0.822029194035271,0.5967724975707862,0.24903395406185744,1.853613178381426,0.04620016548466376,0.29196436572577583,2.020291619449095,0.16687422968877452,0.7826481261273651,0.5564872237113244,0.43052839219384886,1.317939015415481,0.9262472505104722,20
0.7151205152168395,0.04682176245167683,0.3540010412510816,0.7033375351171621,1.0162583177721785,1.5758700685809452,0.08038943084059028,1.799152879826127,1.0296707616719576,0.18850055897645474,0.41682051147002214,1.1083983515370601,0.30786171697493303,0.36961269006439995,1.3019715134821144,1.668208717247399,1.977001254912963,3.4594266140340317,1.3055683990652758,0.5828717622170617,2.8049111008103527,0.1369535404484751,0.7206110066618973,0.10888222322992619,0.42409354661867793,1.922630624345517,0.27563195920201605,1.168565746603006,0.6069597984085872,0.08290983576058103,1.063265301693133,0.3368422281768969,0.7148522904384318,2.392197397218113,0.05136495040573501,1.4506347942654314,3.62203423822861,0.2465495391760103,1.913441432777302,0.5629823591916511,1.002174212643893,0.8953564018577467,0.17824910326885116,0.08820860941526751,0.06266057480238219,1.671013634224084,2.076477100593409,0.6973014430215528,0.8578543556169255,0.2740973229045405,1.307573394807714,21
1.1263212266252904,3.6710168532266323,0.4754253073914929,1.5892765506112494,0.029800677866310413,0.47037176716350737,0.34488481237199287,0.16023494989631124,0.11248173432786139,0.5276796930522425,0.7511042463859636,0.4245221999811859,1.785839439018862,0.44764877669200526,2.3775521180269217,0.6963402542585304,0.8727879282481386,1.0061790914378899,0.5814791746641406,0.04228969541028618,0.8152912963081005,1.3298875919869857,1.855100090881455,0.898399578969569,2.1332826665427866,3.116144725818268,3.088330483703291,1.865371811284701,1.4175303395135617,0.13888223549682294,0.1512905871990233,1.3542890021450606,0.22740035060869318,0.04859204991420593,0.25020169006178883,0.15747975532354974,0.24309560416525505,0.8423025369685437,1.1395159693593881,0.19851568590961446,2.097586630789298,0.5008137393403993,0.4150162817774856,0.5076709982121123,1.0264461606572004,0.029588798475184083,0.4476257827891938,0.6852938344477436,0.021754818159052756,3.0639171192160193,0.40213963988215334,22
0.058330543522083216,0.3418189179504763,0.10935163320398861,0.6676524705610752,1.052754746294453,0.06980978011562146,0.6201287030409035,0.05823551140831251,3.3775801010895505,0.05656312859890871,1.2571834969453286,2.112833515250049,0.8097344683434963,1.8258872239032977,1.9263221190568018,0.7624779753483477,0.2801336012664601,2.042915780038677,1.2870280882496117,1.7287260127183202,0.3880932460940202,0.1869836759010536,0.5332158835047077,0.4037975117695467,0.23194473537779764,0.33875583149365857,0.12883280949141301,1.022073516127348,4.7467423296349605,0.5347788525060685,0.17792534534515128,0.3708137398940924,2.030335494976408,0.028611745716026458,1.438889158627681,0.7118624638567826,0.24444363161092608,0.6602327521250805,0.5577053984617769,0.3649875515465998,4.236589355016636,5.349249859271419,0.36228055091170763,0.348650333559229,0.5624772614518128,0.5416435476980399,1.7678135849371988,1.0445049553323764,2.401961975437622,1.7220820868409432,0.489344928159944,23
0.712281516399082,0.2140553071726519,0.19963247346797683,1.2934794400240688,0.7213564876868737,3.5158211255397043,0.8203525405099682,0.7947117549648186,0.07534335084502024,0.5877278867054674,0.3293804311397087,0.757808096656092,0.5217885677139803,1.0752503804940803,1.1847873928809247,0.8167880471806467,0.9247950750103247,2.104347611375325,0.10526782598674352,3.489648578611036,0.43866913247271305,0.4767476372093736,1.2132197241699139,0.3465370132289941,1.1241261711319335,1.1237437297220052,0.7704994531367517,1.276357088077517,1.0887328601283912,1.9164561806787797,1.4748691057528638,0.8203531467357967,2.053111995399775,2.551231647516219,1.8299701293438588,0.15767801453843555,0.5013519466546777,0.5386499083090799,0.4913018702753494,0.43238335994015087,2.1037948472283396,0.7612155444058418,1.4864459893328803,0.14466245293050684,0.3055283328717541,0.6201441543093205,0.4258014904465871,1.4604993358233334,0.710692355575105,0.630748092146554,0.060527718543453575,24
0.9903320245492654,0.15964093010823485,0.7846167295148151,0.032914989201549526,0.014915269675263946,1.381641951825258,2.7488658551934013,0.7120298278913886,1.062964780635656,0.2780132157574661,0.7870909624357484,0.054306614844849034,2.426009215316411,0.6986152297876684,0.27586562755542715,0.3451543551674911,0.8533247043757075,0.8276135992413957,1.2947004381997493,0.5473918227414292,0.7639720255259693,0.1535972473657309,0.48425411879940267,1.23552297942196,0.25932180037837793,0.05773874928315994,1.8775021726534846,0.47836784054839593,0.07082103911579712,0.5499307769017578,1.8268369088173217,0.9799542672182943,0.776791047583148,1.4273618822719956,3.4777061239398477,1.4850458147432488,1.6016593911625732,0.37876780064472515,0.3868943273172977,0.11033420929067185,0.21203547339328052,0.4730555452109418,1.823811392228643,0.33976333688287746,2.3910178682976073,0.23492932437665612,1.2599549296414068,0.8260232596388926,3.136591863235927,0.22412081264114259,0.9572931198588273,25
2.1188134537546732,2.7020397590395864,0.45626945734552876,0.0979637403950439,0.26670393759860506,1.0966132113038758,0.08158468840988081,3.7362084980266377,0.05705679785449637,0.03758928639188699,2.029793416801734,0.3419543540755516,1.0520815933699703,0.4215923999848082,0.9960325351889546,0.07166661797124842,0.5822228637296324,1.106325810294487,0.3927925265111643,0.20148654484883935,0.09668219970359666,2.0604795085234917,1.4674369655409416,0.06253714457497422,0.7461006473834239,0.4816920808131452,0.6359210323255761,0.08498564657995375,0.029235746202133737,1.425595884058804,1.9344490128091316,0.8097978348322263,1.0739314899742691,0.4565262829314475,0.18986556122220483,0.30703443475347697,0.7101248788951302,1.3528010890263644,0.3399975876599128,3.125902806943853,0.014039228181809627,2.3016842269084585,1.043908911060945,1.8476510146595677,0.5956252446693096,0.34514133805820385,0.1733639496365576,1.3544153323993853,0.4455159950973405,1.6545746892742594,0.16452895660222,26
0.9026512157772123,1.1014561293214433,0.7741117356612721,2.065190044299132,1.6149129220579113,0.1518114424126311,0.23012932599043134,0.7415808417472959,0.8166581305466347,1.158363250288051,1.228567440176793,0.7277667141313289,0.9274587722274006,0.7456319293884593,0.7939838337734234,0.7259895183459903,1.2100584169240702,0.7541583334075843,3.434411980938532,0.15768296447319233,1.2913266416961484,0.41166536653072316,0.5596576821972218,0.1180463019430736,1.4578113434530704,1.0858639805168573,1.1070098011040548,0.7207943392258476,0.1975517118788718,0.6201159113876717,0.3708021579726546,1.7448599035459451,2.1483582347312677,0.25966844452336496,1.7075160082872205,0.6657688217960912,0.07418039358268673,0.7871122953353838,0.29173953211203946,1.4729329970694032,0.020241886156514583,0.08031646712099112,0.24200392454943115,0.1036009617875923,0.09355178235333761,2.415267543069876,0.15392095947487433,1.2930020304273475,1.0537270006153217,4.8547729730083615,1.2984444663785673,27
2.1902124261846376,0.9292617262233955,0.17874973525700025,1.217547858497734,0.08425034574287192,0.3078941054985923,1.8300735959785508,0.4752521355674121,0.13126195387252318,0.37852710536381334,0.37313831084036475,1.9751634822629283,0.28309461782922724,2.591126340324176,0.4766139401258969,0.5242711718854259,1.4841762065650737,0.9112332586642432,0.25678239123785984,4.270242173138845,1.8672622741973657,0.900372635668525,0.7677259742832534,0.46295149176978634,0.9725207176810595,0.665903273477482,0.42250361988761714,0.47892266849718684,0.2050150811623565,0.08716063620133983,0.1733844653697708,1.0338028214352393,0.9188635816498067,0.303647281925609,1.966621547204793,0.46565415224333767,1.1489761834284609,1.0338956055917548,1.9087987544889893,0.8924251755368666,0.5932982459873741,1.0653571968825952,0.13283067229801993,1.387024187572233,0.06337692117941142,0.2738319520319695,0.7761133349127795,1.3980107101935708,0.699322259174538,0.009545311908277523,0.7625570760819169,28
5.061808645333467,1.4879365486055043,0.7737096350601154,0.12740163315739808,1.9394049546815901,0.562718573073506,0.4204889774522887,0.6407953125106073,0.20265484850645657,1.9597580647606014,1.066212287327502,1.1770244212530805,0.5773169219218057,0.21246339871546768,0.10110249560908073,0.9647435081389156,0.12646869782927436,1.158814121508417,0.9996761529850713,6.2041246921613205,4.188378008851423,2.0164404963081535,0.8405792138798318,0.36266258952750524,1.9741443862652948,0.8293252307320257,1.2298563106792917,0.9436628098246838,1.9859807399992429,0.9275841932073481,0.10150904371944326,0.051669102807312996,0.10412847097994994,1.0337370911219863,1.4414636407181,1.955601286751629,1.954317211314328,1.4256375995197044,0.024573055003879806,2.3975823024281717,0.19417374663151687,0.13473652786271664,0.7151654172491533,0.16096123852172498,0.6711029404494614,0.9106774231821629,0.9837322776122763,0.7835733579707607,1.6705147305604793,0.1857356700710883,0.1353075647338235,29
0.6653948117106795,2.064228053850148,0.08475178062217734,0.5521834983882757,0.06103693246413281,0.5040830772903507,0.3765886785505679,0.2269768784591922,0.032976409549840206,2.2400984021430914,1.6958869868207742,1.2912067158117835,0.7643543583773668,0.47972827602082496,0.3747701666916078,3.051129933236437,0.8369753522475668,1.8842278997503472,0.23826108159465337,0.09822131671596972,1.4776255500353945,0.19981430307383563,0.8568591921990618,0.9879149173377313,0.20919773047273987,1.9409231839376815,1.7211597792057032,0.5683557912890399,0.4605301839271526,3.1849932602477353,0.33028034699514214,1.575245690354023,0.2874167437945871,0.25931353853211436,0.24305880701026272,0.5022671383547928,0.49566683615091645,1.2716628051827101,0.7257174378067744,0.2554612114615058,0.03591613962384311,0.14684089746686363,0.09825024277742171,0.29998795563040953,3.0348958443112375,0.07246335419291372,0.4489436535867097,1.7867010973877642,1.2846883523333688,0.17496325060921317,2.9142908513332992,30
0.4237083426751275,0.6002348141611534,0.1453755269835228,0.30447468804882727,0.2070037290222254,0.7411738662786618,1.652443185724825,0.30740469794709685,0.7817386751944193,0.060026741705762054,0.025165466632279008,0.911916743212698,0.11685695568001145,0.7750111728888267,0.09662922640167568,0.9833872036358086,0.9272274987257881,0.7543287664453353,1.6435587908754297,0.13983082896236299,0.289320011617203,2.3496130816860368,0.8840241982560606,1.9607230479804996,1.480765430060864,2.1042590077941314,0.21446747131167274,0.18408691524975715,0.9555534493041962,0.9437731089364677,0.4037963677651853,3.533454856281727,0.13517207057317487,0.1673999630069685,3.4818972033014988,0.8739011933056212,0.2883222511691641,0.05637628577389182,1.0547151575544027,0.45098286072693416,1.2381335384338323,1.478101453264948,0.5255508503030704,0.14983474272514086,2.736710496674253,0.31951187171152684,0.37190237507631396,0.5422022721797954,0.9539200666885733,0.25472743548899524,3.4277603074773713,31
0.45957627803296436,1.2051672061940322,1.47552220938065,2.153911888414616,1.5027489736412287,0.6856462119412465,0.29951814820413486,2.4482265141592285,0.45472150281335927,1.8519598443369933,1.95940729907872,2.55004597374953,3.1482378211643987,0.024168750331731183,4.909679550026325,0.019713534999698933,2.6405309231055103,1.4412282402162597,1.1604180371575157,0.36853537236901535,0.39128221482950215,0.8731219383877905,0.22529374327211074,1.299717802573688,0.758060290230941,0.8994540492721199,0.21314149777991548,0.6674750106408053,0.3628682330208709,0.733638333551833,0.052807338748948975,0.4653051755619534,4.843796907974368,1.2033715336419122,1.1453537666128513,0.4887540117600213,1.735388100153264,0.5458107779242818,3.497190304045128,1.5774925818129353,2.259568476773966,0.20651604911978086,1.8235021275720262,0.412396516818118,2.0590938754611336,0.14371815076019034,0.018823447074464542,0.591684954153919,3.4280061005696145e-05,0.6352975669837899,1.3877752290587013,32
0.46242272353499086,0.8580161265188713,1.0698054974146132,0.28859224211904666,0.11692303810777045,0.8595937690978955,0.3628762171973781,1.6275326917206248,0.12089164457610727,2.6041689180931513,2.7191225917334334,0.665507594602981,0.1599643080876523,2.969713511427788,0.20824226898354176,3.253365171975673,0.15688414817678806,0.15403715063213846,0.3817225826150334,0.6771240822654659,5.426900965241052,0.03606790771650434,0.07490783751786452,0.07238978561439986,0.4595696612900313,3.0368122111224176,1.021988299668771,0.30877875750110223,0.6465498034113549,1.6257085720624895,1.2044139574270851,1.2412085475308985,1.9149265819412458,2.864541365662551,1.4259650616624255,0.39442934945381114,1.576631783538359,1.2715416555902204,0.5861862860303352,0.1646860436118233,0.7391373514491534,1.7446045596255517,0.6370355001088354,0.22341744575282196,0.42165752446457383,1.7337255163592284,2.8365158350008195,0.10586286753506989,0.3723854860832034,0.098565034428879,0.30719883796276987,33
1.0258801436567726,0.12053493595426669,0.662364288020449,3.574142823273256,0.15786382704255852,1.348677235432131,1.7963854575339055,0.17233756801914055,0.3293660945888146,0.32301560517566347,2.1652793591238764,0.45100730936139216,0.2564384567061272,0.31419829067123856,0.7372180216300588,0.42787713582271286,0.6740631817583851,0.5465007421864205,0.35774822128771444,0.6362755008198197,0.6107523164181564,0.4588553739416738,0.3380484261344127,1.8652239829693815,0.3685982836650304,0.2962651270909346,0.9130136949953318,0.49194351010400916,1.7158752694916148,0.2814492605965791,2.621432331847671,0.3001849054197869,0.4879235950302476,0.4824959817091353,0.34523575601518386,0.7016610296797826,0.3119045543996286,0.9320255445210934,0.4123363907001607,0.28085141185449347,1.4866471721546304,3.3779425660373303,1.2862438244660812,0.733580753290592,1.1985819916560714,3.080489372048715,0.5074305119575498,1.2746184360826809,1.1280939381923014,1.2296097671402302,0.7432212163211724,34
0.5386990048271603,0.48896044697663904,0.34935386038491884,1.2798701607568985,1.0957621252678138,0.8484876900368266,0.9105119464888995,3.294576579395344,1.1128464360668444,0.636436720425351,0.2851118710232134,0.017883140095949032,3.257081662328608,0.5296785771309096,0.30831586393770755,0.6549613990880147,1.7992783548954818,0.6328479670060209,1.3267563202180956,0.5166774606779122,0.6842609033515543,3.364650917045801,0.6238784398062671,0.734391548342244,0.5117518553317185,0.6134083309504192,1.6745078193274028,1.2969585080442119,0.7979653463267145,0.1052214341200094,0.13191385740475792,0.40504189871561314,1.2218702828778605,0.016088040196823705,1.7285334032349113,1.6707764308593753,1.7034648192767403,0.06124651374344985,0.20670727517929866,1.0994024027071618,0.8521022415075558,0.2902308874927804,0.19402447346113327,0.3222190007800121,0.3322317401856863,0.5831549087378763,4.923075230309402,0.8949032296281825,0.014771281944449955,1.1407693592107087,0.1397222432575563,35
0.06919680744040305,0.4354918729100753,0.5728316966955979,0.6625465281199471,0.6065769229741295,0.3874663198075839,0.20671216873163212,1.209874394613442,0.002348126175970453,0.8361471780666136,1.1116201152921559,0.14193527280869592,0.04124252863614732,0.2457533104237322,2.7263799332022405,0.08282802036490111,0.4041168059959416,0.9298025422687755,0.376989335500108,2.6734286426211336,0.06180956488580031,1.311372801577213,0.2615233277502294,2.213231606844447,0.6078913473676353,0.7964857287175972,0.39477944142026344,2.380083580374519,1.604094005116968,0.4580780232935474,0.3809133103509367,0.2194315395357651,0.45743181035670105,0.14914495419674054,1.302310490900858,0.26448477292133044,0.6663090574776076,0.08281516576965792,0.7928390750685366,0.3097175048130048,0.9308580988082945,4.170440143949437,0.8148541210066175,4.741210810397184,1.1159722493383604,0.10350558849931407,2.847598586487966,0.03544612847561965,1.7304708305031067,3.046140801537271,1.1618933572824561,36
1.251524035792262,1.529854788369549,1.1263091420491813,0.26098662196814265,1.8441065564799264,1.2705639931632673,0.27747373307835593,0.280015371711234,0.6978370070236924,0.44049548587553694,0.34263090040604843,0.5440574735966324,0.04726095690721223,0.002543208492186996,1.2064785750713702,0.37025103663676573,0.47611387257832544,0.6397488575932083,1.3274758249726515,2.5905209164693748,1.997491693137586,3.2055618584839074,0.12693564616077513,0.1867210620033574,0.0460004397415871,0.3804218476761497,0.2756768160613959,0.48820209109636464,0.01127724641252864,3.7550504775174365,0.753718558443073,0.3534739980198474,3.3308637030258934,0.08134553070541287,0.7651468326871542,1.7536384229544215,1.7920646078930815,0.17534532836030148,0.5669858745720928,0.6401135505169789,1.5468789223214408,0.49540813135518247,0.44502661570332896,0.4796594781100545,2.285354815999307,0.0658259345566722,0.14459043906869262,2.700249750370259,0.8960937553538846,0.1854865928341084,1.8689370372395986,37
1.977956414154527,2.0694022482935224,1.8864905190227736,0.24109373762324435,2.8593965996554354,0.15771287463491346,0.8903102600364483,1.0616150030955611,1.1766084877784302,1.0225843131453602,0.19164218291928092,0.4719381267193437,0.04981450139262299,0.5721827918567884,1.862316322425441,0.06481040897116944,0.04791236835267566,0.6310215520406394,0.05236180446497461,0.6992428414978918,0.22929760201331076,0.3377960813958733,2.5042597084379703,0.20333913517247793,0.16107181319029168,1.2360422469947194,0.3974958341522551,1.2583511151987439,2.8737714396089555,0.02942557247632655,2.9075258147006466,0.17862291722789492,0.46222878346003293,1.3206480984691524,3.9771761724003314,1.8575230105575926,1.3066049964761046,1.185656496719968,0.3407985048657041,0.5183045507480875,0.14417179246533404,3.1696668655385385,0.2754436559356629,0.10090271938430202,0.10756878878470584,1.3284192783694773,0.26922773212976897,3.809860643202176,0.030605468251641725,1.3505842984485628,0.3516350635808254,38
2.687656535986561,1.5686726133535547,1.451237928654038,1.284049483550433,1.1675012508431857,0.4290034883893524,0.48692153349492506,1.9418679223619801,0.5220526630542679,0.0800845509033043,1.9410419250264876,0.5257159529128191,0.0592093389105038,0.211359674499215,0.0322253354320644,0.8009329899211088,0.024538138920508743,0.07807219155485678,0.8243886409604698,0.9453828637119911,0.3965616620380419,0.4160115452945365,1.9160345369794378,1.8470472442587633,0.18412488653179937,3.696838538522104,0.9994472587146412,1.016282898159577,0.857748270594278,0.06549587202362474,1.716668907858613,0.5121163299094856,0.5255905663480576,0.6333629448139977,2.3607250307372727,2.42035907931585,1.7132737123779087,0.9114228701922754,1.4592621882259882,0.5170055009035571,0.88488217329883,2.375875309927127,0.8639523155498126,2.9949973405026746,3.745964204042451,0.8575790243766699,1.120603603024372,0.4539043386871785,1.7985054940196843,0.036278054819333105,1.1915201869019802,39
0.549721763111997,0.6026739040958609,0.24893621438329025,1.2642257151967466,0.2284724489163904,1.7239598180540174,0.587595591162021,0.02125951916003622,0.6386547539533576,0.49551227295731387,0.16404871316580902,0.17253545159456624,0.8539211372289789,2.9607594980050784,0.5257922634831896,0.4247468534803905,0.6603658987503158,1.0210263532273183,0.6682844014742803,1.7221700058198337,0.8216378504624081,0.13204697950084623,4.380523725155347,2.9584072855653916,1.796980159611663,0.6705165948672572,0.23978091989681966,0.22173431903202473,0.1795861887215491,0.6857326376495432,0.3442697891976432,0.5157006219835755,0.2933529991281394,0.3868764338560629,1.8442902868193365,3.3434033398214584,0.0035097784496974445,1.5314854802325502,0.8559003495844724,1.2927910829784424,1.3109694356347024,0.03382110413204349,0.14255561014973267,2.804449344223115,0.34268148441464596,0.18136044153461223,0.8534356848272133,0.4389920044089172,0.9400196988897037,1.1344737000856053,0.4028670134125897,40
1.0458739054407296,0.36412835001110305,0.38045187348184534,1.2061737900551812,0.6083917257264804,1.4184938946162071,0.519370609918741,1.0778397228002419,0.5640167425425946,1.261156524070903,0.5062312849052899,0.1100986275324527,1.157615011241489,0.4997492566309157,2.2095623190712965,0.3599851318665689,0.2273170352226651,1.2991678347255673,0.4587962185255041,0.7083755511634757,0.7190202764067071,0.003307507349633845,0.26720349843419466,1.2624374957616493,1.2159597087776428,2.4608390732930836,0.5420842861613164,0.07557537537143508,0.05043138331193703,0.7546993486738023,2.112903849234005,1.1753178354246983,0.47790995029072536,0.5209794224930713,1.2318603559445345,0.41439642288642803,1.0467646011028369,0.5477373818417538,0.5204397691689386,1.9057039176784452,5.560485482345886,2.2038441974658523,0.5972885196206437,0.626840665495449,0.4594452401637446,0.364164265258344,0.010226968715201014,2.184679348236467,6.6533961849019025,0.4810703771248994,3.5288566676083204,41
1.2033593974463375,1.711261109254109,1.105055491463477,3.796791123115557e-05,0.3495736475576371,2.386371478205338,0.6267115869045402,0.8135221032774125,0.30550478073631293,0.8503226809461721,0.5785292662210313,0.7761175580235955,0.021340635593076227,1.2300640362730524,2.1694329255568525,0.9862587363848632,1.0851022139871438,2.7804978442599775,0.040012392396181165,0.5031592480961324,0.5503407022116583,0.1908001967001367,1.3428748596829632,0.20745247584251658,0.2963695774226682,0.5120348000616042,0.052551370703294,0.09342099981002727,0.09595141961690493,0.32148300452528583,1.0934542415582005,0.192368114857942,0.2894197530721893,3.9614482053367803,0.1733886792838105,0.4547480864327419,0.0808388606543543,1.1097205725850035,1.2169014916554157,0.017184008998776357,0.9507406421313328,1.9361865768138036,1.692510107692483,0.7474742758180278,0.39524407366187386,0.051190496886207595,0.5852280235361428,2.232846256559768,0.04316518299100877,0.10320906392861853,2.9968430254975686,42
0.6182172978764611,0.12611308707947724,2.121790168814358,0.983070785352194,3.3625268910445807,0.02605660037136652,0.27941738569498814,2.688994952963285,0.4041006387233578,2.8196394987067768,0.3039348725909206,1.302401901777469,0.1564488547014617,0.3109500089082433,1.240350812173285,1.0110758322908915,2.446827988709418,0.15383738215925258,1.948760336748604,0.3550492014423802,0.6905331279551444,0.8351595359204032,0.9568400121972028,0.7661522615930748,0.15403565541485012,1.383723793605955,1.2852279574912253,0.7642616370767695,0.3225079634338126,0.18509590035573115,0.02643840127401236,1.1791339197732802,0.1846595925861768,1.0093423350252686,0.27745144560793056,0.23933235684058715,2.751021934617805,0.5170495145478956,1.4216307410962568,2.2983277509196127,0.26348533455400674,0.8949671468505543,2.4431972713242285,1.7704246335119387,0.053010002261353696,0.98180737299806,1.6471019557266244,0.3101742159937492,0.5765377668121922,1.7118575940130667,0.3439017204434758,43
0.07030396135749042,1.9315440379735331,0.5656359063343379,1.5137028048693093,1.662533852248501,1.6049057795991515,0.009692203327151138,1.929344350370961,1.8633751152590468,0.37330437717954273,0.7930289940694202,1.1176454047139024,0.2813794937532794,1.947285721404881,0.3976967891999347,0.7342941652489693,0.4207774103240539,0.05886690551415501,1.9528787660423803,0.11074351380158416,0.17957759540855797,0.48567032302436114,0.3406638603253143,0.036051128993705474,0.3726788848807332,1.0565502541602572,0.2605851319537837,1.8485891962564236,0.8334863532441985,1.3533817462511843,0.942650889089444,0.0005112002821283902,0.8543121782736584,1.363748644192693,0.7754258893105815,0.18239408554359848,1.2031369053722196,0.28617847891098275,0.43485660503949075,0.24128944247390463,1.1091079316580874,0.5950033425430279,1.2237887043390865,3.7810436927592015,0.3710117709446436,0.7229091647199863,0.9182486669381321,0.9230471129637682,0.5067076507413754,0.15932848952764117,5.077439298561191,44
2.4596532694882707,0.09701837554347087,0.3994327304236738,0.854369112461539,0.11916480797449261,0.005208113108924127,1.0167079969145378,1.4579820915524127,0.04949265972447478,0.3445852266273912,2.082412986079881,1.4355212101051225,1.0004131960307707,0.23682807840215736,0.1399208644817932,0.5700326889421776,2.019936417673307,1.2356379733919516,0.7599223589753097,0.4469024087527558,0.23641934878986565,0.427343178490396,0.26242695716357234,0.703274341162895,0.2800694517586403,1.0379948487983508,0.4030822468936254,0.8823579508543163,1.5333867999193755,0.45729928520665963,0.4505245145571501,3.348047327399168,0.08638488349611348,0.323247972982572,2.163785978244268,2.2314470247357745,1.0189024060290228,0.3964603024387384,0.09134756103177019,0.6156347963067655,0.3899169237211532,0.6113678053237475,0.15363914471107382,0.1899506362418567,1.2014659516615365,1.854838161815392,0.38242306995638475,0.4711561279161526,0.4884327530633077,0.15124045795932164,4.018792368276126,45
0.6459288281674491,0.33944798188909975,0.32621320135726184,2.883958146166034,1.4530595455970765,0.7092193760541242,1.8962088938584891,0.5568970818719785,1.2741635265438243,0.28069754692320764,0.4620328012992733,0.2452687086626922,0.0904826975670093,0.13197752091278514,0.7668806479071637,0.1582165217032942,1.6563863960944125,1.3518934580230297,0.9372069100703755,0.95248044478262,0.5197249444982692,0.27762319124408946,0.14157657887901107,0.7557176977663153,1.4349974063882889,0.6680811885105349,0.7052488964097408,0.970455997507112,1.3927640778287547,0.5663121515022707,0.5512971469958196,0.5185647885647054,0.8196338564064345,0.058236373372097604,2.5771237521521,0.582506597116563,1.8401055040943721,1.1594922851143463,2.260340901576422,0.28061127009804876,2.5057824744013715,3.0633059463633137,1.81070973710524,1.02979269143931,0.14017822687314793,0.8488353298213868,1.0597756900836293,0.52189538824485,1.7626282140268705,0.4175420274989665,2.4442716630805643,46
1.1122465446893,0.32299662042110644,0.7302848572005008,1.7577460342663491,0.24010921984019906,3.0121346021757485,0.012536800100749342,0.7467379599553551,2.993664343502991,0.3171463679170283,1.597567376505984,0.32777192624960266,0.8422590682841304,0.060372532276927196,0.9680542439432288,0.6371980496463749,0.3218980385239621,1.209580734459503,0.4906719850627038,0.5699409593259057,0.08438122081199811,0.5929648739404727,1.7773297486163961,4.921115261008455,1.3190452653064852,1.340263878834614,2.0688007594623725,0.23577951047479137,0.41962518038318214,1.3391718931782601,0.40241577385484245,0.06958440154974782,0.01957629791894229,0.0265006439973147,0.6476784039607879,0.802306824930391,3.6095372506401993,0.7674031205387831,0.8433363047879362,0.8859616358288758,0.8314051051907416,2.4306408733554883,0.6637689228182945,2.4414021885970794,0.32537564635228644,3.0294773945805056,0.2130224261834232,1.8966725568555507,1.311315620053259,0.025796770989283624,1.649892131710754,47
2.602176142849286,0.7772591531255552,0.6555569198632871,0.718145420993929,1.9358116149578866,0.3743111012114259,0.2664027998102923,0.03355345159837745,0.7055937491961046,0.33529058561150865,1.7340884458075672,0.8163910063563092,0.22881549826808076,0.06832982965634808,0.8334620223900273,0.3711963032161396,0.35658344686400373,0.49136635933064976,0.7560839684664007,0.5857361180757146,0.6676477226386123,0.0914205506331021,0.24040779840259083,0.16045407632899347,0.10500588445434655,0.757401042254363,2.4278031685843584,0.4568565248411949,0.1320170155070428,0.4431405386752326,0.12435470131227742,0.044099589335928904,0.742471125545403,1.8110272704646146,0.609689933840835,0.964163531499765,3.287855808428971,0.011192841476486798,0.25462738715206107,0.2818069827225846,0.20606257892018875,0.185507072941642,1.9983192679646213,0.4874710715009111,3.356481085512673,0.03870139790625736,2.4516769366133513,0.549979814803051,0.0378218300139198,1.4770461937646358,0.9306006889647717,48
0.3949497489466632,2.1712399273308125,1.0138405723376887,1.0534612886817434,0.07742270600627409,0.08496512452389336,0.570107139887212,0.09498998246427333,0.06173250386219991,1.8284093038553997,0.20270148645726582,1.7507154392311013,0.26629832395479175,0.3170979667209573,0.05464253098631778,0.9245960545740296,0.1351256475563595,6.552833094188702,0.3690422654923617,0.2212575856012783,0.14508351234347774,1.7446730479412347,0.4078948479758362,0.5007214157251744,2.9870706023850655,0.6651255651876661,0.4213144292587218,1.8389862461513113,0.8924392974279118,0.16954921291787747,2.405909725394806,2.511704610630188,1.9150816226063507,0.7761353007835777,1.6037869889937935,0.27566262371529665,0.05954096190290956,0.11516179349719163,0.14441290881235205,0.7324579952710447,0.6736978858502699,0.7146996940156766,2.1860579495484433,1.644645757545587,0.1313772024858014,0.13175466046297007,0.3793293811978522,2.891642621427593,0.2916677870402398,0.9093096741391903,1.2762841773599742,49
0.5076531425668442,0.7661949172946884,0.039601885140872456,0.9430546193125801,1.5195674335770177,1.4951718410392405,2.990784226698807,3.2275626503129815,1.7916902238327888,1.5466483065436163,1.5929219668400763,0.8232575073274953,0.20075672851289575,1.12406110889224,0.059774064456647756,2.345431309435739,0.33691554130280965,0.4181867284353312,0.567290715223623,1.9330884433648665,1.4722467742318166,1.8226577086521771,0.2770268900306085,3.349093601782758,0.1379439681152731,0.6106194745614936,1.1718596451843086,0.010709096349005676,0.16408609545014186,0.794557489098661,0.3138636898105182,5.523503700970466,0.6921230526449059,2.0848925169772445,1.6755558399426602,0.037091344151645396,0.4601413770147265,1.469431813801024,0.9425434207872838,0.3235910834919022,1.2670053232111538,1.2152025503098676,1.3663318803490636,1.3285091820010524,0.9421575457809664,0.5662024284202644,0.6299322585035012,0.8216759312368728,0.8888472919322415,2.696728642063533,2.584983424662955,50
0.5170159796772039,0.1992677943578375,0.3334451096980998,2.429173517454688,0.7858117986805374,0.06330594373570048,0.6075976408026327,0.37106217707614203,0.7094448598744246,0.33614399518486077,0.22604406899316945,0.5747074672197374,1.8583762530542245,0.6224125338067382,0.07052306058899567,2.5098239317813222,0.4850210249911692,0.15539335986944572,0.6137564773702114,0.159829822280458,0.05255723081745791,1.4679078561949144,1.1123927688752009,0.0017769303324157674,0.48800452273083056,0.21756758330529866,0.22343088166499306,0.28039950212675774,0.5494155296229098,0.2719320983958064,0.303352298025535,1.606040264471605,1.1667459997641094,2.6718163925151743,0.7809255400489945,0.07011982279148639,1.4628375510688845,0.13351043824023945,0.653163153347845,0.107060487858716,0.24763190011219305,0.22893219134854456,0.3301836890321146,1.404542903619666,4.160355290298611,0.823102560376118,0.1851096365872034,0.21395215100405182,0.1939512385241965,1.658464514838562,0.7337770784913437,51
0.335742678950458,2.919208879643332,0.44130254786434153,0.5051241044832215,0.7283407691291464,1.894716657868951,1.480364254156329,0.5403452255825617,1.060659369022161,0.4399684164017512,2.1533971346052985,1.3884364831114353,1.4668334609548441,0.7050216048704898,0.15561380499196664,0.6372070558096113,0.26368568653009683,4.4345330073841485,0.2569549842500566,0.572522526480602,0.7125654896801435,0.6364308846011784,0.15654755863691433,0.5292325490212665,0.032043052118018306,0.7713553256890716,0.7873194558268316,1.9003537067871603,0.01835609090510171,0.05589165399620583,0.15345464265450517,0.4061572374977088,0.8105164024797158,0.9154848964099994,0.41431621525438206,0.01782732898829838,0.5675253952240462,0.12857445230235628,0.7010754166887952,1.1271938610470866,0.19899942593804862,0.9581134518554494,1.2417542146638711,0.7586476237166747,0.12015824027779916,1.028966454903723,0.19796546284278138,1.2899036502925558,0.9510216408415508,0.05789540698363753,0.294557223435738,52
0.14805231246028308,1.1160100610456918,0.9079510195459057,1.5669464082844744,1.0311295409416485,0.4719674023962132,2.7500630291862214,0.6719298193359274,0.3361164498658358,0.4669141631751011,1.295203194097742,1.5954505140091892,0.49603892476495387,0.45627373562391577,0.12631953552053046,1.0380262723760423,0.34590233399812453,5.549632940741097,0.8863338231007811,0.4960540744085143,0.2479103959290084,1.8748933954857467,0.5695017597858164,0.7506194729798351,2.255162722358444,0.028436121159284372,0.4506155327977946,0.5471387144641763,1.1556036268261254,0.06999492647826991,0.3168351460106092,0.3588268528377135,2.7811464364566807,2.510294636557395,0.717720980304304,0.20635869938263499,2.232281726452409,0.05623903266605658,1.4083525123843597,0.2663097849221707,0.6161675992326572,1.5130266768295078,0.32371031046494236,1.2355529427416467,0.11308802054695016,0.6951428214619477,0.4955396429714213,0.8588743912768757,0.8517924740913294,0.3563833896045472,0.24728391476309985,53
0.8306114452939443,2.054250570456205,0.27922700170476306,1.0461314478937331,0.27652015676153713,1.8249183838095804,0.09410549278171851,2.9443843875712936,0.7241422322901548,0.21810338927802442,0.24957709008848458,0.924268951535593,0.3017770573940718,0.7710856134295037,1.3150398555981417,0.5738241180896454,0.14467919037192906,1.0608243678390379,0.008535145691524594,0.7224362242243972,2.37482484077201,3.8503458517852,2.947047391221388,0.3877798482096983,0.7124132419824185,0.282088787216756,0.17157107172186586,0.1603529100125606,0.7817281652836748,0.3377062824900962,0.1311814637284146,0.49418576904671774,6.672910164414021,0.29251574719629697,3.0738665815789843,3.3682862982527975,0.1820920985372369,0.2580127141482148,1.0631677656814844,0.19257709172039275,1.2951052506731724,0.45131747984903564,0.3974906009346637,0.45987658238205753,0.6889368630030018,1.3977617846971766,2.1456562228637566,0.33488235984138653,0.1452513799097834,0.67626413698019,1.0757371861230096,54
0.053702077984285806,2.24853873682096,0.7018612884114407,2.6020661176165363,0.41543540109184834,0.47198248254082603,2.6557848939501416,0.43220892654546184,1.7136341343481538,1.9881312843900851,0.3000528578775057,0.024184840390139063,0.2368238396479389,0.49198083046276325,0.6160649731157543,1.3041256036650206,0.5590494491367112,4.8836184019802,0.0550579897934365,1.6997766138414185,1.7064447449334152,1.3853971484902974,0.25811693257524165,1.1209992664672768,1.3092608515095587,0.25107125008501147,1.6616840749246695,0.08403863180872663,0.003039686262906744,1.3219118116760582,0.1900375800212121,0.6558409552988553,0.04690915147221193,0.5807331850514879,0.07706341786536466,1.604550143228107,0.7343340140576772,0.49286256748832613,1.8947005234505951,0.7616149352225543,2.446370108189226,0.519611968171236,1.274896150193194,2.0278373600218464,0.29845326873411804,2.469394440779154,0.7590625296335729,1.705764577353246,1.261661330623732,0.03238132386796223,0.49593171898865945,55
0.7854553121162781,0.08267178095753154,0.043876425437396914,3.151261350241679,0.10486279973823401,1.6991052298948999,1.5574546376123986,0.11842033492719332,0.5361501442183266,1.1123571090484645,5.013676426610353,0.3688538274051382,0.959696364937079,1.2657540510797218,1.0822320511160235,0.07851474977339297,1.6975208317040587,1.0430094764382352,1.4328450073928547,1.2905621344507106,1.8642856335095628,0.2124887135708834,0.15433274860337096,0.3601142112182641,0.3671359713526319,0.17135876011661746,0.571474706314507,0.5717100102842668,3.440302051587637,0.30875756267560917,0.3094575432428823,0.03787541024894755,1.8060039892473971,0.4562271668963182,1.311495737299295,0.23670662037951645,0.6342652398709765,0.3774039505985801,0.6577181141973133,0.7175007083543146,1.8554698170667112,0.3976909372773923,2.410347184202424,1.8917625697244917,1.1910506566043502,0.3989800153160732,0.7483214744579464,2.0001239147353975,3.1879689456707974,0.33309004920419916,1.2704843565153103,56
0.09653019277722445,0.27126725026625587,0.8416747434427081,0.9034845808306441,2.694948918864142,0.20943436720073602,1.6320231566101904,0.644520521652322,0.8913145321663686,1.1836698170659106,0.06501004358971835,0.13130884863340972,0.30497599130229996,3.301646484871688,1.9853436279925738,1.0696213765053173,0.1413587894173836,0.9460573227520563,0.540412996278593,2.222712611442824,3.856960696567999,0.7545984873601326,0.4177120484659568,0.38837916661397265,0.48358906061278345,1.9224747997065996,0.7305176167286358,0.5285317699454847,0.4106708214060492,0.6572942512661519,0.6013666788140097,1.613257964240993,0.5969827699474253,2.931759587661587,0.05029694203474001,3.921763601852223,1.5460251524155793,0.08566790689023558,2.5466703531101667,1.116089074222417,0.35043739112296735,2.3973617958683997,1.1247464137858112,0.458291748544697,2.704159733925408,0.5700128966025036,0.5024777039132801,0.08592211948501403,0.15605855196404847,1.252622125389378,0.18609168605021215,57
0.1906037678841895,2.0114748420065864,1.0106379279160742,0.9962681216320026,0.3493859724642867,0.567934857393953,1.648285141753879,3.7257510480753626,0.0909901051596923,0.11161401639336886,0.2361006519508789,0.8467598965936916,0.9787143092810919,0.7090065985994637,1.4725157596982625,0.4721496808174622,0.6043184970508615,1.2963602984318552,1.1116520108333057,0.3760458695076422,0.21085805127174082,1.717057705002606,0.1486474797945389,2.6714797037424236,0.19350554565608016,0.6046093722575857,0.4067964132034569,0.3104248746680097,0.7340702422052361,0.3087550902347774,1.334330240386635,0.2222356678571817,0.7634267209586956,3.1552420264834775,0.9764828036884411,0.563609121734318,2.3050134213655813,2.077817520055722,0.44193918462693615,2.6959453183927278,0.6800202508557176,1.5778108054456332,0.0955837244620668,2.3526857330315933,0.6715610254041262,0.45054955882517217,4.6150245933500065,3.474817685611976,0.36898758890395555,2.4567147778404808,0.9885160065549925,58
0.8270969699428341,0.7510402616969133,0.32849748580226124,0.5776810272535006,0.5196195431860693,2.464322501789586,0.6899031362826307,1.8624012429007895,0.7042598947546311,3.1115547304683573,2.5621546310356167,1.0321325050946468,1.3956041283628373,0.4053092753493353,0.22256002359211263,0.640160419444451,0.25371239698617226,1.1887686777283961,0.17785830418729817,2.761738862128636,0.9552624690492284,0.6944637988036425,0.24538330109798454,0.17929701653745164,0.5242357834132413,0.13100720005193164,0.9264715863242459,0.9299935967517309,0.40731451256403783,0.15175410546994983,0.17165562629261166,1.2969427802119957,0.29007568301315706,0.46746818868094586,0.29052990923648175,0.4442007360735284,5.113448052329421,1.3636688823304848,0.030095486672416218,1.2800126938565717,1.1934072275000704,2.5404486050725725,0.8071691408631275,0.15406008977543434,0.036326935631963916,1.5461768855722602,1.1117239271729602,1.0292940739589664,1.7590953031915846,3.2748891546512064,0.2984536060650934,59
0.1430254553096446,0.38079722271452776,0.3809737485318722,0.12715574225635867,0.43043374779686483,0.13211005833003903,0.21648144044513096,0.7126497127196906,0.3311352594285923,1.5239412031851551,0.3850801307903975,0.24408072467646894,0.3441015441343953,2.501233030893025,2.9707540085832296,0.9771647184290949,0.32020317859136804,0.6104521609513278,1.0826538561260444,1.56923624100927,1.2814103006173367,1.7307629625132048,0.23474560291841176,1.036842640099613,1.0008984544031594,0.22530562042616495,0.09374199403635529,0.23683957693908528,0.03126851486834743,1.9142150328723466,0.32738330065605636,1.6829889059409158,0.07819499188695903,0.3629303263019617,0.6423675844010612,1.1755193109536286,1.3599573875268283,1.4030592532811104,0.17050810314299217,0.8555482187659093,0.4547150034660962,0.21383310200708328,0.5492482082877043,0.3767878766992733,1.2255075848646155,0.9989978278747832,0.08066406961678789,0.16290221161104143,0.9104390254486191,0.2677523233242562,0.04814157371840185,60
1.193108591964935,0.44624578048568864,0.667741059929183,1.016625073734737,3.1865887735035887,3.9682213967917432,0.07733370467605281,0.08332874025780053,1.8415237780409652,0.8213196533101306,0.5233116929950078,4.62359585396134,1.0486814532231534,0.5879015601983881,0.38137292801239525,1.031865101118254,0.9840127551888375,1.4797551624413945,0.47320927476327906,1.8330526721814384,1.0704953176766727,0.7220851105978859,0.02245012938862187,0.3331029798616368,0.936890864679426,1.0681624633085347,0.36447791827841886,2.279798438079542,1.8349065793466297,1.6768417086032412,0.7664818937756638,0.3210257857126274,3.4365797239167515,1.590791412949765,0.44385088043052173,1.0783043902295986,0.6120199501058697,0.13102367438023524,1.0925681880824065,0.17518422871587447,0.8632757760547218,0.8737150491728214,0.005473813707149229,0.02196237354489407,0.38757757407129534,1.2788922693730922,0.611901399597277,2.398601803676368,0.3795749595307621,0.2546862796225985,1.5051918535121305,61
0.0758172571206559,0.037726240714910146,0.79216608723158,2.1112291403183785,0.6323289399219821,0.8993498387839758,1.4804246781824295,0.2946536176367406,0.25045659919034285,1.1033220744681862,0.6449518234936064,0.2617704247915051,0.2880209740927758,2.5254944890360753,0.5084934842505556,0.2827824204026712,0.17218937375883486,0.031872810887310914,1.0558847276767993,0.28865389669907077,0.9918741331204696,1.4708453815599674,0.8593908847513447,0.908581432210924,0.8835140945181957,0.1949966681166502,0.06906128721914938,0.6899657384030415,1.086806524027477,0.6287764127279457,0.8659906662326208,4.258478336201572,2.496094927855968,0.2344577907506848,0.9083431943741712,0.23282135245137794,0.02406518511925725,1.1020277767781825,0.02973224640952924,0.5663381631278964,0.06575224066730077,1.127960121104968,0.030765481930393003,1.3550568813506694,0.7006673165590215,0.19055085240980846,0.7369882805908428,0.6972114252281308,0.4374665863161317,0.937522330092042,1.1399237756869192,62
0.07983600034037003,0.11348550751789042,1.2298761975647892,0.8628384108939533,5.635103135369259,0.4140199467829763,0.22212771656062688,7.719727684428759,1.7692949352839429,0.05289812723344002,0.9471071982932014,0.5221647991899402,0.25868281584563024,1.6054868292210804,0.46365989895099996,0.3422927105306748,0.09496223991348239,1.403908847016124,0.3687380645820222,0.030624572540741756,0.28012761795957697,0.416194754318317,1.1876592222670277,0.514152509903677,0.9694483449878224,0.534238638301808,0.5633464350110211,0.10184510522269252,0.045911975117247296,0.518368010642951,0.4814865625927625,0.17956560193631832,0.48860083438002266,0.8056886827987182,0.9099488614277196,1.6690970680353097,1.1345840038372812,0.6716018173284335,0.6149518962316387,1.6257865407330956,1.3571666585334563,0.05745852675645733,0.4001128912643206,2.2621552945548453,1.1536263323664393,0.19088858593179217,0.6941548034786476,2.435239078143119,0.6744679853173293,2.204112877169193,0.49125227882525263,63
0.8208300487206504,0.2536929041364505,1.16053107260523,0.7028381780383545,0.5743843878443233,0.496692542837538,1.1098359814921017,0.2639122073300301,2.883447091366124,3.51870066856624,0.0008629193248135405,1.5984284286885238,0.1744062175376986,1.2839352095250876,0.42950516034209507,0.4296716846366747,5.69774170362256,0.007688843400248573,0.11520708068061351,7.475650668624748,0.5643668209381534,1.7656373903269544,0.5380703098330625,0.36915528128812475,1.61282196641946,2.1423152482392345,0.6713321707272661,1.7599215704839384,2.7583114325892955,0.3939861675749656,1.281429943100646,0.28789915182823644,1.9879305494970574,0.07026715110826635,0.3013171493452766,1.6502686292143651,0.23693247086274116,0.3961168885162083,1.119235695270852,0.794160957607695,0.0030456818755243407,0.6139670913817841,0.39068765608763883,2.2912614915716563,1.1039373482068482,0.15182542238648872,1.9923318120055817,0.37173168544102075,1.353632589991163,0.8059533267412035,1.0072808580147188,64
1.1629591165890758,1.5481368356959255,0.06879184072622424,1.226789593593833,0.3317005072777532,0.04652489145631061,0.1656173521118712,1.1948870151692677,0.16255016475203465,0.9436431941190323,0.42563302910637646,1.6273885329112978,1.0010300201414715,1.0420242904277988,0.303201050355473,0.10091424612444713,2.053656587501826,0.2260894162598885,1.1910589807611822,1.053689034609188,0.43027123394589034,1.1207508037079754,0.14823406656757077,0.8805315444466245,0.27573452944396737,1.122921278312479,1.3742820470568498,0.6704365121162706,0.45295142086495876,0.07045785301262973,1.2187222937421085,2.4633305865035187,5.318407240421303,4.608688434194903,0.9331540508652874,3.422236570865068,0.5599984516799593,1.8358069737119849,0.20045347159239557,0.731616349315666,0.3615325477588893,1.0850582134104538,0.041460021432731115,0.20718294391366068,2.5652338160196027,1.383651984122183,0.18204439823644872,0.08393543446101497,0.5333769744952745,0.6684864061319874,0.032881969902293355,65
1.2906793651892283,0.30674483981104606,0.6460907794602823,3.3380930756147142,0.5581976851169479,0.20734534950934022,2.3827607073631625,0.22685072805415743,0.6952970330417713,0.5047212175157987,1.037667419768799,0.8315261876280853,0.19480808592839655,0.0554909491079699,0.19642759181375608,0.21737987401046746,1.360732164028468,0.25921068549374393,0.11384163518784825,2.1683700002997583,0.3936910147717146,0.1256397669196232,4.168698708303786,0.15827383033540837,0.11226004206720525,2.2017856428632725,2.584492406519768,0.47631766374221646,1.1824175015589298,0.3366295743064999,0.8665314318366784,1.5473083026624417,1.6257761208413672,0.05662758652630224,0.17285940477082706,0.5030014030005768,0.2717353007449524,0.3385896025430933,2.6100845140486855,2.059596866342073,0.5141114167968925,0.7551767829985679,1.095582969786344,1.8706959267622802,1.1022047021738757,0.4906260361418371,0.13062644221628247,0.3066419876213202,2.584923553258299,0.0257081161690321,0.37603403268466773,66
1.2660092917450372,0.5106582913992674,0.5073642745771316,0.15815754830202297,0.003798793675507549,0.8594026154685283,1.0284583538553622,0.13486102116699916,2.223661718466446,1.9358298251309536,0.4413730273450409,0.6087390516038432,0.19862358963135338,0.035096743636322106,1.0765500669375345,0.26638367789209616,0.47636143101870987,1.7306426264016959,1.688782921174246,0.01939050933948382,0.5703879779573862,0.7022720525415924,0.9502388993629262,0.29465103899019307,0.18117282256669726,2.7379560607017677,0.12992263056715714,0.7980341629387666,0.4944338544094359,1.1727748347729676,0.5823048190169466,0.5070304692347407,0.09714711709466073,0.4909403937606396,0.049936402930858985,0.46476691415631644,0.4086946050479213,0.042835640908045036,2.8791031818265425,0.5323803677644413,0.550885490267247,2.5860870414622985,0.9716637945658856,1.0383228937095559,0.1669712374874692,4.436084279954279,0.06006185136052646,0.058868192366599695,0.4126018144240823,1.0062849561524505,0.6794088445940127,67
1.023584269548167,0.08328638410600311,2.0260522753389023,2.0593868769104944,0.8475753281880938,1.1014956726872802,0.9242282288072361,0.4993067133275646,0.20090243252148696,0.7468571527805404,0.2561128350176688,0.1749392685520272,0.03386965344358143,1.451508950680579,0.25809242964921675,1.9435506819652681,0.03400202414264678,1.1768783328550418,2.2661389263316716,0.29758201668325956,0.055744567425477114,1.170817022412184,0.5732714666226975,0.32804398009651964,1.620889873402217,2.9314925204254236,0.4040916269307447,0.2397314490964183,0.9154426929019016,0.550955482735524,0.8134181899531086,0.24110864879906085,0.9499639264163569,1.888081999946009,1.5115771424653657,0.19028775553721522,0.1247271121684546,0.8183609444905801,0.2524630423983173,1.1084456597994081,2.28993333455168,0.13410109859690497,0.037356026255704604,0.4794737636595717,0.3016185729490077,0.9274430630155559,0.6747258084303743,0.7899793420639816,1.5575619485862044,0.11902190572169412,0.6839902732943054,68
0.1262351062550819,1.058907625204026,0.31639524259085117,0.4810540229249833,0.9463297180226926,0.1422147149164095,0.5173542741158076,0.19514234690544527,0.6089730740803542,0.4055081627420398,0.5288414751769177,2.315393292182537,1.9319536135170308,1.767782093413413,0.4070127111651452,1.8176856089663675,2.3273896563652254,0.6431263300606168,2.11310347576859,0.6342012714249372,0.4781702297654891,5.97925139186831,4.857308164756441,0.013676363633343755,1.3682598165176727,0.4956688938503552,1.0841065295256045,0.3069614139516689,1.256927187910773,2.161290307750028,1.2883519438212006,3.8133486036206974,0.9666649711896933,1.7574494414531547,0.08628203636110529,0.20509947192632594,0.30392011207848224,1.6267275511481702,0.09526057873299087,1.0107657129694114,0.7421544686800248,1.4792431507623605,0.5249892502466189,0.7704255479901665,0.5114290870704921,0.4584781926269782,0.3297575296316345,0.20842471090405346,0.1964588114930411,1.5327874521603224,0.18820539815858364,69
0.7781986943366322,0.10279917463013892,0.23725366305618886,3.4490718102810507,6.556895679938766,1.8798458493889958,1.662770777140739,0.4692502730803141,0.7041918634713886,2.319047311987863,0.9881177678679083,2.4441109490846897,0.43309862989915304,0.6866073258354074,0.03981386412024139,0.008304511472487302,0.7537905934750987,2.417147412319551,0.8343926065953113,0.0971617712400335,1.7927383710383022,3.187109074661171,0.6406576107622919,0.5621842755225193,1.2498447144196403,0.5365194537791965,1.5510285510639228,0.8417020161459283,0.5121138567634017,0.3363483554109323,0.0268542485087512,1.8475998138115264,0.9049047114433569,0.2015130541734768,1.9746087502343077,0.01554663409222918,2.5932696315668236,0.961695307355677,0.6918111426079797,1.908352637685431,0.5891847860422744,0.8235701775724049,0.5626372373470593,2.0798889281917976,0.2727068155372945,0.09622325383295673,0.3094117722952132,0.7578023556830285,0.39450638958375006,0.22271632502337868,0.35726763420325675,70
1.0207805283627371,0.4541963592763891,0.8646907148623504,0.21879990387354167,1.119532171241342,0.38831090670003593,1.7830472194349354,5.93636654692703,0.633663588960577,0.1927615769697516,1.3219836199250523,0.3196560177633833,0.11753036687499155,0.31009301401255013,0.05595949862218354,1.2064516361074364,0.31997382165125426,1.986194569385201,0.8213515661778518,2.444587578430726,0.6078265203868953,0.1435663711965857,0.3324593214465827,1.1888582947519255,3.274109679733082,0.13865800954951724,1.2387847993698822,0.06875129730035609,1.9857098232070793,0.8023255022837802,5.496430299773772,1.0014814723838443,0.7276307476140418,2.2825722140698814,1.6597662620624025,0.4410480810292726,1.1131989241673053,1.15714264668722,0.2150833328446788,0.8090253130487167,0.21200398543573312,1.143499560476782,0.30262113062960583,0.6735586808921992,0.21983120379760923,1.1841015023711332,1.3665813584593747,0.10120629383480173,0.2532667336897371,1.9423934680102917,1.8573647125115453,71
4.184913913793851,0.9241520266722986,0.07068840702434416,1.696789807726388,0.3086944739749001,1.6531987572927054,0.8204360937072059,1.747868904802987,3.410493106683253,1.7432955175735194,0.13717518419011732,0.023134621951792673,0.2640527870360007,0.4437001511618062,0.8522181117554882,0.003396534160059774,1.2221923008124067,1.0972735918354934,1.3816511579818425,0.5417000144030749,0.05866264621731519,1.191858754263138,1.751588922029288,0.05904268016656284,1.847922392700065,0.06310779920545559,2.248356192862482,0.8284907613003044,2.281054766999866,1.6175628524940513,1.8760644969482934,0.11160793934120053,3.632079519720746,0.4514170986842964,1.2432302227304322,0.0013576750576562826,0.27749658297477964,0.10254908965293064,2.70463182772826,1.736255377979205,0.07720325511929232,0.2383132112040458,0.2791928997555519,0.8015486419363282,0.07935701979794975,4.11968277309348,0.7141180258409359,1.6602865948711998,0.5045762720719417,0.13597478335112753,0.6452934785896431,72
2.4506691713095203,0.43797997542726597,0.3505520872040121,2.11123516245914,2.243341038652226,0.1799031318088375,0.20491585240805413,0.01038507812642089,0.04671810225572489,0.1375295721981099,0.8237671645961285,0.1403967160382837,0.8717277927870314,2.004432099736165,0.771690914932129,1.4436186432465004,0.1206222270713249,1.744225472006054,2.159440309203773,0.8872796679237099,1.0620259302606254,0.585074655473814,0.14379228739693836,0.28837592002613055,1.9093470590126715,0.020463501278861634,0.19144977159654084,0.5186973672757298,1.0272304298731088,0.16356164175878368,1.443418006178346,0.02336835520907901,2.5377343244696493,1.1973709066507479,2.5880329915487654,4.056100307669338,2.8636419647837914,0.36991970879149366,0.5719584705978674,0.31519129234179794,0.9377865207012067,1.1780582102114845,2.046052463441589,0.7442163591013455,0.4468338804567214,0.7261169730918909,0.6996291806609046,0.2649727970746573,0.8529997164767049,0.23430438520259173,3.7454440984933357,73
2.182704503188365,0.7176750281216736,0.4862085129117031,0.06562726709130307,0.005962979640463493,0.3215312870230431,1.041943115607683,1.7182535916424664,0.95438710317753,1.871454095331566,1.8723738199850473,0.4416667118012908,0.6640048308003906,1.2632136781762684,1.6068088759307189,0.42159202371069415,0.17367642979139547,0.014856123033628498,0.15980331904767175,0.6056520403409698,0.19340387491909433,2.089213832934931,1.1901978762983962,0.15658060801669524,0.19172766204368138,2.230605230650435,2.2168309571306817,0.24178786553358153,0.3240015349337621,0.4346805201773165,0.5809496622102447,1.074400028308707,0.14665021594931113,0.3307399772578686,0.08086197462054785,0.3527069084170755,0.9222535674156699,0.03536773883656182,0.04820547662267234,0.21338098929036198,0.9309445016377548,0.024455113992739447,3.6514984417370973,0.755314410397794,0.07729971366123563,0.531794251836221,1.416778834955581,0.17776949901434813,1.3009196932420466,0.458023637231731,0.40519488473033066,74
0.03139706374500467,0.05789558306353229,0.497710945923987,0.8871057905771159,0.9208678922015098,0.07561117569836338,3.4464778085514642,0.18985798231591516,0.46312905761871553,1.3376634100006135,1.8499714349842478,1.60218724932123,0.27385488433430294,0.5917216024868166,0.5003490204829383,1.0928081509885414,0.07677326113698123,1.600957174519314,0.6204718236999074,2.5509213461752056,0.21899879141171086,0.18316635394687925,0.15238171723854502,3.5185378080761347,4.334256595719252,1.7078210997446484,0.2766652443518901,0.6671725571195019,0.010330548545331313,0.27031133037037436,0.4399215416625261,0.6312624845054928,2.5883722016994732,0.30733262908396286,0.26240110109477355,1.2517234356742106,0.07688853557118666,0.16604123187276937,0.8929813790011549,3.595575367575499,0.15659984921523737,3.019260076848184,2.493958696443339,1.084070026642974,0.019438939460932923,0.2754779692473111,0.9950301327970295,0.2243324711894415,0.9627541555504032,1.1706140842141495,0.8391672436051816,75
1.773894491458319,1.123815715543911,2.1049708639711024,2.3690247538768774,0.06160893464934216,0.6804781106023305,0.8897654526653793,2.5450023182906616,0.554347430595746,0.11687089022288867,2.85670666910374,0.2955027517201705,1.3880624113256248,1.6598363649180699,0.3456760650713656,0.15580624072180566,1.0764654809666723,0.9667477259749798,3.657829664016495,0.822014811862342,0.6115110460249745,0.6426766301605412,1.1199925996303162,1.8632973708213754,0.12997137222264787,0.36440809728462187,0.03541858428995446,0.4924155478532801,1.8868550132625068,0.14159262217924215,3.9168583285387486,0.24467043400862762,2.1506967892802002,0.03528881679973909,0.6447305740937818,0.7277316842424955,0.9538252213302854,0.3473007737488426,0.1749442727738779,0.49237684416292005,0.07119883560893557,0.9369557096191183,0.7354322542611232,1.7581117109222522,1.7757284947915821,1.8908786168441951,2.16715374925937,0.14321401663287078,0.6430810430958273,0.19534619431461106,2.5188003025436765,76
1.13108115089782,0.5988570234676028,0.43337886362573,0.3268976052071576,3.301340722830876,0.17252904092783686,0.22490809470141962,0.8254892125623344,1.0232017103732267,0.12197416970315846,0.5186365326935612,1.9828836786826025,0.42262217026133647,0.6525000299030357,1.1225858169291694,1.2644230495324702,0.6522394513004207,1.0799486005770274,0.051634740012152465,0.0770482904710813,3.2711126152278553,0.591148939614971,2.0466214164885455,0.7101879507640262,0.42973724700677485,0.4313933840131963,0.42910690543789676,0.3518628298673797,1.6231095850023685,0.2918965136371049,0.038345450248794676,1.1547496958541075,2.0812846914128666,1.3814238172578606,2.816390575927003,0.29563587910377964,0.7018597692254295,1.162383089988822,0.7367839965753362,0.1903459944595263,0.05538918635107917,0.8373257926666507,1.3107504652960205,1.1409383249670484,0.7218550890772791,0.1273669083503639,0.3694599213681304,1.8579912202853854,0.645480473670901,0.9212392914215779,0.19967104330779675,77
0.5480205429639303,1.5767175232515536,1.8048570069059113,0.7398084260637469,1.145269770615039,1.087953417501104,3.530386060914725,1.476099110307275,1.1837015776162332,2.152808566188095,2.7613135282737282,0.5158786315930921,0.470208944271224,0.8093528456950608,0.6337520210030007,0.38796808613735545,2.994965687389322,0.14638263682381786,3.032282790738484,1.110749329210709,3.3263416350569135,1.5518682651245805,0.5194978475894171,1.432452415663269,1.1344287224473126,0.13683329735566896,0.8089436944616555,0.26212512288771256,0.9638249341969541,0.4537446901095724,0.3878827418715418,0.0982178343055468,1.3029108529372369,1.1464304703060642,0.7585192096747285,1.3444636685893052,2.1798657386014932,0.13385317799764782,1.7010501665107411,0.38766325124190887,0.8881224339826262,0.5412705865039797,1.9750368839402443,0.029645245568143137,0.7502016420392973,1.8574396346841966,0.80255317768555,1.8687605617539267,0.6554071752893961,0.76431606902223,0.2296952011029816,78
1.3685965950330015,0.7156571681507208,1.6468992841459429,0.6307308746355172,0.41129572425913,0.9197261558418028,1.1814066414995315,2.8216287956432895,0.9535253482669971,0.15645829803908792,2.1115759895393524,0.1151536717075841,0.16029689662602242,1.0502467336240522,0.027340955097491588,0.7462318018072154,0.9261801288340253,0.43083544833527604,0.11309559082834203,0.7382883352001243,0.21097185960899592,0.798407539194722,0.9904588924923201,1.4198148636602883,0.5161487218870348,1.6247349341083392,1.3537275070735535,0.5887797302360681,1.0745761146046278,0.6653300842452174,0.7743573823989054,0.44810761227157986,0.9942472863458685,0.314443150877685,0.09793198135785403,1.9510132015400519,1.401658935757277,0.057353199429533853,0.4141165465442224,2.2656902412388034,0.3227826061943752,0.19832917376851686,0.3889538082273841,2.4539784568155936,1.4941451576254046,0.6590615494031455,0.056100227071585435,0.11464971354277606,1.1627474368850883,2.575032144819802,0.4804708876715856,79
0.1721207087512043,3.2003557587597844,0.22725273156689024,0.3924623456550731,0.09436034591205053,3.290012124041949,0.938179352684203,0.88408034854543,0.751951313804835,1.3786933384270244,0.49570312555458906,2.2548846344802422,1.7301445173629,0.4718594881712645,0.19310447219090673,0.7123325841865233,0.2337474993981076,0.050645537944069875,0.17054456553575817,0.6703883998879694,0.43757227726102355,0.16435715071295037,0.031797028205692024,1.1601956805208224,0.7397138315978046,0.5766370846341181,0.027793562776756466,0.4574989803936095,0.3626118222650689,0.739318984957459,1.632353700270105,0.755077843878779,0.5643254409237389,1.0102364644095976,1.7761556899665814,0.8496888148989339,0.6053497530291102,0.22613537734856376,1.8276682766744596,0.11818816005347685,2.4195483117820733,0.4702574283336264,1.7548043088296217,1.783806104678245,0.747418671114846,0.22339353368998152,0.7920855808592792,0.7117885691447786,0.5941383064006378,0.6006272160147857,2.1809632309494944,80
0.3706162209283084,0.5524487061905706,1.584135381045413,0.31930750457926543,0.6911785592664673,0.9631576296021239,0.736122793679436,0.10813790784642098,1.0748246278930935,0.6024836280446977,0.29043774348857226,0.6459981089901136,0.26964511910819067,0.1609749828825468,0.629883790489529,1.0042472042795603,0.23679179340706677,0.3842793163834399,0.22405372775585788,1.6761662477278902,0.7438518189579548,0.15087631877429666,0.23003585051313113,0.4572892318079145,0.014623684879385156,0.6419356789366008,0.3133754447481978,0.2889619499886875,0.0004752823595616175,0.3363785639807128,0.14353730972563472,0.5826670609093625,3.347882742341848,0.10173553136516301,1.4179599017944506,0.71396394749178,1.0803281191791043,0.6832922882804171,1.3848518255157978,0.5125018300347183,0.5487196844304999,0.9214787662556693,0.5480880373781805,0.23754216107612508,0.18121830452811924,2.3323913217894354,1.3462748412610426,0.3769762489513705,0.6918740693868335,1.5096356338792383,1.0666580754321195,81
0.7011093635073883,0.20060965546149598,0.43369540741578544,1.862863706352803,1.300751808611162,0.1457094224693869,0.43037968302174767,0.14674561882303688,1.4318769091327972,0.5413894935229323,1.1442125440695565,1.1629022443781347,0.23169516013248972,0.5855588439409991,0.2174778760530326,1.3987867741605318,1.0188351794332648,0.37917990590355055,1.1613178180710484,0.37445928788259314,0.25658483769651863,0.5632186603304624,0.08971968605626758,0.45391051686957246,1.5440637692542083,0.8097709595673779,1.7298645402438686,0.07666625400060462,0.5240601363282914,0.23165490918726575,0.8268007601575998,0.3362871084344354,2.457553927263385,0.19672114471123556,1.4814938523742969,0.6889608817366645,0.40516298999155687,0.13525468387840156,1.6411482733987612,0.2104540153733436,1.5318416262449053,1.5040847717574695,1.6476216805317903,0.8493392956309044,0.7157589007893942,3.130734137405749,1.0367806703464801,0.012451645624659434,0.33345717335636066,0.05598656032248878,0.16476986050631195,82
0.42575791788647227,0.8844563192423931,0.059734220992124734,1.6934199581680536,2.7879741979799304,0.3100148166410311,3.883967568238772,1.7866203870065769,2.12144955161222,0.8341068964642326,3.992648045154336,0.3044020999538782,2.229414744379848,0.41249527170249506,0.24331740400224408,0.03465384302306391,0.7120674717434171,0.04144029260161346,0.7946569257397905,0.3594688816268578,0.37409971779176415,0.02386737764635008,0.35673461250016597,0.2081421179761719,1.1645858925390415,0.558771192414815,1.2348480177170293,1.2166206932712373,1.132148774342422,0.006095002166967651,0.36124425627579637,1.8008203391190964,0.9635092690598193,0.8510882489918741,0.06557145357528532,0.2929311412944117,1.7563926465026092,1.2460739537101546,0.3813932937281755,2.2327098491623043,0.09340877657052253,3.2966702566925585,0.4361315196063659,0.5963294057758419,0.36427770962412936,1.2559015436865362,0.8526992027862234,2.044124634537729,0.6650194582395691,0.7746032576962999,1.0658907254541004,83
1.3739730033462052,0.9330396863697222,0.05327668024300876,0.10479462314228183,0.7132523067041083,0.8715239624737119,0.049434304583804003,1.7399590412825976,1.8782563136481523,3.672920250267458,0.2721501188814804,1.500495174483644,1.7759137581584248,0.8481093111651712,0.1227237333931241,0.8632136101839906,1.9039981102048165,0.2793062881512137,0.6029231934679607,2.2461455867775206,1.1746903960100772,0.37128803901984686,0.373372510955686,1.3822727208362864,0.752329163183367,1.8980269700730963,0.6048197381777664,0.9228099786187892,2.8558256095018164,0.7181924740915108,0.5322253165323131,0.019323255864046065,1.5430240904819899,0.18103072008600496,2.744764435695233,1.0084324989560844,0.018616824611922784,0.02868122399002937,1.710826322817473,0.28746498077740124,2.2621275087200603,0.134088298151431,3.38619781674871,0.7128255805622942,1.3845157945773554,0.2745702613664979,1.2912187781880973,1.430652101512107,3.494591235832713,0.2875647069805375,0.6432509667818328,84
0.018736273501759645,1.324365446025866,0.15816967482257796,1.8349035779208178,0.06577379691600475,1.5071122064417704,1.4547774213990308,0.49582330321660395,4.386114820142513,3.619071627179403,2.5581547811553036,0.6223831747227131,0.054427058227964696,0.8563818646864454,0.046841555336961375,0.03766953946801116,0.5844695302338274,1.0511111632326728,8.004176447430508,0.6196590999984278,3.2941458038348506,2.1591725518068006,1.272160504227524,0.6973878875008748,0.9737397010706565,0.24336261589521838,1.8821845419719276,0.21134568067243156,1.618866123358141,3.163095947815779,2.0029044672519194,0.03823368557190715,0.8169139076730418,3.201319242836566,0.2367988359722258,1.5486534468126525,0.5323406100543131,1.297901983066216,0.8007416343723609,0.44930635050536416,2.294624348521373,0.009339319879155138,0.3251357001050983,0.19760014149036764,0.7695928622755454,0.8760514468029411,0.08956943119776098,0.06108917722808181,0.8459755541883647,0.14448246902923934,0.20316300036537352,85
1.6255554700367527,1.0516609607205996,3.573204012780016,0.7064523851353868,0.423722894598441,0.4581316357440198,1.8615868929141937,0.32848838724694446,0.5618726244101242,1.0253580205354795,0.8988805764742094,0.07953942452345673,0.5488601992201498,1.6262776858103605,1.2837938113710483,0.15291067679741702,0.298706382314419,1.1550900910741153,0.13046942375740142,0.03700731799662943,1.8267351767302613,1.041881672480533,0.3788986748752723,0.7840139445339991,2.2512074601108747,0.012053407168259013,0.976239220561797,0.5856750726300534,0.3427594543201814,0.5591309469382163,0.2886300148540896,0.5489535820401666,0.6068432018109453,0.810774268559701,0.23398135204551965,0.3954067963116881,1.2367277712733895,0.8991156869735574,0.26528660623984535,1.4043869433573226,0.05636227989467619,0.11284109167575672,0.02274497885952018,0.43849854129008764,1.9508165370165043,0.07164731532974777,1.046268733609255,0.538829603371904,0.048100002393564045,0.14486116667747684,2.1188767913952735,86
2.1255345133835233,0.9654841447416517,1.0280973436255854,2.932432777670226,0.13950638768282655,0.444467016887241,0.5585374846542667,0.3332607720379465,0.5395218065838807,0.06452639118724228,1.5948907383402975,0.6636406155094089,1.7735278959252898,1.1710344325166835,2.0667465142376433,1.7502014230007612,0.9992863718880242,0.22896137713210338,0.7345871537828634,1.8327951989517177,0.29618182584599184,0.07390194104889292,1.099876507262089,0.29383067273573577,0.16859106874539376,0.3751434509437206,2.2927057660167742,0.6605796740984373,1.4771747121459986,1.0312366510015256,0.40635086458908465,1.3305484457050754,0.7497857241524005,0.5739333776257486,1.2390713326280156,0.5111731905458622,0.31542757048040454,0.4691655245109601,1.4782390931460556,0.5929426344621618,2.1166798957991544,1.1614015219686205,1.1476082948878685,0.7202315378494988,1.1331852819127344,1.9059001429463687,0.01811899214883847,0.47822194080062885,0.24596741691591342,0.6650166146408547,0.40766993676334695,87
1.3242124627931817,2.726093184660355,0.04897502600949266,0.0872876965981505,0.2771819580257683,1.116168052051203,0.625904894125566,1.2559320846153772,0.04286262511519945,0.8324431362785726,0.722174671595431,0.13631151460081672,0.8345990667845798,0.18118965811747162,0.767276415589854,0.02564908189747805,0.8128836493120424,0.2987245204939156,0.18799763797852748,0.35478699293631205,0.650271259859442,0.3671053869891667,0.627814346386077,0.2577028895005454,0.06995689895327001,1.124547082043816,0.6851599322220312,1.859703652919523,1.1710481029867494,0.12597215871813913,0.8518071675294584,0.0516270960078984,1.1198117062435429,1.068970676825515,0.2281571648573425,1.7008718557238314,2.5031794838585033,1.5073582592472332,1.365104574273993,0.07607743423297356,1.2911083707348103,0.20622969752579298,0.41930635883514206,1.4406415297437312,0.03241317476390229,3.0250012759026514,1.0948985031747376,0.27825847772107926,1.3677931240308816,0.6970175946333188,3.402353326820981,88
2.0663862264347137,0.9488021854325208,0.40916791183686574,1.3750313649548713,0.5246772456764015,1.7877387100446414,0.5599623435404035,0.19644012045004489,0.5682130329959784,1.3692998785772081,0.510235813149792,1.3547522714334375,0.5324696584841446,0.560514576418416,0.2263974887319988,1.5627039954363524,1.6380733401686856,0.6002531645180801,0.009133369355360703,1.9979517689186481,1.2863535780960258,0.7864289106531731,0.7171596538553023,3.7634120244939924,0.4205988974820156,0.22295038737147416,1.9635899936514831,0.1387025617903091,2.2705686194664487,0.34298581831144104,0.7707799607235521,1.7589218098194555,1.3612934401997372,1.9686561518502115,1.0139934002072457,0.1437408720191806,0.19891680849084029,0.2217441227849814,1.6351710936428698,0.4996015353466832,0.7157168155452934,1.4192140868858663,0.8321747900906148,0.52961976599665,3.204011227050449,0.30528616856080076,0.3646111143180747,0.26868475098221106,0.43804249615574076,0.39772826179820964,0.8457201563624664,89
1.5198269689308104,0.7217464349938627,1.8084880141800455,0.615448447033062,0.31222348858965726,1.0620534584383161,0.4839185657706199,0.04984841894686129,1.1582837272467559,1.3833861023868097,1.3607881989556299,0.573738538939773,1.1110199396371587,0.14916182801328684,1.0053031495387987,1.9908892147738653,2.708569401235656,1.3275054177324173,0.9438480769165318,1.8346896137984403,0.5557242788864879,0.08530802435908658,0.9017979742600611,0.23087822068233063,1.4453934451701111,1.7484912141565976,1.3376980852193256,0.264220499536509,2.477136606975459,0.5246270980108629,0.19492602119358673,0.3975666541733643,1.8176716283874337,0.6053896201031451,0.8895104558118342,0.353215014315319,0.8250687892183096,0.7005556381225724,0.014144053311704473,0.5400219110814093,0.3477321917287775,0.8803423914038894,1.7324192057229029,0.07116178594939036,1.8387058979059971,1.429640865127086,0.05439827881128969,0.270551004367524,0.0618123177303114,0.17215786721678755,0.6880927117775799,90
1.2002574483722674,0.6206620447118518,2.363653244364249,0.7294658765127466,0.8625138435892481,0.061636099798424535,1.5053536002373589,1.4719037193360225,1.190973234205384,0.7752624383155354,1.2758213574415789,1.5569033002218486,1.1129693087669854,1.9222326363826612,0.0743511845554887,0.07059164085016703,0.17745775806052924,0.9979413412231957,0.6936940771994013,2.987168341936302,1.8933608618556708,0.9414416517392136,0.011218360424125065,0.9030775433996601,2.7511641832090423,2.4904052495180204,0.3028658214429788,0.31433374324698365,6.522256521726168,0.8260741877420728,2.1842057512941864,1.991166099386504,0.2977991012594791,0.9698572959989593,0.9494819961764225,0.022544702674004498,1.1170226901444216,1.3432986128405244,0.06476839481873857,1.180472458414962,0.5409876866152945,0.98126837808525,1.4943355425524993,1.38202992400773,3.0586242009921025,0.9929077431094557,0.6189691713300062,2.9756546739024357,0.28345857711443145,1.5237890959289389,2.979693013917938,91
0.8096229365515026,0.04633329281140604,2.412556234214228,0.4456347949356363,0.6592762088277032,0.3382432398904043,0.5568292603321983,0.16427719826354586,0.3306798648845069,0.9798827365373531,0.1458667026673579,0.3405723540629841,4.376064747835294,0.19645375497781786,0.2512657499431821,1.1544563692545693,0.2749539849654699,3.088565433055218,0.6748000475076644,0.6931314655575381,0.23796439505901232,0.5293530846139426,0.01058428401248298,0.10867747208102699,1.3041716382918371,0.38284994686237167,1.642478471628936,0.2544625929498093,2.3298012470320417,0.021082442033316502,0.3210539479052107,2.7340178855616504,2.1788792662253145,0.5546877105696022,1.3914544078719686,0.26736359489089667,1.293076185593239,0.521462170956238,0.0461706212171781,0.5372989689939652,0.6600646423835984,0.22823456644671172,1.098846355153371,0.4671366185132473,1.8389385366998607,0.024549635610438283,0.01570230354215585,0.5041755830829898,0.2938640280670641,0.4275566040914639,0.8513004090892315,92
3.979606979199267,0.29335908181802256,0.537617343863869,1.5862669996385754,0.5388509567093394,0.5627645728866663,0.4527674166825078,1.5310675705465842,0.048929277292590646,0.09869457744774908,1.330431697503803,1.7091967605430036,3.333277723429453,0.6530972988406372,3.548444129139568,1.7621690931984035,1.3056064520872903,0.6758244295777867,0.24249979713301764,1.5293997814515587,1.4132777408948045,0.8611443555207201,3.0293799626489255,0.936423842888022,1.0942422642167193,0.3970303476898146,0.5926992284974466,0.06486608288780472,1.9462050260018755,1.555968497585881,0.3052629584585564,1.0843587302235245,2.078758676053122,0.5454274818010106,0.998075186395741,1.3165359710406106,0.485557616754497,0.8272246297654897,0.9791563222954867,0.8660556604571072,0.34144159431806886,0.36696301977618184,1.7958343510265897,1.2790377751436384,0.7024018009393349,0.17357248889752439,2.049188537919739,2.828947468581551,1.7525399229245213,0.1873556484121014,1.2906399443292202,93
2.2384607924161544,0.37142084446434126,0.2310381037385062,1.0283093261233076,0.18981715672306235,0.27274981541993354,3.0275325190969222,0.7725668616711366,0.9171601598891321,2.3251154177120825,0.19456108513784953,1.2696912422475364,0.4057115963711012,0.8001154762287724,0.6950649252064914,1.7962036813917357,0.1220687493808895,0.3327354908213715,0.8799828757193273,0.8243831151468305,0.7412038517889513,0.2004238503160056,1.0743462782614654,1.4967688173713107,0.19861091861895672,1.8393366071690722,1.2837684224195371,0.1250113333249582,0.25414912736207446,1.1814563670747036,0.12419622928848853,0.009024544678739902,1.6312623030161566,2.0363861141730033,1.663830931335961,0.33648919395521293,0.5196983027339944,1.5002241437090758,0.06683547805447225,0.12263828781475412,0.05014610517827986,0.20209720883456622,0.1365814412077022,0.822657689167178,0.9077988576816733,1.9603275117189647,0.6502641208992692,0.013114777019316215,1.5688570250322882,1.077233479172018,0.11227714468897233,94
0.30195787630862936,4.296724256210827,2.444314053545782,1.7054145918813604,0.7592628089010258,0.10989075932595013,0.030000768567086267,0.813884627487135,0.5524756861338108,0.8888038020533892,0.7265757531254207,0.3226255141123466,2.25902045967472,0.5696743821556557,0.06553601021983306,3.2418851872160546,0.45039754611155713,0.6262811817178817,1.1910220847068134,0.15774139480621135,1.0674759314532114,0.0703638988977262,0.7003345685741046,1.525996609760429,0.7193436147467168,0.29944770899483697,0.27798232166349096,0.43008486850556427,3.7191825353341015,1.1336686258549946,4.061413981946044,0.030834740511194798,0.2256347507142638,0.8320244092102509,0.047077783689737814,0.16832369086550372,0.03437223568118902,1.3234935993412398,5.4257090838808555,2.0653581175606606,0.2174901736786879,0.1650385080553635,0.7246658862751735,0.6096005355998678,1.4695342695669062,2.0742756233195614,0.12868870807761792,0.06339756159426789,1.2491358850856422,0.14528524212770869,0.44175468425651826,95
0.4676242056063428,0.2859550229590005,0.06722472998620091,0.4903158648440829,1.7412704665560197,0.10374573365745814,1.685091367199341,3.313032761213069,1.4385635207014615,2.221592864822961,0.22387877326170344,5.827371180756714,3.789144534529895,1.6999060093650404,0.17054893912726438,0.6749315490046922,0.11000550019088864,0.21349194718129033,3.595524403375196,0.2247731489251533,1.0383001520713169,0.15267748758551444,0.425083753247615,0.3279120785411221,0.09063508047421155,0.6360913825288764,0.043688992844776765,0.8270726171948521,0.12185889011288507,4.087966156643544,0.30621971308637097,0.41949097115440775,0.2656602182131831,1.0279589941507576,0.06389848933779677,1.6771458028419846,0.23052579121726405,1.8937101687972389,1.387462315115576,0.26587254897727464,0.5984808731990688,1.0926298905011484,0.7441642993964185,0.3749938848793311,0.14163497818890924,0.626716792429882,1.036900254815902,1.8086443553680471,0.33253382149236055,2.738933090771237,4.371163872466754,96
0.5253994515025363,0.37755530013455935,0.5011013668798551,1.0738126951722835,1.9634189086498663,0.07035483263768269,0.040929550765489056,2.678366133125644,0.842392373756605,2.6833128412357667,0.9327758562166775,2.603772493822076,1.169789114195039,2.3177032601398326,3.6955469006760677,0.21938844981248065,0.3840326413659674,2.698686131032411,0.08741631251150198,0.1575478829682716,0.36214636174058035,2.1876954190451574,0.3629886866451748,3.5282087802480464,0.16181517812513654,0.07649775101300599,0.29836873482526316,0.4501757069670916,1.5487494805358664,0.8285398475892675,1.8917478393595453,0.3329483309807231,0.04759712103630176,1.1592461667612095,1.1319191609468184,0.6010052139392476,0.7081279114994172,0.3490088850732233,0.27674914001113904,0.607340878152364,3.6360747467863725,0.345402062540979,0.18898335186523865,0.39312146881498694,0.2656814064574818,2.9137870616457313,1.3908571008091208,0.10988071086511132,1.1711777068815326,1.0198778311249785,0.11717336916103868,97
0.6866306236231547,0.07058675640781394,0.571123215894113,0.02568688857196511,0.8628745558018018,0.29590241645562876,1.6061457802969288,1.419379219061297,0.09746663557131359,2.6644020606603656,0.5328970098987146,0.14753783427506148,0.6074695200021719,0.8529752722114384,0.06632063070697143,4.797254228416363,0.047416696710069726,1.1459214030860154,1.0008937379832334,0.32974368509781776,4.172790599554915,0.9984723940821751,0.4009878003065119,1.4243019282215206,0.8096295977805469,1.7937510434689028,0.7507202419336663,2.8248408610146205,0.26828193769045416,1.5645429640515154,0.2420930637208675,0.2853904791253464,0.029479477875826332,0.008801958263812377,0.10018835362296628,3.8481355584610717,0.05605237505238375,1.9024445887127146,0.5090088251607509,0.04738544320060368,0.453465335001704,2.396847687340627,0.06020678608521736,1.9162760071290594,0.4543281163739197,0.28313774730278196,0.5597418330675614,0.16275722656261057,0.614100454077514,1.3777091147026377,4.88390470366899,98
0.7313874364232525,1.8991036035510866,3.0351334622637283,7.375479614678814,0.7752207854108161,0.11611658360307539,0.43839077805375337,1.1372095201898547,0.5274729156526435,0.9391749483849962,0.9928318066301366,0.5067781128554146,0.2383474613197758,1.0131436232972322,0.1172114456087712,0.2067274761940773,0.8639768076081252,3.139771692066365,0.2127202865153589,1.0242155491568534,1.8808546617687965,0.2754464082028221,1.6515114538078386,0.6416209496032877,2.2515642951459895,4.495355183974706,0.34157393771661365,0.07081683893648898,0.5255640899276741,0.1861866687225598,0.7153199675017374,1.218397141474585,0.9511446990120901,0.11417081423141551,0.26226177898561337,1.290797478806557,4.59674573684824,0.39648961991661646,0.30862368977368454,0.04262981915232576,1.0168619629599123,0.8562453057032753,0.9919994022678269,3.4663211703430696,1.860919417807643,0.8199008466521184,1.1327719107358152,0.45100399507318256,1.736890465904158,0.1445246910745879,0.31293381581510327,99
0.24211137689165432,0.13812855357081105,3.6467080157505696,1.3329377322519782,0.26957484363420503,0.26082497892979556,0.23911275246863747,0.13018545169018717,0.9779311188120984,0.441553864674577,1.8902630522744426,0.1171437278072072,2.010304460867298,0.7657157659977198,2.540959280091376,1.303212169121133,0.20501362882135746,0.2716358865886455,0.38834129089111724,0.5686319419923642,1.0023593517996652,1.5635166329966859,0.9450815049678769,0.8448156136301139,0.8121266322384507,0.0998620335123011,0.817482427201789,0.5093899367072799,1.4857575527719895,1.6749097512669096,1.4262006693477378,0.28071768764886323,1.9840265521893041,0.7011654928166727,0.8480115030515359,0.05146281571601038,0.013712305200633055,2.678186893425495,1.7321867964496547,1.1775597784890337,0.07200992479378364,0.16195364553513494,0.7971087664905225,1.349060453615739,0.13626455035947793,2.1915903770158014,0.150921750822283,0.3589668352360513,1.6647410836961316,0.4256250461550764,0.22936980802501264,100
0.22365958617099166,1.6514315017185908,0.2834079072734361,0.0229285726806707,0.15540242163038023,2.414357202004836,0.5418885023941113,0.06423142411134083,0.006633416773962242,0.08718666100619493,0.1994561752313037,2.9742143006077892,1.1996763719283312,3.565226468056528,1.478500720339842,0.8671124817276576,1.8547010990723514,0.09560374137529257,0.6320153638727867,0.004919656189664457,1.3086393002276229,1.3716173320872893,2.6050007080821733,0.5416220166787366,1.8609668347832624,0.578698712575263,0.06262762554928546,0.391369361192584,0.5964382461406693,0.427040221153381,0.8278274441028397,0.8684110186673883,0.4006816053324427,0.3922011689544755,1.3727664249653122,0.1607286252259915,0.9957153922737763,2.5508813646703334,1.295309007937086,0.9172273539580369,1.4029157058835584,2.3577969455607772,1.2128903236107178,0.4799730654571873,0.07811964492890841,2.1410154567471698,0.18419195112785663,3.3760803366367798,0.6904996026575567,0.29333807901012227,0.1711020848084105,101
0.02496548383875047,3.444112702724374,2.0261655346845346,1.5778952802508224,0.504116053328871,0.5493235398182043,0.669206599269645,0.34323991489498035,0.08067606592727808,0.04456972867030104,1.4114277316315316,1.0311484680004734,0.017600524490658662,0.201380555606748,0.006418610396953927,2.0496266383474255,0.2862159064228408,0.5015377902719313,0.363669215977929,4.7649603784306604,0.29953406735294547,0.26516871127336944,1.119577770843947,0.24338253231725274,0.5056402746433277,1.626309955528902,0.719681162351864,0.5656723510006333,1.6163189834103748,0.026646108113007314,1.7264015454907773,0.17248002048784355,0.7526830412272381,0.16747444736205444,0.9137466510117934,1.014245519302906,0.10337082030118913,0.8665206082674612,0.06116539067430907,0.28318168415233536,0.9750295354259622,0.2627131125373283,1.7637583497728897,0.10308332284431058,0.5404214072671483,5.6704246369172555,0.1729198245177587,3.1006488146227333,4.204400989746925,0.44906792011036933,0.4411218241721195,102
0.9671734162034692,0.20940614478378064,0.5516903601980908,1.150492562671184,0.2525789751660123,1.5415020877763892,0.47167835809848035,1.4650565073205586,0.3662710601110788,0.9283278210518566,1.5619559979058883,0.24621260706526635,0.455338214394147,0.2183715735914733,2.0928405989798224,1.388308915749004,0.16409694320459448,0.6269854169163785,0.44773389296711236,1.9653631957665068,0.4302187502915408,0.14713815902633165,0.29092540332005024,1.227040073951794,0.8642458895965828,0.9348231025855309,0.6753960249301005,1.768178549043057,0.3473189126505807,0.21321606584691905,0.8872384179248818,2.2163114386045177,0.3158800906977537,2.2493389072723415,1.806970584273241,0.4200290857839103,4.016456395077107,0.94823027794087,1.0743725148069219,1.0034653536326243,1.1981479107851813,0.11734852378989266,0.6694275193998274,0.5447970794188036,1.0959193927788444,1.18059714924822,1.46554840498106,1.0583028427807026,1.3560380506546053,0.020902575907745732,0.10704817739592319,103
0.36817122722097967,1.2490676134749001,4.1794745013442025,1.4035387072521195,0.11718111803589434,1.4757345531153596,0.9357136494729793,0.6099660228736362,3.963573941852256,0.020639210845096317,0.3805977625548012,0.9922311627835451,0.27458479259927165,1.2050119349951443,0.07387311454189768,1.528903362459626,0.3872301839808745,0.09660415854500028,0.6028855678589093,0.1007315171085167,0.9035028042210694,0.14903080051837916,2.241543237466188,0.435342985088169,0.14278244210708105,2.172714574034744,1.2387524640500827,0.7579034069083866,0.6692445485504415,0.49167853877319917,0.062103562162539865,2.1941035195631904,0.3178225965124442,1.2320893050770207,1.017015689655077,0.5971435551510685,0.20240158963218857,1.3371332365593225,0.058511384049855716,3.2014887501688536,1.0579925912194812,1.5758151091574917,1.293017126540828,0.763854884983176,0.4578137076927553,1.5400398885304722,0.37308786722929604,1.221327214099939,1.4025586742553433,0.14889108017417055,0.44855036225918193,104
0.09551629200457394,1.121161141662836,0.756928695261492,2.6673465793498647,1.3554112112698535,1.1046576605846028,0.23961851122275193,1.3383429447311646,0.8437780254505372,1.956629131532891,0.5120319252302674,0.7004419065918346,0.01278704117167356,3.0395714282400026,0.569010076360921,2.2077508847322447,0.018169056547635815,0.33268123979092634,0.22394103058543158,1.2587102819008427,0.5453433693320846,0.8894006508319388,0.2727992635150018,2.2079307273941176,2.512097214180093,1.0130649271502108,1.472690201810859,0.7928881368874385,0.9156625079454503,0.40284100947286355,3.1451810725200824,2.36535865600986,0.35032379822348764,0.15572639291293502,2.2086726075423493,0.21389198953099525,0.05381307063891902,0.5580185292471155,0.05088742077677714,0.07268275813261936,0.14649350701299493,0.6470406219892844,0.9705059080351831,1.2483393268798253,0.7409157738259995,0.06351157674683873,0.3414854737851124,2.8802246946077505,2.2587402440921123,0.6808420945560332,0.17662213162053553,105
1.5972720520672328,0.6909585242730026,3.746168571409437,0.8195235000948048,2.284891565267837,0.14322787795213016,0.1614563936954956,0.5459614417781901,0.32826876471150146,1.1463373441892808,1.2987524784101865,1.3807617415454085,0.5173107681437921,1.4286286117020706,0.4083230497006912,2.622512430850072,1.2323701352032963,2.9214225343434492,0.39533067077053113,0.521620991665816,0.4377720976320229,0.567594593637493,0.9108829223207401,0.7998130648990892,0.8743814211504903,0.22024565869864357,0.09979955640868149,0.5624799516895452,0.3123833085288207,1.73679039834031,0.40731070459654517,0.29607789295554515,0.47283640655469195,0.06239897360516816,0.6985104648099604,0.6897855655688682,0.3926367216305061,1.3219052317416822,0.4954809492404073,1.5046972362820263,1.6366241735223421,0.7922977738226238,3.4548577862735423,3.4500272068949696,1.5434008108017492,0.05420755043421295,0.3758398726816579,0.09911367842698764,0.8811771828767878,3.2186334318138443,0.9819674838809918,106
0.20719741484663745,1.0814866905942917,0.9580519439821014,0.2765384980072817,1.5534239498714335,0.4862293582583507,0.08931653782400842,0.6044163507190388,2.7948461873860198,0.3357544423493729,4.836776901150962,2.3086384245737896,0.8847539903659972,1.3564180380818194,3.387453495761024,0.9271376768232015,0.3356748646394604,2.0703109476157735,3.218940619419166,3.2779052650616363,0.48576769121204866,0.06714355684325969,3.628688147820628,0.25682936904888576,0.33103608644272836,0.18172111825270243,0.9497748054027682,4.96784854753329,0.8966981002059548,1.8455320000772566,0.7462247264729105,3.8892174332758565,1.7382611370441494,0.062223404293425766,0.08253514659408596,1.2320868793477284,0.8443394501992211,2.182693720614501,2.409312668282527,0.2921514420806525,1.5219898440014714,0.3095253047374165,0.5043250448662266,0.1965421142313843,0.32299965684850723,0.8571816745681101,0.5971113713385536,0.00211403214424499,0.20548566176477495,1.323025509105888,0.3306519567854241,107
0.015460110470788815,0.9844177601002241,0.24061049007483332,0.25647763723431616,1.3363444769698332,0.25912372958172203,0.7276989560999954,2.17248305281136,2.3797392798016315,0.46757503449815274,1.1718897477964871,0.5612311924555594,0.8879742552866897,1.4278297366759074,1.240867896427547,1.8674201098047587,0.2772802116707978,0.5667914081208009,1.5010442018908712,0.2131495855842007,0.6574448960575937,2.433948367788874,0.15538588913398688,0.021418131749916355,1.362885000475562,1.969609092653428,0.6211566871452535,0.40292274402072925,0.005705463993223122,0.5732891465596648,1.8258859239996055,3.091723036598606,2.6596328399468563,1.6268068232467034,4.934383213728701,0.04608192415318042,0.9212521812096294,1.4608750664000345,0.7123005199469729,1.7430215928612394,0.49589252930658717,0.1407928728844245,1.0822993109981172,0.5059210255208331,0.026220503225924466,0.2393400818090527,0.2557541273833575,1.0518836167886336,0.29285829771006006,0.16197009479711158,0.2413725003941585,108
1.6266982368606622,1.9682330759731674,3.387219379915561,1.8083940601502027,0.028058286610357988,0.5900109060173578,0.6864877535967848,0.45935973365224875,0.229855672838611,0.0982811871741706,0.5700241013890301,3.642191015203694,1.8809699386048246,0.26339957783554546,1.715760475716682,1.101707993585585,2.1708726832435166,0.0846738913366319,0.6300156991294653,0.13100443943061704,0.7058668477385225,0.02272362431971014,0.8614119227511411,0.1803893367019825,0.8204913240549844,0.040542806510862985,1.5041170632421954,0.3971576046679324,2.502993656790888,0.26757624244905526,0.25893665234625746,1.633677097890848,0.24266997006235957,2.2935703309956867,1.08597837865092,3.1756700608786517,0.11337222391624696,0.4456628508752016,0.48888249752144697,1.4639209376846418,0.2570063707891536,0.06900536662997601,1.0740780393738467,1.680799989984101,0.032294834281119913,2.4187675939612427,0.425065629903023,1.5933650241832877,0.42291925735212055,1.2988075425354824,2.0292115640852786,109
0.06276261030537675,0.43418542643711205,0.3877369620533942,2.3945097063535714,0.048526438879630235,0.6642243047746315,0.7553918472922326,2.8694902636004604,0.9942124427403386,0.047605286952705085,0.1733706497022601,0.07577182261009152,0.3758982291222208,1.7437366455552021,0.8334245731155104,0.02749492982563645,0.5188591719349268,0.3638074160945337,2.311506081179157,0.4113111360301739,3.4144181600293724,0.19175693865066898,1.8438332602905543,1.2649281254851494,0.24204802399680997,2.0768265013195277,0.7668299694059321,0.26766608643252,0.16639106362897602,0.0282963662473907,0.1467136389108107,0.8220650880662013,2.476939038660212,0.08421361120701401,1.050760102664235,0.19106010290431225,0.6950809010087594,1.1005891981338807,2.1224906062454973,1.4124470422071627,1.9262299055827348,0.22988757372137084,0.21468612084162028,0.10562423016638829,0.007537444733157658,1.0096525090948565,0.6353985313256892,0.5120081786059498,2.3841560667078765,1.7411718610172668,0.05971694711265938,110
0.5096478467975573,0.029397729004331956,0.6133358470132527,1.292884901608696,1.5280863030608647,0.084973309304188,0.6256469677343769,0.21734342765942388,0.39748307844947905,0.9060197164850254,4.1433704954712764,0.01580634094354039,1.6590885447490282,1.8269435249164097,0.7971439646094345,1.570729441028295,2.814189391179197,0.24482272008601538,0.845659784584688,1.0784634225970677,0.3104163517895385,0.2914976809234481,2.155613558022859,0.32629411834646194,0.06163532290829514,0.053875944006372536,1.6991396249864419,0.10536165220207773,0.39461014807655076,1.4172995088862586,1.9258861185036946,0.8628580158733972,0.9847703035212861,0.4549116198559449,0.4764630708053587,1.3198887002955542,0.6193993700188046,1.0762251522862534,1.140502535919029,0.5554450430826763,1.440489978669492,2.2283206822256383,1.2132269099216029,0.3237329488793024,1.0868125759805622,1.005081567304374,0.8667894148764386,1.3523072931046842,1.7153945036653502,0.6453119783695189,0.07079390983585337,111
2.1939652153385927,0.20215404304540102,1.577052666399479,0.543195351953137,1.8774469693669011,0.4254488170531974,0.3731747049080753,0.6134764254734084,0.05607597597349653,0.2671428224251657,0.4164676954093241,0.6703300790115726,2.1544438211484684,2.7316025280086875,1.9712735254996507,1.1061373541121153,0.03056117195058655,0.6176061917380977,0.6921142943242006,0.2544957066423767,0.23611248820394615,3.0487113794745375,1.6964018574504185,0.15747071632484894,0.9263585795451259,0.3079172612643903,2.027059742395642,1.2465496970866727,0.49711877089620193,2.4995176840597875,1.1420283683616412,0.03668126570379221,0.2676357473414792,0.14612921804305537,1.5697327717975031,0.12008507608835743,1.8182240742614084,1.0553294154807829,1.575933920617173,0.5097474612642862,0.5763913079509244,1.6153968945590997,1.7745980777688721,2.1487657663753397,1.8415813455364656,1.0708937599379906,0.8339160497617019,0.30200280058302165,2.2010600417874056,2.1501322468446316,0.10990623927981355,112
1.0010547720764746,0.28915209988481744,0.8536782042293575,0.12977250109418162,1.921374615997961,0.2092366374532973,0.2037937168221484,1.5070802937604126,0.14680397164847198,0.12815073599648008,0.4854178994880508,1.8143027870207433,0.0877594967241299,0.44859362648419987,3.973127976062401,0.7079887989611843,0.23377175585544846,0.8972785676606803,0.07627097964834259,0.20718678164195536,0.9050825056246578,1.8377064450099967,1.0182370590296124,0.0696545711222187,0.13347858740786278,0.15752185877101169,1.5321677745086302,1.2458999863126599,2.068256547200865,2.1446052763925123,5.314538718618606,0.17930634449378477,1.9684387358046591,0.29632396968867325,0.4121603696082414,0.0823833032610645,0.49652847797925886,0.7132745409795361,0.6707264387502513,2.1508128771899364,0.13743473875442083,1.4953447087997398,3.6294457165961767,0.44658975774169407,0.6187033498387078,2.2640203023519034,1.991611565721406,0.5391202490340942,0.7491071008934622,0.0590378745194157,0.09208869357777472,113
0.35426176308459034,2.1271007186264224,0.6969363386254427,0.008039070197081761,0.8157150112459577,1.3931861401242274,2.1306117485494136,0.6025839542803496,0.09264426754669802,0.7754241227784018,0.05208523835951437,0.4367393569098517,0.003473112579393193,0.1658561916069068,1.1401700585699177,0.15813559044568992,1.8104635948924697,0.4536724564818867,0.5455970614030533,0.8689764337858557,0.492241638657278,0.4775385398183161,0.5872556528140274,2.462200210073633,0.7662703778086911,0.8472137615889057,0.5062050050352518,3.478187998492776,2.7988551191177424,0.9056843545234109,1.2364589430693984,0.4248201222675835,0.3987708211395498,1.2842230640709806,0.01626405841855398,0.1700325030360888,0.70120389548271,0.15399171451491214,0.18330933681662656,0.14656131144359616,0.041104853526947656,0.23779906855440466,0.46453507540372574,0.250301135254237,0.6750370000595335,0.040272175489356604,0.9299119148292486,1.3576076711001162,2.132591182041513,0.8352617815731217,0.7964458908693076,114
0.9178051670647353,0.08138545610533206,1.750127256041061,0.6679109540435224,0.0839341407424132,0.8968757111868841,0.09295647224059128,0.4350420572648455,1.2619734290727467,0.12822603798986726,0.26116016062673775,0.11974325371967388,3.471828676136049,0.3427833381368389,0.15609694318983477,0.9603960774335424,1.8095796885404354,2.0981201833563397,0.5424899380740174,0.1810356569452587,0.22537415615480605,0.6108870637151435,1.1835772760741066,0.06693736578612193,0.7091044926778279,4.3684533322198735,3.2508841983774497,0.6540782504064598,0.602735467883872,0.9444474086985006,0.6627076220828351,1.5740209446328048,0.7442511653668331,0.9813776233312502,2.6987787730520596,0.6410588259587661,0.34613995073768367,0.7029735847475902,0.2079318469231445,0.3533806750230706,0.28558049963822946,0.844413122965373,0.0006036988403005346,0.46924477018850574,0.06702829628501143,0.0479040498456765,1.5705281682417442,1.0527576172323756,0.3641275466186221,0.02465396164864273,3.2817970643047287,115
2.230351014117545,0.24209618603866156,0.3576490564132909,0.19300269095290912,0.6044448407524384,1.0320944721356133,0.7523888972538525,0.07847863473750016,1.4749000910381145,0.6424207788159745,0.823942424318244,1.2413748780704632,0.024771829858755815,0.7818056758697445,1.3698627510729053,2.2149895538580675,1.3485843357044103,0.2473907840228287,0.9297608935306282,0.13204181497431675,1.2763749843303294,0.19721756596823958,0.34176440649739387,0.12765864358693674,1.7440914319326941,0.47098514897098903,0.0029050882453751626,0.287884302387653,0.4707079550237312,1.7461926342287348,1.0251723626326175,1.4613539745902584,0.00515958615045562,0.8264810453653848,0.4931040632342168,0.8888050266919345,1.1543930157956495,0.816941648660072,1.416586132860555,1.1301930429994511,1.1499675859397862,1.0788558178347738,0.34651524725597826,0.19209691811605115,4.575753373232911,3.7075122028945136,0.02542246180302807,0.10050064002457504,0.4761715579878474,1.812893209572415,2.4156022809697024,116
0.47136351792070175,0.6963893929395006,0.48665297288927156,1.5862878719482596,0.41450723574961085,2.342387304851703,0.06606555245426739,1.1919098513188406,4.7690735832473505,3.699995257565042,0.9453965425927101,0.21018351720068384,1.1077930761699246,0.13858036474873747,0.7293484718326692,1.2138952359574797,2.34589402236872,0.38353002956011956,0.593233219437804,1.7796021087986593,0.24851938618621489,0.25652849293143626,0.4553560867552134,0.9935112218053483,0.5949069283584878,1.7127036959645006,0.30263845549303525,0.24762595209302202,0.2339653229990995,1.0087463772899126,4.165558432678587,0.11530680909614295,0.9047086129351397,0.9367025069987164,0.8737518784738637,0.6044213210616414,1.0535670340936127,0.24933112959031095,0.7632751303665422,0.512263148897239,0.32740301092514984,0.7833435173731993,0.04316458608124772,3.2427672007929407,1.6152505136493085,0.7687155389605196,0.17576783229934578,1.6622279523081283,1.2437100062790203,0.4542695318998667,0.5825099386295436,117
1.9579263188899345,0.5494119826448458,0.1487742525085717,1.1511024521400928,2.4499125799390127,1.5306249781363301,0.9680361504221284,0.11437537128516076,0.7443226120115173,2.8249696693858892,1.6301489893062884,1.174897143581121,0.13140340825730537,0.4836010378312551,1.3341887755881674,1.6023907932632298,2.164222297799135,0.2596356521311182,0.09833465227511685,1.4631423517409965,0.13434556677601955,0.19323331788247425,1.7931118842511211,0.09450528938147511,0.026694774348371943,0.4100660129974176,0.4152220351404223,0.2157123496977796,0.12073118217256186,0.024916537972701915,2.060114179268143,0.7449430946350971,0.7852283204274806,0.42577717190216285,2.1628131405958304,0.35526167432028016,0.43568890831975077,1.827282232630892,0.6621657590062444,0.4954602930626399,0.5613014940644943,0.5676756093380991,1.3635085881158473,1.207262770424653,0.3443889167437887,0.31071028750915664,1.0124303641017465,2.267711134331169,1.1789097258200398,1.0522495924916195,1.9606837584474386,118
2.01963061538048,0.37928823106637094,0.790006057760059,0.6010673858015341,2.725806978889785,0.12544756108992117,0.8458423866337733,0.7608414418983371,0.9601323130556048,0.6071097651231314,0.9197747577554474,0.258969920341525,1.1322384441458049,1.6091260164830732,1.5457837395921015,0.03735144564284234,2.724090441976136,0.5855153968309157,1.6304633682872223,0.08588872239491652,0.4699469668168344,0.9883146997650141,0.624792355240192,0.02718060231093549,0.6768491838673402,0.5983627417763165,1.3348638233447978,0.006249641328498539,0.9622984275556401,0.07815430150894495,0.24906859789766878,0.5458018611623251,0.573660895264058,0.3574064494013897,0.15135870312203561,2.095399666292967,1.4324990393409374,1.7865989181162423,0.6998404234810504,0.5097389841585626,1.8990420540820372,0.06565749201990671,0.18977725219228445,0.2605126104803846,1.8971897397670376,0.3324082761427783,0.2199075213398172,0.2558691798153521,0.6570647442409983,0.2939453726035387,0.6655189161948071,119
0.05219220827905141,0.15272808118128522,0.8275797937509962,3.2906126315644566,0.0830355129731595,0.00014385256578524128,1.6207294254295126,1.0525441980589205,2.246338443857436,1.2913076878761554,2.2784088273949643,0.06497719924128817,1.4188280742358155,0.5224825107485465,0.5307456310278968,0.42450683242827336,2.0151092261173926,0.20355877099989653,0.48420486716537275,0.43159953750720864,1.168242470300859,1.4962086789790991,0.6970852103585334,0.8472646685063819,0.6640810956044686,4.03659623911259,2.090948076133273,2.573408137707316,1.226827555733524,0.6587293932279739,0.41943304837081835,3.855457919977925,0.09393043531470201,0.2720862944743711,0.5305022643353979,0.6153237884259571,0.12003251714258413,2.2872267363563497,0.7822959249211655,1.8157944401564432,1.1223851433026466,0.576179868994394,0.10702312677499773,2.113332595344449,0.46260841320860957,1.0203383520031706,0.010759366351745278,1.3417311998884824,0.8844908019431696,0.5141303651539748,1.7568249153926634,120
0.23082413578840075,1.423382145810375,2.1344512188266513,1.1280348153579818,0.7461218435399342,0.874340595337843,0.6240631571522532,0.3494304728505073,1.5880906364714795,0.3529079467731705,1.2635890616424268,0.5423552636330907,0.1947135779178008,0.3630899433287375,1.220560989066792,1.7519496359008466,0.23238128357622576,0.8549128098098747,0.07960847912816546,0.8482762474025005,2.034437542954843,0.054087069757500744,0.18346648510969993,0.01842140161241343,0.4258584309054854,1.4319304652633702,1.293616078995838,0.7018391673216882,0.2928888369377871,1.0306801797351477,0.16714729210749107,0.004141310404608379,0.7830324737053913,0.9934149468710003,0.0240488847494422,0.06039288160143704,0.8996984007374236,1.6145237894357998,2.222195907813077,0.39992323785053174,0.2020798639946764,0.3134280367570827,1.0239565978997547,1.289230991892181,0.037941344050701514,0.1814283846379375,0.1388071913012937,1.3026553164399262,0.6975863758136769,0.34495907420527167,0.29108720650858116,121
1.6566804119013754,0.0736204343776967,1.8525894737585786,0.26542613890270106,0.8404311284767172,0.6179370940916579,1.6690666942134,1.4262575990625752,4.810568050304351,1.1993901122338928,0.38864690113416694,2.8053051854363225,0.26959335644868315,0.8993072456184267,0.012384090779420456,1.8145283362317386,0.7177012023884485,0.09166125726931258,0.06656534478785242,1.466738514747699,4.612422519136953,0.07699079149868958,0.9880248713348302,3.376284095520946,2.56461662735329,0.02469469806566627,0.4657549189694009,0.4500507420528872,0.02353742462008088,1.7348823191059761,1.1002482393643496,0.6360871073487597,1.3072191317804343,0.9301411001283516,1.2228472863868995,0.3336301351275079,0.6223283674636747,1.046270293578271,0.13809053103986813,2.562580866962106,0.4289542148671247,0.591498697063605,1.6801716779088494,0.23835742390307468,0.10495358822741621,3.8234848298285926,1.3612307636181469,0.39588787424520605,0.1843561155913497,0.5636747646708874,0.8315465562601875,122
0.9913695675870067,0.0058312069217473315,1.5726921053542577,0.180561579656739,1.8464900505111004,0.4014395261809003,2.8490021093175906,0.5903872598628763,0.539932766905974,0.7440013544660292,0.9754019763358305,4.971080521285565,2.674279867366483,0.5462284904068573,2.405789306479422,1.2272312502730482,0.17350480170170582,0.9031000032185847,0.6390005716945457,0.0710186188341243,0.44310467775533785,0.06813307631567275,1.3794282984135973,2.024616410913286,0.04696001603596592,0.2564897645911104,0.013830690787468833,2.701879760756763,0.6502530651641566,0.4720246146429018,0.013601274132326284,0.24891866541661586,1.511811028852246,0.6287719880529372,1.654163926218105,0.10553692705514212,1.8295878949442221,0.0008845420406989521,1.1670829300146581,1.2037874005591527,0.781255981646615,0.9794925020132768,0.3658449562915971,0.9428960861988733,0.3063445921031829,0.15450536906930096,4.58360071791783,0.16367720174557074,0.34368477712927636,0.07583113132469975,0.27503788371952315,123
3.80363360563285,0.7646110195300252,0.10237883120380288,1.9014481663444027,0.17091791139125087,1.9083867100896466,0.7858242968405214,1.7890937978289774,1.5843210670428454,2.063538620359212,0.6272776441800091,0.09839820731128561,0.6611472580178129,0.6046696279058654,1.3369631630463732,0.3615461820031542,2.54107345181422,0.5162222446684861,2.0897142194449665,0.33505854352947523,1.8575365952503833,3.3502140680590142,0.6940906530444578,1.5692618356172858,0.08724877930473415,0.07860282682926499,0.058857888462580284,1.0394472610279866,1.569988178737432,1.1184046967431769,2.101897446308913,0.23133445846086298,2.7623608893112794,0.4377473127755703,0.13356080088747566,0.3971323831002601,3.283808583327923,0.4117995608997307,0.7650777871440233,1.9463597321206352,0.3715450838959583,1.2727644225704042,1.2368837188899555,1.4068762781155233,0.6374304850052345,1.8601211706550635,0.4593561714306698,1.8786637696093202,0.9125333186769852,3.499064950682022,2.4672735506427195,124
2.171422546505006,1.2479048492568339,0.3981869165545565,2.050354294224115,0.033950166383444835,0.1349292695286082,0.30799429423213454,1.6970370309074403,0.29340150318063424,1.0757043325821187,0.41659805796742044,2.560784195343916,0.4306156597922281,2.6502894847677543,0.21069623255815936,0.8630008431105217,0.35209620031855715,0.46941772619679534,1.9770558575500707,0.11269512069042535,0.34449516640734273,0.07965064391009587,1.3003118586481586,2.0662693050736753,0.7878218789105637,0.43016950835828965,0.30942626892073666,2.9402031729078217,1.6181052148989619,1.9186709852387247,1.421935347098336,1.4112554312380634,0.018489939823985467,7.009237499986177,0.09533519508074266,1.3760364648983752,0.09689283470953908,1.1991731414480007,0.43804313317867505,0.6961784366844609,0.393317599489531,1.481432168590348,0.5748014777833043,0.4896990068742222,2.81355323319875,1.6068103648216527,1.9575980994431865,1.0924027698803611,0.7082635481389011,1.7102378489825212,0.8515165078094372,125
0.8150297848067776,1.3230460933493864,1.2457110191489829,1.5371633671023675,2.9769790282789312,0.4684761930559119,1.3615599109962073,1.7461330938559212,0.20943735947916015,2.3365904902056136,0.7196740399698074,0.4790923987623925,0.29440411990183735,0.3652272321388363,0.31397743550794804,0.05414504354888175,1.124392717176549,0.21434003743358093,0.30275410227457517,0.4103609452192933,0.3478246503832156,0.5136207671060927,0.4983971482799447,0.31872829696880606,0.6823568028677295,0.7401433660529096,0.3147728198017999,1.5235252484122668,1.327928219223138,0.89020011585562,0.0472564934464445,0.13505886968167402,2.1190682133715013,0.891670506671316,2.612462067487912,1.10050672589927,1.3005737718851569,0.022963827207852346,0.8440964130048108,0.429938388110853,0.9151590546090664,0.22961251110383343,0.9024661430565509,1.105022854392762,0.5876060133260452,2.449247732954744,1.2482596027719315,0.9988515090884137,0.5035563483456009,1.068376030904025,0.5692015538801234,126
0.17493182321401518,0.7161975281299401,0.18613161289979696,0.586015562561643,1.7979171021921412,0.17943981645001775,0.20131458381868708,0.41571506578390355,1.160348532439961,0.21337040778328298,0.1554042404523378,1.2089403224442885,0.47889840552939283,0.10173111803514832,2.8590439911631313,0.22669615825299,0.7842866826140295,5.903168117458485,2.106126604062604,0.57528015189138,0.15131468770514075,2.992113167900777,0.11580485128735236,0.191028982634997,1.2350489976820473,2.788119995934269,0.31112665078829116,0.2533188986041696,0.9375113335778159,0.2762967814245723,0.3139709264699662,1.7644072503411363,2.612853263802141,0.354282291670402,0.8876821468107374,4.200128699681979,0.6394375595887859,0.011627051170004378,1.1368236086648666,1.3800194335942142,0.8706191084146016,3.3409666473571034,2.8058094675867924,1.202902877131107,1.454944461662362,0.9090920371660909,1.1303967401018036,0.7349798278829842,0.7425433531301535,0.12089785414341668,1.5807719026318747,127
0.028130065633644775,1.0669450688411135,1.0547449693687572,0.2514728357551654,0.6546185175603417,0.44596943433731084,0.2087438221289836,0.05847451972427662,0.5158729213622272,0.1644230904777026,0.06398408218564512,0.9721571047560089,0.3276962995522489,0.8571422882999274,2.066541024932218,0.04804507259076051,3.19631035777432,1.058058837689783,0.8073766861586569,0.048342595985413406,0.023528891641888854,2.5069839496205613,0.02745880421747754,1.972209825953008,3.496464500789486,0.06477160776839436,0.3120753928996972,1.2831745883064576,0.488274085796169,2.3837872510664515,0.9483418800610854,2.086217722361514,1.6706818902168454,0.5270711436797573,3.4083980211218594,2.2914047791119057,0.28119172789918057,0.0573567961403222,0.8101353320202881,3.4343714734691058,0.2579716416760695,0.2864512087035139,1.1135129371777452,2.6925820263120444,0.40290920447389694,1.1540827029703629,2.7554025922006256,0.18909129438377137,0.8372673689162058,0.5051772082727323,0.48093095247348866,128
1.5487894940124236,0.39894092057649416,0.471003807774774,0.5559521703839294,0.053527356472445387,0.6438930439105299,0.4907835695651056,0.057964038620710014,0.10207986506860738,1.277006694763836,0.9404083910434902,1.6489005243968338,0.46303199552750407,0.30122970785625913,0.6391019072885217,0.7262865943783356,3.052854429131867,0.14846410381996666,0.3740898878777973,1.7982872947997168,2.229392869230763,1.6008202417972353,0.7339792054105178,3.13678067779393,1.0208010920234936,0.02061990415399151,0.33630973410516374,0.09332502288609376,0.06855891438367621,1.809637119383473,0.285825321723192,0.2386306695337677,1.7411110891734065,0.9456443677555478,0.808527007744238,0.49629709806716643,1.2007089477179935,2.8019851234386266,2.7330169884902036,1.937462502751328,0.4476285590984326,3.2412094830808766,1.8511079491374616,1.009874470195944,0.4639197195209083,0.5109844106378891,2.575758396368954,0.6591984715616839,4.1646245564065625,1.289538076129052,0.11033263574445712,129
0.8603043398715944,0.3741189003926198,0.29596447621373134,1.0362839366506256,0.1844749948955875,1.1761890372666879,0.4755266094347709,1.0629183051560145,0.4698430180395094,4.77242830712403,0.8620055644672732,1.5755921466315777,2.3954421564983006,1.5020342824253967,1.3117944173886327,0.5238081428355046,2.3499178604443145,0.5520541283134611,0.5420599750043359,0.6437160750556605,1.23114964477707,1.1737272823241307,0.4444467263535195,3.558851978998383,0.2132065562945198,0.6534130260384743,0.4941993909665328,0.23036174933335984,0.953347794286337,0.1900145865215677,0.36222340448886015,1.1480595425014448,1.5521290988051515,0.5584588586769412,1.0589134129748823,0.8040412647171087,0.8533966741026641,2.415282305770665,0.5403267756140506,0.1570979364392918,1.3749461757457944,2.026742071109811,0.4927521469557823,1.4479390826259368,0.629953792996452,3.0087104188924685,0.41679472957782926,1.9219221257646268,0.323408132048699,0.6174820678368318,1.4725067164353938,130
1.0841941275113636,2.2271034487896597,0.32033379695393555,0.6268475077692467,1.5587220279750564,0.3397498274616937,0.15200416679673168,0.04780555921971199,1.217396746926002,0.1630978806209361,1.494965398854526,0.6916675845002279,0.44328233880151036,2.89519375678977,0.256595461702714,0.8839132195418027,0.5953953124078478,0.32967793137086504,1.2819645982930623,0.20037049862748052,0.5415815123606172,1.2563495311632928,0.24994445821539688,1.1345616700745855,0.42082616333347944,0.40313179727196946,0.1490627831108292,2.8448136680763603,0.5632530676690346,1.2486460327812996,0.7955399936118129,1.0205181061593849,0.13835730714764094,0.12970718989012403,0.06447386464587138,1.5492013260798527,0.18930019786490127,0.26272915529788265,1.2529575605224066,1.0277707259077615,0.04073341984879612,0.19479902534658497,0.5920059575658075,1.0442365392219257,1.053737958208714,1.216533692203774,1.302708664051461,0.18402032043309313,0.012527396288734291,0.10999529479579997,1.0252729531871567,131
1.249067936450243,2.409133484588078,0.2350126172347835,0.40472799233286155,0.9737948062655626,0.08624296181877747,1.4621002989938539,0.07562276532360113,0.15086801661835708,0.44138456687456756,0.09910597958001224,1.0203041433966709,3.801716101769058,0.7576707630086637,0.3264856111026101,0.12545749523391095,3.1429765866404495,0.06561469751423521,0.3302746950732778,0.5766477024911527,0.8898611210683981,0.05384137885944325,0.893347603472361,0.28166729776097105,0.21189241296524952,0.02669661944931003,1.1570056387618826,1.0111138077772535,0.5738031237613521,1.0079166518037284,1.954871101052225,0.24545190353638668,0.7555279648531006,1.3329031393331339,1.4743772427821038,0.2508671936479055,0.11592037359526668,0.16686533747188817,0.9847852197862677,0.8002607714157215,0.21965633335366141,0.6723251643209176,1.7296356862186588,0.2059798998636115,1.7025067448398348,1.0895456720811925,1.5942854456961817,0.29594364979576737,1.488720478759793,1.6692181067693908,0.0670116761988657,132
0.847484138324543,0.989403410550888,0.20235792212684173,1.6502902537513864,2.9273349177921237,2.362537309613691,1.3275093267961544,0.34843351692779473,0.3804822434574699,3.9521086185619083,0.8534063502520343,1.9602518339416748,2.7253381905789253,1.5893234235221068,0.6830378277674267,2.346291376934508,2.2557386260736836,0.18686345157887024,0.013397473463119076,0.06895539375809402,0.6601623820341809,0.6331310596216366,1.372521332274378,1.2380254537708106,0.1371721172383277,1.810759402773832,3.632841157221534,0.6341649155042537,3.1031779664728893,0.46553023924933845,0.5679990034006432,0.18728548207910647,1.9170968834514484,1.9561333465856698,0.3935141384110066,0.771015043507135,0.26291129582345196,1.6556816100836076,0.43941851634641027,0.003989895425311245,0.22536452309883145,0.7287770343651214,0.5976912646899357,0.8122546070886633,3.1614461828857285,1.8123150415830465,1.4836232128694635,2.091868185999981,0.30574571307945286,0.4441957179226414,3.0198366296008317,133
0.26753590443925407,3.6934315370536592,0.143579542221587,0.38413962139391156,1.7852114517408322,1.082286715466121,2.731630339611043,1.1717104723553207,0.38249301648638884,3.0420374628328024,0.439597321772461,2.180309490386379,0.08892317075949846,0.6912231225742507,1.3304925205177287,2.1037169090100796,0.02318285619038325,0.05477793565724474,1.691176095905285,0.19484609955506146,0.4817513346769815,0.09811067116961227,0.06214887450269605,0.22547653062940098,2.01321564955172,0.5908831724162887,3.6380163449195924,0.22059331184118722,0.545976172638214,4.587087197080274,0.023807726062662807,1.0405348538944617,1.0474461520498288,0.4215982985890528,0.015330643659085406,1.3711334942752695,1.5078319214935714,0.1982387196990273,0.653684210731095,0.2537843784771019,0.8119474213085094,1.0132795743669245,1.911462137190229,0.28004026622151335,1.6104776500691296,0.7401787358133424,1.1995973194830514,0.3141829770674175,0.11576952653200767,1.3657863957957281,0.5099459602872952,134
1.6125944082520978,0.24295514422622305,1.3923563527865184,3.871755206307519,9.603553582298408e-05,2.7867695146562403,0.09435752737068187,0.6261023532526004,0.45215361230996043,0.24714885488518754,0.032987232950961065,0.3805439954941297,0.49813208305788365,0.8338622767112787,0.7474729270255631,0.010079060091620736,0.2433411129458813,0.6312125452071456,0.7521743551779931,2.0518688942199494,0.7007124746767543,0.6531100722539706,0.4474131938506444,0.8751546004379698,1.1514138579747477,0.015809260410475378,1.0568550698460506,0.6851228185620442,1.065224870625564,1.9192419796579026,3.2067894801348946,0.19387668622964221,1.2508283577831678,2.63900301996978,3.7519173882382706,2.658124791043854,0.3622246952712669,0.17227707859234956,0.5665080315917872,0.21918301138652707,0.6698686751641336,0.40822599014887295,1.5251383856051723,0.0392905841354457,1.7521817347810227,1.243463669896585,2.2738662763899344,0.36344812251745195,0.14349734355488328,0.46995057888653896,1.1607582302876476,135
3.5015336880287764,0.590280372135361,0.7259960032754385,1.9403868299684441,0.1550796365516121,0.733759536886204,0.4058539505187957,0.616538355771448,1.142056431457264,0.17017087349087878,0.7919495313709051,0.619870530314212,0.7360512383065835,1.134774334949462,1.4993749655760458,0.383154220859062,0.3814149043098011,2.4240904288179816,0.5919633564237807,1.0998501287032405,0.5967805576102568,0.11018275325403279,0.4527306114358004,0.059055308032974874,0.13600836366308924,0.00679495306827286,0.07000415132332433,0.9839429839485769,0.13238814712845862,0.09376150061337307,0.4959912421629224,0.0012937716984092696,1.2643792879356874,1.1822964555054434,1.3726955574518238,0.32565205087534044,0.3199777875904577,0.24130090097275597,5.608553983648029,1.3066356565947395,0.831600653812961,0.1410706182944782,1.9172382396132666,1.976944102545869,0.1699068087958613,0.3529697407176507,0.9694358925859201,0.4525050031191483,2.0876986344150397,0.9872170433258156,0.5786008895748715,136
1.7379642537438948,1.4713227748707414,0.047084814918888475,1.3804109185642401,0.2537294798668744,0.9961049841467647,0.9963205379815339,0.5686244508426666,0.037995299268634805,0.213979625756044,0.09546292498254423,0.9043289633458369,0.08167386542041412,2.5115975487474405,1.033431553087399,0.5081992137333261,0.4494707589088061,2.15415955759784,0.5812183090070993,0.5259930598996331,0.5548389011462459,0.23868738425028455,0.5502635406878621,0.19192518473545575,0.03550242592934653,0.18858113594402356,0.7375286100914381,0.00886219133002069,0.019192308374348318,4.035464719778904,0.056772222054484775,1.2625944662895494,0.07637910258612306,0.390510218966764,0.25879823169196614,0.3240314475283219,3.825796689134455,1.3720604610838756,0.8123678344894428,0.9249984455551943,2.193644517607048,0.9491431858911529,0.8377720822858291,0.15230051105862216,0.0673733334153141,2.1609810790318305,0.2252636521037151,0.901864531103317,0.09191836258250734,0.15521392795334257,0.0799510367914029,137
1.0290271968244313,0.07458232405903942,0.034120049296501934,0.6846632831352667,0.9862691254312917,1.1447376103699998,0.82371937868566,0.08576876645799339,1.2985494850517334,5.813739173771039,0.7534691661664635,0.5137525740405388,2.164793294179083,3.5096078693889776,2.0817434057790822,0.023674048590505026,0.4285664433067738,0.6600213637293483,0.5676554605308676,0.3117217347860934,0.7458941988785158,1.648130061943897,0.4380371233846058,3.3444192116657625,1.0257038710998658,1.5543578499917112,0.15203756088945614,0.051099381392399806,0.1671512144707857,0.5850777085608762,2.6164702667626,0.6860300758183322,0.831868275141698,2.168825635178866,0.04332147310308269,0.782491818009361,1.029011096302673,1.2214581453509763,0.7415993811217242,0.9725578400456685,0.590086323798083,1.6979481457422403,0.0753538807631347,2.182699079662898,0.947753289294223,3.8110593371058203,1.2221556309986816,4.115881088347705,3.2897425177958306,0.46331350389980236,0.06698746472873215,138
1.9479035499775703,0.8482362946480189,2.5927824822684418,1.3373442523308208,0.517107773507119,1.6498486768653473,0.09273322076653351,0.044476122368831965,2.675034854226494,0.021523430791583007,1.0358040381295444,1.5872210395241035,0.31388913629273046,0.6285166780744129,0.5868631245127256,2.6317633533997795,3.6878336469017508,2.3569024689281943,1.5752038176900527,0.9696481259464806,0.31597261351291983,0.6737764707824822,0.28061922102609643,1.0513121110129642,0.8026643165548074,1.0498618832263458,0.3008310100529085,1.1208895432321753,0.4989978781553408,0.3674018784323657,0.38981142814304603,0.24916108970014283,0.08450635096102516,0.09546724030111635,0.10923682820979765,0.8192472564940037,0.32064195688114344,0.5409559742049557,1.6090242917063604,1.6116324334763228,1.9238462045259563,0.45533144763594097,0.7216122081335131,0.8013476294176647,0.46341303329708794,2.9916465550140776,2.4405817294354937,0.05170119022489434,3.4303719727186337,2.5493357054717642,0.7240795515484437,139
1.6172714377304132,1.1158471397469083,1.0007226017344781,1.9697268454446317,0.7420222206332742,0.5237999107539963,0.40304268055164155,1.3013042653210292,0.024464060432059596,1.4441057414906069,0.3835095642356964,0.22884337910247662,1.400847112389906,1.0603376385177714,0.01507966573748905,1.9016841009480872,0.8149648976908679,0.922378308222331,3.2397085351378676,1.1112225564230935,0.8203551780000669,5.39935768614668,5.337533172484375,0.30016610867853044,0.9377185688291391,0.22640287217472518,0.27081944439415084,2.933708943424417,2.186890779064603,0.06571245161255836,0.5160618158663681,1.038394392666393,1.4115834317064777,1.601363691432174,1.4143436764493584,0.11708697930126549,0.641248807964531,0.5904782552475516,0.15119284077625184,0.11842034319590324,0.29129461758871733,1.1058318333619768,0.6451648521464847,0.15158658248957038,0.1010482082958682,2.1908045154263167,0.07958637006397573,0.7322006053537734,0.27264984535657355,0.34312584153404946,0.7391506391783057,140
2.3460561161764306,0.6197800082736616,0.25363888297531273,0.8028109758208074,0.22554338635883764,0.4253881431231783,0.38194865886301516,2.4858572979360645,0.606013207916211,0.12826252664405163,1.0955940069547034,4.355903175933298,0.13186578355509784,0.8915133935178418,0.4417989683474083,1.2317727571757953,2.3454273783779747,0.911602387388176,1.7998393365259906,1.2050864725226527,0.11172456923710875,0.8234457643163519,0.17597803010765226,5.215768767406818,0.03371440509892824,2.6774453530591282,1.7237173054189177,0.17475656914578658,1.355172044116278,3.7125062762830248,2.044037983653069,0.8144794176944791,1.626274891235436,0.8476860125030579,0.27359980557254027,0.660640014383239,1.8780692544992255,0.1539165481234783,0.8375343484914027,0.7994069306981424,1.4429494546175474,1.3596150335256183,0.31160103149843343,4.02176684371729,1.0996076544906705,2.5957478177389923,1.3787368291171784,0.6749891681010717,0.44984646868694256,0.097010402091281,0.8106739301733734,141
2.329793248504778,0.057232987112435164,3.209418236801955,3.2245053981485516,0.8984194028567456,0.00606448112393854,1.8036416644366642,1.2792431770986017,0.3402623618988886,0.07452662526207682,0.3167551873191486,0.9878698706825464,2.013934377984774,0.3970369914254193,2.002711428181454,0.14480052953109324,0.1229514352908726,0.2651450793599603,0.15923580617599412,0.37709087054858614,0.2520658925465907,3.148760995344814,2.682940916999277,0.03298691152694544,0.02492936087768824,1.8268844089370475,0.06648081972927854,0.17041293290916945,0.9817115818039082,0.17143075166079427,0.31417368134197493,0.9418226687017258,0.9694070250453255,0.10868196402943642,1.8885056862759715,1.2321729920121185,0.641446377412232,0.22808056804182306,0.20986835151751757,0.47561760517726626,0.3350616482449613,1.179997691387182,1.106537120196307,0.04561073564440759,1.7346422008866709,0.1591118159500449,1.4968399528000103,2.394732540360668,1.4004804847627166,0.17383631152084675,0.3648691442608258,142
0.7130374082068586,1.6411365491729906,0.7660635612361427,1.0048749767236531,0.04275456590012982,1.0138038392043223,0.1879861349167614,0.2650879081795681,0.14978808990229175,3.323198788772461,0.060187739185230224,0.5140900285930955,0.93826951653088,1.6801493975115025,1.0421945254561744,0.9900585301023223,2.279438430615133,0.2324006743566884,0.6973935024730653,0.3963027331894713,0.03604183832015129,3.3130671296163414,0.04354704101143772,0.9894754420012456,0.32249873225472747,0.15249094635548424,1.269152502512046,1.0083910240654077,1.1913300173718646,0.5143295873423015,4.694373333414278,0.6783329959385787,0.9516093756651111,1.933326601927606,0.04704992626809112,0.15714898997589705,1.0798548736665843,1.630324597991937,3.9055930341776324,0.6260863700436012,0.5974346937768259,0.8547672197276444,0.4044346062559822,0.06514393398083515,1.2505746233311292,0.36560813175493057,1.6205070114603355,4.153268703183291,0.10007911332972823,1.0406774714881601,0.9614191770258674,143
0.6557529264271879,1.134688021226672,0.6406186289071586,1.9107861578621887,0.3905944808475277,0.3008530670566131,0.24475232696279808,0.017013788576308912,0.9517878049344756,1.1162890102280711,0.29945809403184376,0.09575082126982339,0.1854088973945428,1.8376830024304405,1.6087762170366897,0.8212014676399995,0.11260775466440134,1.2754508233737323,0.060369266046264115,0.2523734110387004,0.9654404007694224,1.1571538161364288,1.0794154499548954,1.321528204047255,3.827490571580976,0.28643224815807056,0.23881937373804818,0.9474492036929968,1.554083054636851,8.449546100726074,0.14022235925186585,0.9555659355574974,1.5037614417636516,0.4509445805372571,0.3369569732463636,1.1673988664003585,0.8195140951348152,0.0982897424347122,0.20491539571699757,0.4035175997095551,1.6474110652254645,0.9017586751965057,0.48898323209017297,0.4257409543261254,0.22765171142409263,0.1547400280673609,0.9745237443845547,0.053432840592597335,0.03885429404173791,0.8192305721575526,0.2094526251681632,144
0.5704633607636393,0.3032110637577639,0.3448802083605174,1.4089462114124187,2.0721345938921774,0.03234505735839884,0.4288361331599336,0.7951562542042262,0.1247583590441312,1.008912403517448,1.3739377827761818,2.6392339492189065,0.865129562785908,0.9915543863189415,0.4492253547423314,0.5466608900691009,0.26821298374933783,0.04868752191812382,0.16522891945970986,2.378714358432488,0.16311667035376787,1.1759814615261253,1.6187660586243524,0.6806571153345046,0.9485519354347596,2.187727516219576,0.028920568978203286,0.07670021242661597,1.9126776131748593,0.8965990736392885,0.3650350920903317,2.617884617258061,0.29688474078779453,0.7815616493246175,0.2524860545882834,0.04696586521646869,1.2377868107912822,0.2446305701672827,1.007372398907525,1.5330771907302698,0.038426870353394885,2.54300605099806,0.22132623805958937,1.3706042282875655,1.8062717560730635,1.5383996544188343,1.005017485163695,0.362456914937224,0.7996240506702351,0.021464690565089563,2.1123910276573854,145
0.720973063189651,1.0685109218615467,0.12735153008654246,0.8880531919322456,0.2160708635488999,0.39338729911714615,0.03203893051229239,2.600867565565069,2.544769318866548,1.0915335159574635,0.23737025943832782,0.1585951167589813,0.13055535092373227,2.73619115832699,0.8993679233544184,0.9308462285181964,0.40855977466424864,1.184395029954681,0.1583127066068173,0.5723247659846292,1.7776977794531161,1.1211511571605182,1.4588233743668155,0.29105735703890623,0.3696922372365186,0.2253456319043333,0.4766308085247897,1.026093452802976,1.3616748793501912,0.6114369584891637,0.13620098013511042,1.1471276647750916,2.1501870920853072,0.7622749025965994,2.5079473154629977,0.8642711800865407,0.7686933880269675,1.6660572901813797,1.0929470674479138,0.35656469820952363,0.09197916122169225,0.2601648706738629,1.5319871123665418,1.7505528561575137,1.1472694893100377,3.2594414099388573,1.229735753025797,0.3307003400930856,1.0260949889448816,0.34071533075450094,1.7173316606274691,146
0.8677764892112476,0.1587997445530007,1.103157352533606,0.24025616883113482,0.03509379115074238,0.8247362949858378,0.484023790766036,0.011634466042810867,0.24554279033166315,0.42169040503667404,1.2151803723939942,0.7041274255779532,0.14067031228352206,1.0819760145960082,0.3498400270176417,0.740657056160016,0.08582999206703813,0.37599903563411485,3.4404622646540832,0.14023587925074893,0.3934548800224834,1.788136561435041,2.1931028169199487,2.2932708647775826,0.9685446574206525,0.825923347004971,0.034868499286464384,5.1807577259601585,0.8662275484842045,0.12217068274584512,0.21090828902880035,0.5929585854804967,0.590332210450805,0.37569725934980047,1.4390183317444007,0.5170925755775548,0.053642097008564864,0.3651997303120905,0.5223627022087333,1.9356583290990665,0.8337294844505776,2.09144231967672,2.2611743087928344,0.20819161495711502,0.07241596870994417,0.4472502302750184,0.6091438051546638,0.3423304084159753,0.6573112555872139,0.84981666353984,0.33998668279279565,147
1.033934409287491,2.161014717314922,0.3074205930297403,0.12867028742337275,1.8311454153432,0.06852338400074069,1.1490888646811181,0.3582413108604826,0.45322029005247083,0.27525369518132153,0.023620425723386122,1.3294145942298041,0.2462326961547398,0.1585998856778489,1.192345419773688,1.9692312614647831,0.3650168325229284,0.4652326217119139,0.8098563594831764,0.7465118505384857,1.0134070286101595,0.6170358326991103,1.9713503208737302,0.7941687198469349,1.1186742825822593,0.10202414178917885,0.45310290745362414,0.5416263404486779,0.35314538068791146,0.25565861023696623,0.9482950036166882,0.3993985923552082,1.3868378673358852,0.43369758590754415,1.2964529084335012,0.3213606933512649,0.11680459898415618,1.276904743753795,0.2969181206075363,0.37437217023022573,1.5132883714239025,2.07729358800515,0.06896733941251076,1.0688581903005188,0.9894094569188313,0.16406915877278064,0.6703778450389873,1.3283340195490738,0.38990119037038645,0.4274402560352406,1.4189120450503296,148
1.667316553267839,0.06925253143401995,0.6291049083105689,0.6417301517471993,0.10423405434509346,3.04744245489054,0.7616397402295703,0.39995861251422177,0.4222208982994308,0.015372537377911557,1.5659660547072978,0.3783705532391401,0.8693099111337411,0.2564291672786496,0.28473206110386157,0.06687293100995087,0.30504228764602365,2.074343601926844,1.7743248805744154,2.5481413331466323,1.4846279112971454,1.108370565583686,2.085710418274368,0.7386285482673189,0.37624861866984827,0.21073850938921163,1.2626822785905805,2.7888597344473154,0.052462636635669004,0.5046120922204451,0.27965702029878226,0.13514991556482456,1.1923562665296,3.172215104729858,0.00652380974361012,0.4247324287904369,0.018268879478069985,0.9748525764156935,1.8373220768442589,1.2368310519260282,0.22622751927398668,0.12774101583338027,2.740202956911378,1.688036161299906,1.7236737789887522,0.13018988284615604,1.0671303486513355,1.3517422258450646,0.2906454325119279,1.5166575512392224,2.0134364235460973,149
0.5368972694093466,0.2039551435397434,0.6013164473400623,0.795771380138937,1.9251533357051178,6.645959795561743e-05,0.2734805799045651,0.05249618622299682,0.8581618107376402,0.4467191131865386,0.08803245569844367,0.5431127921020259,0.062178617622187723,0.19546385824637977,2.9888147634405677,1.9165511523103036,0.018726318509970436,0.9543026468022089,0.6067868616005261,0.13379490871320318,0.813383174311187,4.036579114863063,0.0012622662178509638,0.5275133217539696,0.23444897677305973,0.8274618472092068,3.296317411291447,1.1046366274331105,0.050725297063983286,3.3075352084831455,0.5965370427489187,0.0931617236496903,2.217280085471759,0.12101239421117636,0.15932538102591207,0.15247706559480487,0.1275090166310317,2.383183249458648,0.015782932531821305,2.5661556626126396,2.047030571527855,1.2258675115332713,1.9944497807315218,0.5604261323385266,1.0092855175224222,0.05459876863551488,0.8536009484484505,0.0009059106743451153,1.2817107158647667,0.06573383122149185,1.6531709012673683,150
0.14834233647257442,0.029879517362695347,0.36354342095142916,0.7038181858478073,1.8454734979465703,0.1395263646709937,2.028283977308893,0.14805308409674856,1.465963760377323,0.3157735034736988,0.08402916720877995,2.7134824919894984,1.7320197854900437,1.4526282697488229,0.6197249906023895,0.35363836260066595,0.42844273647695547,0.08667135744501177,1.4609759308082064,0.3027823419119054,1.4158120737020552,1.3193498924063385,1.7929545780562843,2.7338864020560703,0.1988767199746261,0.4212750930718944,0.5146361851673269,0.2896683043114367,1.426635560774416,1.2202248899207302,0.7085237218570837,0.4974105934182945,2.6106712476741434,0.16263693323505726,0.1299422118973301,2.4197560892471985,1.0044727979890542,2.589626433039611,2.1328773310294546,0.7636276294698039,3.1240351919486598,2.5715550997536143,4.812875355810911,0.10198736646298794,0.01724320077892326,0.639350414386507,1.3526387058628866,3.2411229759688682,0.36527563203801805,0.17360777865694732,1.2406614552038937,151
0.22926097129696416,0.6222235295709883,1.956588748297502,1.608660494505894,0.32606517415963304,0.8935798194335682,1.643850735638009,0.47163024079378585,0.5206128222808484,1.6049416539283783,0.006345138617724735,0.38491118743141656,0.4016958929014692,1.7565938430296257,0.3191906372456036,1.9684165863541019,1.086279338290037,0.5679190706101406,2.289255925633615,0.19976389855180013,0.5335311767746823,0.38924690681824503,0.30336810638897443,0.6477616387482317,0.7821890188469208,1.1112695181480918,0.1238861072379611,0.05865124031573854,1.30425660231584,2.478911126587554,0.3195971445265378,0.6791829603410213,0.37761761113304,0.4373845041798341,1.2154491595065535,0.5726126200472327,2.1771304309234805,1.5169128944909183,2.039856054433359,0.4122539466485046,3.0410460939151402,0.6736418504975706,3.3929031616123684,0.36648872176174846,0.9162228859020177,2.9695624543490085,0.32619413291943433,1.037333897606758,0.15425091449660974,2.2414056966113107,1.720279350157296,152
0.3367514373552125,0.6197306602503968,0.03287197908921659,0.18800199761921985,0.22405044349226627,1.6587187360000553,0.6536760973574516,0.15515417224451805,1.7912371707815444,0.4726650550995142,0.4895371988603903,2.9281774307529242,0.05322771124826951,1.0210154449380247,0.9539167934386663,1.7305800763450607,2.8315484391060646,0.5619750614773548,0.1830246430142774,0.46535131071573355,0.8704856923909043,0.2890308192948372,0.5737098660039235,0.5656783867893945,0.1415295346868041,1.8754600265330867,1.0162881298477404,0.09671047478401318,1.7696107837371606,4.7844149631555775,1.0177639471193127,1.5125248217277962,0.28768026004384833,1.096387721099307,0.5907593183125833,0.1304858774623757,0.6959879694188454,0.9233039000563505,0.6466313638743455,3.8935161785287216,0.941154816525499,0.07688295642323847,0.05280347090142431,2.302721898848562,0.6892934859329571,1.8210572994109362,1.4565088525063927,0.7851845249610105,3.5470572965612206,1.272955191019877,0.021649099659303873,153
3.2826747413509727,1.3206008940650371,1.1323868001725703,2.6322094922997823,0.9496985891389133,0.49650054146513733,0.25456564305630924,0.4673245512729694,0.9209988533020096,2.454741219689578,1.9458949380976105,0.14652936406199965,0.08143703758566827,1.9622719991788276,0.5083816122308924,0.642552494131491,0.7147204036605592,0.949464472515568,2.0143440250293625,0.533481585195061,0.08905174511680675,0.37011195383156337,0.13217536959492154,0.1813891676114611,0.6739123632809509,0.7548033754831245,0.8244970693338968,0.06955720164633468,0.09959488480893752,0.09390604365142034,1.4436147548064635,0.8287148885587453,0.0767232895835019,0.03632412287520839,0.5882410335613311,0.10901978629856826,0.3041082427759805,1.2233361540945242,0.8110716887418065,0.9887952172778086,0.18460828521136405,0.6769207227550704,1.7491202799379935,0.06827881868936317,0.7710412212869826,0.05745932978830099,2.809312126439671,0.6035750899114983,0.2379246726357294,0.49236186284797756,0.4567164039480898,154
0.3440854560362022,2.185560008543525,0.5507420502554183,1.6774734161105405,0.1684354145566335,0.5696514464383118,0.8335903802503845,1.1139261184313696,1.2289544744374898,0.12364352954591049,0.1280855473053191,0.6056199951571856,0.1602375257942242,0.6750296449538407,0.5568058533506972,1.580121647262153,0.9835044190904967,1.4545086339854851,0.19161338790877822,2.901089975076928,1.7964697064662145,1.9703125385280633,0.22440263099478366,0.03616771262776263,0.14075037791980244,3.527627255005044,0.9812342945125474,0.4517570087933077,0.9143562996088666,1.218739237203449,1.8008165623066652,0.5996460444955319,0.30692679217098473,0.6524413678286989,0.2649525982806536,0.5705849634582355,0.6492101787940884,1.857439481359695,1.9834979267103812,0.20762506997439417,0.045441900777495256,0.29537536593816077,0.7727726031946881,1.1440070161682039,2.879444432424448,0.4766923531598474,1.892162241339963,0.3555278852062489,0.6065257891222322,0.733083597716592,0.31514819018114704,155
0.22751792322654982,0.18525370603522184,0.41831141779199527,0.3314204840853819,0.40705034830705217,0.704631360272613,0.2935400018106107,0.08831670504998693,0.9150461196671712,1.0779655563375115,0.9846658150941255,1.01140781257402,0.35424136874234957,1.9838143009193911,2.8360201850619284,1.212721962691524,0.17257591429854008,0.5070390561058014,0.3105735282894733,0.2452570212812451,1.4003540795682563,1.3442970055410666,0.4794127900350571,0.29781817746738315,2.3656444892529196,0.244236372159909,0.6878257437678559,0.24005952238077863,0.5148907318903492,1.1295721442958666,0.43365506988226094,0.8980866728198876,0.38159209824125406,0.23244237347216995,0.12088227348037016,0.8515679021439405,0.0913945168329422,0.8612062597203444,4.811107950064195,0.8780282816781552,0.03841023842379566,0.756648174134742,0.7194370017714881,2.5927573078255173,1.0695065885778938,0.08366268372677085,0.6491350100279412,1.2460119074548197,0.44735584228813186,1.510828472743501,0.15184708636103608,156
1.4167701388102425,2.952577044492888,0.8062290504932194,4.0394331544325714,0.8614372887242239,0.2778803377571999,1.6929834836873352,2.4874545620650923,0.7811519329488912,0.1469993492549494,0.28062696098787,1.932958651538382,0.0004030968525692075,0.6142148817774599,0.10050069198164145,0.8322264358558883,0.15731032265641196,0.6229400569015329,0.6155841611862716,0.688278079194717,0.08294382556076776,1.7359081654846824,1.9927098272747015,0.23272098158740348,0.09474862725845615,0.056705215788888284,0.5395186333156196,1.0173914696512403,0.16402554198187755,0.08783685254999479,0.6209812485442142,1.694692756399662,0.954596025068638,3.0881369692736205,0.33169874139847894,0.8802697230433185,1.7064821527162268,1.3329160909582631,0.026190020572125487,0.5954665194162448,0.3656013941527469,1.4870013016102492,0.09468140327348705,0.3171265941698127,0.873607849407375,0.19901743130027738,1.8538536407393016,2.4836307103045754,0.5857850901082401,0.5107242086917524,1.1848866950731505,157
1.565439121618974,0.1359751897156237,0.7148669985651255,0.23079514619132713,0.483483244676382,0.5338194378785158,0.27036735685807006,1.170287206525686,0.6023297047194996,2.4559705639499665,0.919114297775994,0.37443587621256497,4.152426382906468,3.8357488928656944,0.9198317013319258,0.10356646930986027,0.8541771331929398,1.5764759322514779,0.32539718794808603,0.633722593902829,0.23627791123528644,2.874102128168274,1.3044170085041316,0.010085809151994194,0.810942426603936,0.7901380099668459,1.471964850116205,0.16717713034388518,1.5782974680155553,1.8406771789839687,0.4430940383607487,2.16381770245977,3.0771602060552024,0.964778433019281,0.30706554203353104,1.3699353440029738,1.86957966486183,0.9809786246827585,0.18894098126505832,1.5570296611100654,1.6453792763718231,1.3422398603591776,1.0838488272115432,0.3619510161895943,1.6057837511841828,0.26905539853309424,0.10348643399947571,0.4222530380450674,0.48019807543721427,0.34746684423520624,1.3188218185466665,158
1.4547934977827695,4.312276799428778,3.352750357676584,3.8817786289173606,1.387892446283762,3.2165775621075463,1.1510591669494556,2.607898949340262,0.6437517543354739,0.9226221856817046,0.8452024514144549,1.3129445003009923,0.15515712843051266,0.8456277652312236,0.11146171118677177,0.14014097045443383,0.03370667653002382,0.06239258775631564,0.6629273916558038,0.6148701931560018,0.2681100526456751,0.0006722024070753876,0.8921015123029009,0.5585134280025709,0.8896615746967038,0.2161386623805836,2.275803857721094,2.6383017462568716,0.07724229291929932,1.2853633275411755,0.0041040115438080674,1.0258834658945821,0.017110729109967825,0.27684805970042464,2.0011397870430057,0.7724718409410936,3.665873448703827,1.06056920304878,2.075448592839573,1.7831206844549399,4.206495210308053,2.612781573221225,0.9074582319620076,2.780573294124723,0.5316522840703821,1.6784218942028999,2.9121702868876467,0.707276963578826,1.3194326417414382,0.22346760453290182,1.7313998392135743,159
0.22482243854981832,0.06602369757465446,1.8454907049975795,0.5028731665809298,0.8312184419946236,1.6263663017061392,1.3154938848437046,0.34157075968742495,0.08099552282493812,0.21959041613442642,1.4533584856873558,0.4001241489099895,2.395590028919236,0.09900797799237462,3.9415033526461816,1.4280730324527964,0.5704614214048498,0.3858031471791679,0.651782964735168,1.3472692530385577,0.9628223300432968,1.2448140153287006,0.05670608674731101,0.4624570729115014,0.5002417571109591,1.811256834796568,1.2861751401909582,2.5331370373500035,1.1314662084232492,1.339010898187594,2.6858168483265543,1.7067838305771323,0.34391997195543417,3.6906916094156004,0.3012474170046809,0.9927220508883046,0.06399176847224274,1.6939371191109187,0.3906367538770816,0.7340939365863969,2.451599596453838,0.27150689352736,0.3357630908606111,0.8675132064280718,0.6656614491475673,0.8991113382144131,2.169576265730304,0.3768001079853331,1.4385764951249067,0.6767756675565371,1.3241736840333427,160
0.9331903709389229,4.1949704336400275,3.7455621368105825,0.0985639383327459,1.3159279695916786,2.1610288258643413,2.3959929531548525,3.510445035245994,0.1968955146123817,0.03462136325910181,0.737151224567947,0.6986519341837835,0.4152066454304182,0.4936316806331112,0.3628969998292856,0.1014880913513833,0.47817162192884455,1.2954704024691601,0.6668262402385918,0.15975155431388283,0.5159468206276622,1.8487279439704012,0.39346118248159695,1.1793327754452565,0.34974611545084533,0.03719185983057327,1.1732503272037902,0.7277709687850923,1.2372153113633664,1.9464348854743077,2.842698827667067,1.0475697750910837,1.8477572737323233,1.632358160827662,1.1961105661081661,2.190890054442517,0.12333158643249974,0.03296791156888995,0.3386558528426133,3.0535844442889735,1.1067300321264153,1.1470519043225902,1.900727205365086,1.7995928778239827,1.9279182484423683,1.4955628313107947,1.754493379352002,0.03723268201849639,0.0034122211246237046,2.7497651842721735,1.6239872839852352,161
0.04948357855712347,0.9865999352473708,0.07057220345744655,2.0237288867104892,0.12832419665802336,1.2376608624337402,0.5063986125715438,0.3078116092869737,0.9198985936209959,2.6351855341299153,0.9829610479030176,3.563367467128978,1.2793718742891746,1.5445241575076494,0.3792962344597237,1.843061320292718,0.5212758316066539,0.7222114256706307,0.8155049969244815,0.33233057534454774,1.0889659576190331,3.2945461435793923,0.531931212125181,0.5128689104134895,0.6246419121526011,0.07382883894259437,2.253811409263388,3.4512146987172923,0.22401526006850445,0.09563691613335114,0.04723434003536352,0.8370436525590411,0.061774757769442364,2.0519695386816696,0.13682930048122044,2.3900450710808996,0.9309106470479462,0.05085500442535561,0.37525279167496367,1.057998693348557,1.2446641851982132,1.2447498804802148,0.8415845744586633,0.15475617952031426,0.5858691832688638,0.500467246969438,1.7659498897797834,1.536648475495574,0.7579530858549454,1.260519041086546,1.43299488437566,162
0.11190787450309084,0.3278720218939139,0.955832456424098,0.4485024066984734,2.530441901628152,0.0679825056492999,0.04302946289975828,0.6402132956802313,0.18154522622994304,1.0231504460724372,0.2304471918256382,0.38887771192340204,0.3573981482006051,0.08616127317230708,0.4470262568617517,1.2040076034939993,0.1472630436364611,0.8465774910046726,0.35727622935764697,0.04972057954427467,4.050360163463447,2.3213171444254135,0.30873359157637015,0.6650455169747009,0.23957858242270083,0.1199572302378985,1.4742695235376462,0.14925314004769039,2.177808201402236,2.1554892862970583,1.0290323480866885,0.07273018962154099,2.014740813680197,1.4110418831976401,1.200335490665013,0.4172006103415281,1.611786413275916,1.6020528469093644,0.46697500507763773,0.4164228335521832,0.9916035932402585,0.0018094408398092888,1.585809357075783,0.011715192772733127,0.5959015320808344,0.17137486006919783,1.6737722926335883,1.7385372101919918,0.3030732534789483,0.24368130034466298,2.008584521753533,163
1.78766036826817,0.7171495135584305,3.751448713681641,0.5787121119854134,1.8652733057500723,1.7813182208016718,1.0449264332238244,0.6335525521217654,0.2542684282783964,1.2459991365839653,4.141335367085415,0.8604250970301932,3.277361387425327,1.7955884108181221,0.0905898664035896,1.6854310068224547,1.172454404030644,2.8223244771958536,0.4550361760210278,4.240069790003478,0.18272945122095766,1.6568823556919974,0.0799111546319316,0.277069020686008,0.23424844790040752,0.4089663137541782,2.449710621506866,0.0304343916386172,0.08648388394462252,1.1720553104936045,0.4792620795032273,0.5214909995387039,0.1518953595948487,1.4316871299905078,0.2022788620528486,2.6101061389201776,1.6730481167894284,2.460519308321522,2.0419710556959574,0.07859909416903367,0.14300458430380436,0.2745844866177831,1.849562317399519,0.7775493161599755,0.2892695414275542,0.30866632683495215,0.16231781663654907,0.39843307392042315,0.7338950356939347,2.045021612315847,0.8133182658906885,164
0.3781689955936633,5.133513657051435,0.34301434006436715,0.442750315431579,0.7389092052646892,0.09071011275100438,2.733515489503804,1.7399119007306174,0.9677615524049483,0.13172419021218326,1.5436795053641783,1.8006820012952558,0.9310037431933887,0.22371585614958928,6.8413723449129815,1.9356507104647256,4.335851275491608,0.18265305969689488,3.314701356879777,0.7338323086123896,0.7299400253874248,0.006357926249951855,0.7090329556743474,0.8800373988393957,1.0752924477756824,0.15014034180176292,1.1795173263194425,0.8260849410422179,0.17129961866950538,2.356905961188401,0.5778645736372332,1.0842736827062807,0.6222571693520106,0.8969579602427352,0.15947727144632382,0.2519494128505001,0.11593973923329609,0.08361066160525417,1.277954554425768,0.9873329617849179,2.222972853720243,0.21378766794109555,0.3632062395878748,1.7274249648641262,0.7327832799956283,0.20316525325971838,0.32152414257415635,0.5572838761080617,3.100179471123013,1.5743766794508334,1.272084349942131,165
2.7177206180465223,0.894644713026827,0.2170579320995001,0.15603686314840734,4.004800912970437,0.03315306680220415,2.6246458665442916,1.7138170963357258,0.12657930604394171,0.49823799226432103,0.044814646423691665,1.619768357116633,1.3711095301980627,0.16481585747166694,1.7354471985773483,3.8951414642817985,0.17066485651329574,0.3229887211896452,0.5311552424573349,2.3205094289437107,0.08586165122259379,0.4290738688874721,2.279080116248446,0.3994128987325396,0.6664370865129362,0.5910286427249872,1.1464724436795586,1.4154916723308115,1.205745201574916,0.09458725627566765,0.5464879389389086,0.5542433350022603,0.13823379067453329,1.5692626532377156,0.3315994015688512,0.5595969217494184,0.5940005553170494,0.7055594731262058,1.6036543755431982,0.8374864687218645,0.5445961856760752,0.6915206375681686,1.5278023789128898,0.23143183939704204,1.6200897422271676,0.6659916113924657,1.5933234051936414,0.401542206698133,0.12044996638034726,1.102980446396624,1.8810629932529443,166
0.2590808266457492,2.2430101161129654,0.23600658178065978,0.9832920995432151,4.190102182487118,0.9585961538987475,0.6884032006120052,0.24621761510238746,2.3649596903144023,0.9489119736464464,1.1908253363765562,1.0004467134153516,0.18980646653794628,1.4415789270068018,2.415326227064439,0.25120931315864264,0.3200485506627395,0.36138485787796604,1.3408289888754683,0.8198122646921575,0.4509360560742156,1.3371184381186725,0.9790550086770577,0.10827572763551678,0.9254210874265952,0.07936497598202821,0.37959316808087284,0.6120576684760732,1.2583048182881629,3.567849251413541,0.02175761264023583,0.23170462009956183,1.669874745923465,0.743049393152595,0.2673134701984469,0.3326758903480128,0.39915319959190065,0.9101101078249355,2.8252960130505422,0.5393674974124192,1.5178022461126934,0.34823437838596694,1.1859222924377117,4.282928380234303,2.3432703903852192,0.10008729965666327,1.4651824856516813,0.1868817960910784,0.6300387175662459,0.29979815345586275,0.6097364703608813,167
1.071680435507005,0.7790695939144135,1.8029901102135821,0.8077270446306679,1.6111175877192327,1.009423217217731,1.1776974527154076,0.007844291237637956,0.8833581326309953,0.02713241626889101,2.239896873978789,2.0602348694870694,2.8643845422769414,4.697464414223698,1.5002660908229688,2.565299899900299,1.4434757857447644,0.05281405718090492,1.1944567857257211,0.20837137636849357,1.2052694797631276,0.18237138223798396,0.1277362921246747,0.0714652739035747,0.3822534414598218,0.3359180279025025,0.12768852874992334,0.5662495681450828,1.0359934969598859,0.11931997303540957,1.1587546012934657,1.0197043109900181,0.7378539780549461,0.770334673668997,1.9648177064090424,1.1074122317092827,0.26509134726164857,0.3681991796190087,0.3647194095944573,0.17273268069635872,0.14333471935960082,0.7797766574387434,0.33623019721822167,1.6348473044094447,0.2755840711610453,1.3374047562348057,0.24340446401486815,0.8123924599170855,0.18509565549214718,0.9162811390510828,0.6712033105822874,168
0.7787957924059133,0.8272974999909947,0.4796188811356576,0.236709096624805,1.0928110818524155,0.15719101578974173,0.5764087199818596,0.2703088975520839,0.43787301912367654,0.16745870870799487,0.48047786713676377,1.4661509560731047,0.4052690636142825,0.8712468087657113,0.04153028652187525,0.06874376141116581,0.4106299277109611,0.47751084798745336,1.5807678940019811,2.1971823266192683,0.20319860856934696,0.19956027159952244,0.7299924029382832,1.1533670852126168,0.3384964590221715,0.9755925167577965,1.2858628177580171,0.00857541431747296,2.6533970497691626,1.0246727945184542,0.00260890190571182,0.5969446931991039,0.6835311189071417,0.010266757662780259,0.2803107045526586,2.6999656007465447,0.28871440091260764,1.070491045905875,0.7993307643695858,0.6933547922689228,2.0341714997839726,0.44533812116563887,1.2360239498921284,0.7536557029196818,0.19797730281447778,1.765819496628893,0.0029253457568809552,1.4424711164015467,1.4839921287078057,0.11794228341763374,0.2906703534045261,169
0.5543031269951676,0.3711496037617835,1.8550364666414876,0.06669984245385974,0.6609432479143491,0.5360259316036985,0.040781304418596134,0.09480571987048275,0.600018380455936,0.3701835938843999,0.8191230696007132,0.7874057046640011,0.07354365285564055,1.4313337988923525,0.5127012947632018,0.47442199233120497,1.3544161996251944,1.021073763850588,2.3172467140253703,2.6782014111767025,2.8879973917484327,0.5148668633018636,2.3253427549183723,1.8629643579150172,0.4370018347562817,0.8557467879416043,2.065732866888722,2.716153029245615,0.9958076492159654,0.02622360895340129,0.2508608169384367,0.1968137051994498,3.5429928025164132,1.2583763208432448,0.867021973437406,1.326876433469466,1.746492086416326,0.7724753813245168,0.7782260090907771,2.6226169060949744,1.4365770585113053,0.06337919112762617,2.0946473893603885,0.6325132392841755,0.9986754690086231,0.18028046547173687,0.8657510478114013,0.21318758702136004,0.4852494725107026,0.4628555270618826,0.03129377371258582,170
0.04550654338706541,1.449768412430834,0.3670931076364066,1.2345264157013325,5.526454051627571,0.2282595934354414,2.112986492000821,1.0405077421608673,1.1781416496506159,1.298303012231453,0.3405075151347019,1.0537632793640712,3.0870433432436033,1.0141608966107212,0.6129527301033408,0.9466094950015128,0.30528800163386144,0.5260087381552004,1.19210914557781,0.48895752277053234,0.3067964135555555,0.24550002869881754,0.31233308240193886,1.0344571024938747,0.14244942752412496,0.5405006306402474,0.8045706167734841,0.40062668362967363,1.2808198377423519,1.3659363910556133,0.24036179725774812,1.6696878666351442,1.1170303209221522,2.837112896483909,0.8640470067794075,5.049614072832996,0.28654300222009066,0.1866768358666868,1.1529726742545148,0.7612176614971911,2.633481454679744,0.9180493734155893,0.5877099214811617,0.4673337756491899,0.6125380162207237,1.6790823334465794,0.6114883932625564,0.9424809327796817,0.9617249453611233,0.1820644900427685,4.238404932438866,171
2.527836478507465,0.3433133433175495,0.6833413999850928,2.804995643808473,1.6145531169655247,0.6806765305225735,1.0260413064877425,1.019664950131142,4.1662675698697,3.471175609584818,0.8116345878328691,0.7468231537362081,1.5621838732903117,0.3441158874159747,0.9850481910267345,1.266617013086823,1.8978349698416335,0.511305380361098,3.101927370430867,0.41256152723020256,0.4957539161805982,0.07699783856137386,0.031550495912021026,1.0833816496765707,1.2083190572441942,1.2645136198189555,0.5450953126521741,3.155118541017452,0.4853414897025799,0.21724837490943935,0.482062224628242,0.17812899772765226,1.6849613719023648,3.1526726010200585,1.2304668718055278,3.813523844721664,0.7154461336419472,0.4715260397403927,0.2838152952189758,1.6359013202525057,1.549744389613287,0.6424738589498917,0.16092999591754234,0.03845238738043204,0.7591833981761719,0.7394284682679098,2.709015305930623,0.9259727838319497,2.0823057467080637,0.11013941844107285,0.36315494112677255,172
0.4536584955566469,0.04287183346750563,1.5632234975241976,0.8994992358050804,0.6005344918885507,0.4907401715058586,0.9438474126219685,1.5130436294332017,0.4373668474096982,3.301463594162003,0.040233764420194364,0.40885425836215283,1.6156160147778147,0.430261805086474,0.21860887699835616,0.15725190046327314,1.4374535718932586,0.6321971921173923,1.7766279168236314,2.8269853258751145,2.62495494959801,1.5116699342219837,1.1689328435210122,0.12706795171345708,1.975819090818725,0.770096106873133,0.06747249374888703,2.3927492463951583,0.013144469391057201,0.3180688758520232,0.2288587809896509,1.4092237093471427,1.1256564942422824,1.2057757019524171,1.1124173134489121,1.3554183002330682,0.6416467773124748,0.29817971814803934,0.18237323569468092,0.9311199734372724,1.2908424303392287,0.052897231866646834,0.5633016649019456,2.9394124649744287,0.18764446725403514,1.2016540935211477,0.4370364136235998,2.8240668335750336,1.781012032086536,4.172533577331438,0.6436212804813904,173
0.9657321024433644,3.310366529244748,0.754042923681537,1.9014140456516273,0.019162343910621733,0.06787536443370754,1.0997533402139978,2.8139388384987027,0.4710985994711678,1.324303755291776,0.6140700229428939,1.1404635305512187,0.27119992754629296,2.481154971010867,0.6901255644060358,0.9440654116929795,1.2083224405116655,2.0144616882638053,2.57474144856929,0.07757236350422288,3.0353240388807685,0.9148006694096047,0.8141801138315932,2.2344193774406973,0.35917057944943714,0.335576398102614,2.026215971684389,1.4563482736211142,1.21558999119663,0.05025537043980205,0.3022043851831337,0.2910739765657746,1.1568038504894949,1.0981928427683694,1.9073678816625033,0.433284088653821,3.419919790095862,1.7886418196803837,0.042469284895665586,1.8472569171998183,0.8664436751241528,2.8561891613835804,0.19065586469272774,0.43280712801125953,0.19628327208670554,1.2188108576116023,1.3266656338902574,2.1519200660551814,0.7652621435559281,0.5266883849511869,1.0359371380660733,174
5.494381342600923,1.0151373230664273,1.3041463250135101,0.2817840157756382,2.337767140597896,0.6869384166202033,0.34134405465319884,0.21855848662609303,1.8756426152974963,0.03714185942695237,2.306797292471752,0.3142857989523302,1.440447293131192,3.751053771658845,1.5245948928175101,0.592390689316192,0.4683974798077195,1.8423956529944592,1.870842717313548,0.6508800541161324,1.5406707920538611,0.842695933936218,0.0836541320820497,1.290085498596665,1.2987321331713961,1.6557755093071815,1.9387782022854796,1.2229664253955117,1.3278663564864701,1.537373630995027,1.0881353204380515,1.5981451201364791,2.938521137414159,1.6131811067687651,0.1475114515713713,2.5095272042615964,1.3810893770360846,0.025969138673235418,2.481756295339448,0.14493936486336398,0.2603830599727892,0.08739864457483923,0.04344242735060593,0.28943240326002606,0.8911190578992132,0.45160417310465145,0.010756219623645289,3.046601715172337,1.2051042451899774,1.8768412869917703,0.16713312304089487,175
0.5225408637569952,0.009837100558845648,0.9895271585468869,1.2518070748151653,0.25183699857901165,0.20423843871485556,1.6985177282636956,3.3551691133591413,0.2496409135527116,2.386215820139226,0.17956090570571395,0.5536490409948435,3.028911137174867,0.5302231270944032,0.19605968981608446,2.4357996244215645,0.875579165063782,1.8973675453803762,1.9613533147915059,3.353494737681572,0.7065533787109065,0.33459004001742965,2.761773809019019,1.095499530570098,0.14858684526230448,0.4801529375686624,4.313675368150009,0.2419790126751566,0.1531002686906687,0.35005072712716195,0.15150021581557996,0.22431846012862702,4.252535470511533,0.3884865716673939,0.7834021860073367,0.20902780843420402,1.1677393664172748,2.9983328957129256,0.40953971467862876,0.5699636116434603,0.27596037987828503,0.17542130563886044,0.48887445025154713,1.1884289637230248,1.3716952791788937,0.2487984564364553,0.9707306000734303,0.8082339867484575,0.05123039518675829,0.3372568844771555,1.4723418624008613,176
0.548319384138184,0.1553859689793687,1.4768776288280647,0.40281970541867773,2.5612022746177736,0.06987449547728466,0.5004840169214756,0.4476387677948798,0.6035360730984287,0.5933183489425876,0.06975677905467173,2.1311019906878674,0.13674328283271073,2.149671113328859,0.09562212998798686,0.43748133787996957,0.03890704641184361,2.1166692686214352,0.8749638953916103,2.057768729049184,2.1289480004145838,0.38190485143281283,0.9489246177856652,0.35489789081745465,0.4005727445591485,0.8933257037212393,0.5180060262584636,7.918580964500937,2.4983170275003537,0.9154939543597428,0.3232244624168763,0.7720283782677959,2.1795175498212607,1.3504444619598386,2.1678083771367764,1.351927728413619,0.5459988592038776,1.0652737473612186,2.193954246404925,1.4601443666683325,0.032988750755134855,0.8057237293150232,0.29623569022651974,1.2402583956277413,3.9084394962008364,0.5379904989446926,3.346532600503301,2.19376368315129,0.6580313552903215,0.04363366408453557,0.6309927294443867,177
0.8028303657561953,0.9984733641855457,0.09933241802011987,0.8951488470357797,1.071707259117936,1.306827679032084,1.0196451085556137,0.6116023024941479,0.30638915784320075,0.3226862351992208,1.6822955831253268,1.0052631942225825,0.1559413537035897,0.03850989186318111,1.3496105402450338,0.07687871786575932,0.6415046810776591,1.0467589376464637,1.2208089552170154,0.7005578911476766,1.2347738849110605,0.487727904336596,0.15314834633989846,0.19464681404903156,0.11709895511688083,0.9966755738528256,0.1154447754270693,2.548198522897968,0.1366300967006799,0.005321820264139873,0.9358486522465709,1.2157725492859808,0.39513620441633285,0.10550464380712993,0.1344277429913985,0.5181261306406423,0.6695557857014702,3.083353236440944,0.9814101291670204,0.19035979716087936,1.2919156585491307,0.5289132816655082,0.13628793001759731,0.4368574252028556,0.1715009477478566,0.23964316705372424,0.7405162485317913,0.4410586497029675,0.13918194973946393,0.3452978547608102,0.6758258507049298,178
1.3675362896553769,0.11402800235164784,0.9697288997292179,0.22196583322468222,0.8053141363508157,0.2344804274605701,0.6954230430837838,4.640836922767322,2.8979427323602467,0.6486084597524316,1.2888793279835697,0.055671117070265376,0.040674454756710034,0.29329149890337114,0.5009784445135654,0.27629442411881733,1.8503330984046724,0.19434205272579766,0.3064058816489982,0.09940983304322014,0.5846440405635935,1.0659672745576783,0.591486482668998,0.45762282509198465,1.6427924438877648,0.022914564203185033,1.6636880303000565,0.46786261731664236,0.23666984060131907,2.8101233334402616,1.1198146364126413,0.0028503014673229043,0.8553876122243961,1.8668584750130401,1.3051953888763959,2.094322235091991,1.8834890520024885,2.2979859449177535,0.39893103205936215,0.22641913739520705,0.3495063761584726,0.598901655133357,0.012143122493455661,1.835332793616934,0.7377351338914856,0.36181205067972827,0.3068204164373935,1.8846142064785218,0.3769450350454163,0.04661101772497934,0.024567067934361402,179
0.223789061984427,1.4210986580452316,0.39599910805584676,0.07708249637471495,0.789405848085183,0.10806716280748907,4.349552576665166,1.9511120163522382,1.5402603521956593,0.46301583297286836,2.196963498665319,0.11318430377249233,0.3173023410501556,1.8024500156896615,3.8598993980982126,1.343587309861304,0.32731004267677766,0.7216152204594807,0.06888224197677624,1.8418470997401541,0.1489578548641896,1.415417875393791,0.4345694207263825,0.9049382337242226,0.14961703006788415,0.5709323865551894,0.5986516654465012,1.6803732257939878,0.8158564503594762,1.2138280546532825,1.2289162985912492,1.7158065975252397,0.0012234014467154759,0.5187401590486558,0.22898520398311345,0.16099769537547748,0.42184070962058845,1.0690142597958285,1.243989376651404,1.1767437823322993,0.034058875369470366,0.7406616730677558,0.30819093636547695,0.9034220205208233,0.5467337354115921,0.4841480326611728,0.1538615298285823,1.3574863748485908,1.2579405332718774,0.8422395506044269,1.8693606909792575,180
3.761920100476975,0.14728837782674153,0.6956839627447444,0.02815389984832949,0.8435123350569136,0.4170593723864815,3.4942035957645086,0.1849097139718058,0.4768551592449327,1.8650347201101272,0.9630262283204618,0.03828595986919018,2.1455245187813565,2.5684501378651903,3.163767418529701,3.000863307732377,0.39260284196999984,0.24924959772846975,0.32890985613338075,1.988309928437691,1.0981341840875392,0.23259916959290547,2.1596195686456774,0.27759060569492716,1.324949770668351,0.1243227995494755,0.013474141657880368,0.759264490400511,0.20770731388072777,1.8971271629561595,0.350072856314334,0.23486418472417298,2.7743455636885943,1.1506809668186169,0.42915746330239307,0.06178221010757872,0.8952667407474293,0.21982001947044888,0.6807481433052051,0.5149003479716638,0.42905345022354713,1.8652127764943067,0.6096166787665369,0.33132589582520505,0.45969786558706377,0.2722234613526407,0.14086990877981484,0.7710661873306983,1.994664718488039,0.48106185182969613,0.28357049666725,181
0.5399730687231549,2.7838800135571993,0.41995348361879903,0.37889240475313074,2.670611766484114,0.15353954625900457,2.2404358236296296,1.622852446623683,0.9648378339493465,0.6481089443366589,0.43750065791006243,0.044167596942009724,0.3137188216930614,1.4145688154793867,0.5755505905554436,1.4627022994865169,1.0317845569986894,0.550758185332186,0.7106799592739671,2.317713723484437,1.8283499320599232,0.28319895674022605,0.13831458229860863,3.3223075975949294,2.1150205510198123,0.287237935655547,0.9443298166281678,0.8468385319042786,0.13798779739269212,1.6752548312015028,0.0755430171730591,0.09390034891960582,1.4803343666165376,0.9832658768930886,0.3737627346955839,1.0403354622555847,0.2387060298898884,2.986613232794386,0.7948056478996781,1.9543346216232425,0.697812573007779,1.004171806872,0.14627923209902274,0.018534845588529206,1.0377311653923762,3.3037662871476177,0.9353345816631694,0.07946761258244346,0.7400028126784252,0.13865173802769182,1.0895732573940908,182
0.1622917074073926,3.380719464435043,2.854988835009391,4.176002207933728,3.2083493285367597,1.1085786685434629,0.18984011963671651,3.270941082072285,0.34217792074733194,0.6497431703947403,1.2171811388864269,0.061808934283191085,0.5145359797273075,3.4046038522962885,0.27451957868541066,3.1193598360774253,0.5315100590043155,3.163064735094856,0.058753335857961705,0.35827523913980874,4.245296521734307,0.050528451113975206,0.5596722162182692,0.18778402793117546,1.8301907637263024,0.2758705896882525,5.488172898654498,0.056275270161250855,0.6751998151617479,0.04937989230067147,1.185762384113252,1.36594088339949,4.03504036636651,1.8486357593930134,2.869081525519785,1.4943446601652377,0.2965058984467221,0.6063313919259057,2.1822000405941235,0.5760340743724777,0.10516133694347772,0.3350465598384019,0.10087073211228469,0.14551191662241414,0.2707114135565091,1.673466759243797,0.7248243342451253,0.920896977710234,0.36727061297391606,0.6600577060537591,1.5547220739130307,183
1.3046192114947306,1.3466270489735621,0.2504267278523906,3.3188008264206332,1.202245281997337,3.2226728868585135,1.2556008202245474,0.4291353380040882,1.32324319607043,0.46806281219195395,0.23544188736432464,0.0011840825076209862,1.9722150293571588,0.22270412739047335,0.19856882938207926,0.4358784790057719,1.4193537492337787,0.024200734415217102,0.8102216399789267,0.46480992572564783,0.09759391893867962,0.8266521118192994,6.056596654952677,1.367493933329116,1.5799929494390441,2.905098371153325,0.134580060330734,0.045676859260499296,0.11659714143732273,0.939780229544741,0.5740535431713435,0.5822367153564365,1.148216335892677,0.03213010979455863,0.22555562010328092,0.6871905677940956,0.06814046444998464,0.915466212088244,0.6919226602964318,0.19995507818085487,0.19486682564675872,2.3353873010313153,1.9070901841416787,3.0657436527722126,1.509508269270836,0.2431816994584294,0.6957688775160702,0.38068339212657654,0.02822971635169493,0.49442031790252394,0.3792810329075422,184
0.22891482898288593,0.5285061749907984,1.2472100959555248,0.5237714512616954,0.4130805385196102,0.2583055704166007,1.5906792111017551,1.063855024834174,1.5760570339033673,0.5075331098792786,0.302061803283986,3.41363437635191,0.6126847184128589,0.35724519803185417,0.07944641097019972,1.0239709332821503,0.11318655776800393,0.38659612386025805,1.6538429472740677,1.2432536498999367,2.16999691081007,0.7122247144958976,1.675581658528412,0.032190673746744454,2.7120466443822844,1.6386953971612988,1.5580667796675194,1.1723020513310136,0.6968071070765586,0.43625007934694643,0.8438150521643654,1.4707223066352662,0.8674577081081145,0.3893884773609583,0.19443398394624892,0.3631393440970176,0.1789066795733077,3.3660965555080176,0.6751182070378307,0.4356233054765332,0.15684076597263477,1.0249486260876537,0.5825344100508866,0.45416810854883244,0.7242643619873718,0.5931989913453513,0.13393992522585457,0.22056081033554584,0.23053856197809539,0.05663909886515689,2.674882845780694,185
2.1858477000889245,3.624477144632702,0.41101854507991364,0.4025431270426167,0.5109712060492109,0.4543697026040546,0.06671818316977256,0.1631898417102079,0.17282440011095634,3.174630973207157,2.3872976855887855,0.8441527782131671,1.0710647559892896,0.16426280040869848,1.2014099560492941,0.09474552657381481,0.483349325186431,0.29985930117046344,0.5652567675286976,0.882213392361693,0.43325004827895985,1.989410850152489,1.1909836948525365,2.515689154900069,0.23313704099143034,0.08084547403887302,0.2070569082371791,0.0005929295338473566,0.47789696898660733,1.6020783194294146,1.9372118116247394,0.4968958357123719,0.11294967154645735,1.0777562493614186,0.9562518487655082,1.1171371916408044,0.23568964862979644,0.08888832732470311,0.01238951229767223,1.627853483154374,0.13277205112994456,1.5680525364049331,0.4477315714116586,0.09288556918740337,0.7318389029971777,0.7629999768214459,2.151677405586846,0.9641738509582297,0.32476568103721754,1.8922120901424113,2.0512973145826443,186
0.7161981444022435,2.121306840186408,0.1928244140432679,0.4880718099084314,0.09211713671972532,0.0985104889361751,3.2238036492261615,1.2121611573524995,2.427486937099756,0.11627647158410928,1.1535920783165667,0.18841492201045912,2.7606362033134904,0.17997929146692002,0.8831483236849705,0.7160648217126901,2.9172713889592585,0.3424398464258907,0.06577490992292984,3.1936121715397725,1.6347643795608147,0.9247688599715924,0.7831924051564013,1.812835886414106,0.28780171060447945,0.4879992413222935,0.9032884499887046,2.0922859958952276,0.15746484364193342,0.030386621655474805,0.3786427608771808,0.3411696525927603,0.4633966212869417,1.8310991264247025,1.2906462410735877,1.8799396657711642,0.7859031286571252,6.894777653581344,0.2735609326498767,2.60738972684687,1.9273039666145897,3.8094315527815072,0.737955409667664,2.463087010699807,0.1866281574067245,2.3877977504614623,0.9230646699482058,0.9380655908906494,0.4814513370868964,0.9219249384241928,0.19939788157680116,187
1.2729106480469876,2.187935116570564,1.6754973626153848,0.2667541933031026,4.0919251382347595,2.1258408692690187,0.8252398565118453,0.6756447930021678,1.1647977502436557,1.3291365606636683,0.612773584202071,0.14049566759105048,0.3265524718160602,0.651865206081485,0.7342538019969338,2.3529573059609104,0.14332139307230155,0.17040235577582938,0.544208661954546,0.015127534001928577,0.03565705063618437,0.8273623570546937,1.3120308381172603,0.8821256592417187,0.01951218785930231,0.0011559872963992893,0.4237654246818602,1.1496156683300147,1.8468987410495847,3.136342988902944,0.1272698154349526,0.6441912910948585,3.159999250194627,0.6146122324941764,0.016088217980483877,0.5791961997633341,0.9360490649561383,1.1071381190684237,0.9865611797594581,0.18220619431546323,0.9553294668512287,1.6823933667596906,0.8609945333154515,0.9886384847172517,0.5120918884153173,1.2627518355293117,3.790533616835239,0.5645115942744254,1.9907535045194702,0.12760909778433638,1.8641481904199781,188
0.8426667601410368,1.3898947943626787,1.6748590880110252,0.602593425352892,1.7938179523423545,0.529840269101421,3.658823523410844,2.536076484145787,1.7851796321241513,1.2521924968605547,0.03230148092147414,0.495307784949833,0.4473407889880224,0.44566304721970734,0.30169230937409575,0.7855377874513171,0.2431119102004225,0.8036686687570055,1.1397996386097122,0.850826273800296,2.411526346827116,0.7489058186850835,0.06351923198710327,0.43591417948598016,0.9412054562600228,0.5083196263763443,1.4077503563830287,0.29735083253370737,0.4321339294289474,0.8128905678693461,0.25245469833050316,0.22301165653604885,0.4439694661923111,2.557203516931396,0.2618796039711819,2.3027413245140047,3.873703634937471,0.24397979622629193,3.5037417038879113,0.7363546229725508,0.20033580836522397,0.4718419685685604,0.7122173889697695,1.3237140548951258,0.3618808733335459,0.08171248650140793,0.3621158805594367,1.464345764327498,0.9559888434929906,0.08562020134843802,0.449754725397601,189
2.075313918849531,2.911658104747934,0.5857659629640024,0.20957652320940376,2.66435433977543,1.8610296556627186,0.07769528526162305,0.8806296057878401,0.8026095790859467,0.1513041370727826,1.9554954842887502,0.7228551269899147,1.7256598343123268,0.3922556298015528,1.2734162086331948,1.4333173176341356,1.1508271672568628,1.0767202922272,0.08434541053705424,0.2923333574342335,0.7559885679242836,0.2699113920027765,0.2255271743228191,1.5062335990829514,3.1667912376788783,0.1861645219678347,0.7106341867600379,0.3053292070034776,1.5296444914640706,1.9964014077519452,0.08691813164812211,0.9003728931613523,0.7361983468327533,0.5592102251532207,1.934656323411596,0.11595188041870273,0.30749880463051077,0.729648978094554,0.06618858606541432,0.4545629388977413,0.2423194756480473,0.024664967418592764,0.4362537284761153,0.893494285211064,0.4449629982076464,0.6662586188681762,4.203516475802666,0.6410939829955983,0.3411547486576804,0.518575781343626,0.07817633566596552,190
0.28390565437329474,1.7894137784327087,0.6877064168366851,0.12314589866567512,0.3544887625380055,0.48006296465080317,0.5391610115167126,0.30272577230015,1.477784559268208,1.1171058831503027,0.30172746643499077,1.2706698756435828,0.25992603113724094,1.2665308333943595,1.2629810164279642,0.21573632385380787,0.16830807725155836,1.7297228607595452,0.3172043639071171,0.002437143903331943,2.0234225562431716,0.6180685688871941,0.15715677706669523,0.7393801534482909,1.5379646795564919,0.005449876229768867,1.6562552508219712,0.6769485249961678,0.45633175954285804,0.459662624959363,0.599752683091872,1.0704947935211895,0.4999341534712239,2.0813596097224205,1.1506372885379765,0.2711435069350789,0.49133403863636904,0.013234834190954912,1.7994545337194863,2.0790860994477542,1.2201092128536912,0.14858730460197925,0.6694421650657845,0.9716662585658152,0.1754975356284541,1.802902871163212,2.9386651546270235,0.3423008729033318,1.0212213943445867,0.7571469400431825,0.5451783391472005,191
1.9387632989550905,0.1690382297499129,0.10080550642186893,1.2580366358280353,0.734706834474411,0.10899261810146088,0.4196035196181917,0.9239390345930848,0.2571686385403433,0.2708653254218563,0.024916693246983437,1.3095648561110858,0.406932992332094,0.8755026407630805,0.7158538725591452,0.11588721638301762,0.022097556296653012,0.12285690733274801,0.11635121699603773,2.1283872263634773,2.3628086583604175,0.3702779068632346,2.4272637098566374,1.7452725452922297,0.08541971042342958,0.650904681820001,0.5060167518614277,0.09829805286339029,2.628917940457636,0.17497500780554362,0.24023406360803587,0.5779513761572403,1.240329818182074,1.135189891097328,3.650654232375829,0.38250306156060865,1.4814952948667701,0.08777771167856505,1.9044811823226562,0.88160555760478,0.2683239725587786,0.49627817349479,4.843272847728288,0.4035900563099948,0.5633929479912916,0.33478771159684295,1.55494036875311,0.07000105122710072,1.422819034281806,4.134301168887213,2.2296125025215043,192
0.005926499934972057,0.9055670507820848,0.10598279341682698,0.647653309313331,0.07034514664613636,0.09254963239515221,1.3859225545208531,1.8944038617150591,0.37789261857798595,0.2866094520520989,0.960355934146722,0.7336001340084448,0.5292179080476462,0.7117277289763926,0.13779742224670677,0.19537342992540332,1.1380365717463243,0.40338893587200986,1.286595877077569,0.6087864924403775,0.41484447732602764,0.46925688008393884,1.5071685665536148,0.012632075840751064,0.01322150460099246,0.2459603748494982,0.10246905234712265,1.4816471482723064,0.8696721140531587,0.5666472009274233,0.34785256898834577,0.7831583257620041,0.18635884563242128,0.4017708175761761,2.3202898107963748,1.3896715074240884,0.15478788883663153,0.3757956273783065,2.106581834614489,0.3779026679001398,0.29038479939055817,1.6398958855429802,4.462114010609062,0.9497421969039297,1.194511011620762,0.7555907192661275,0.281155000607774,0.004500198505870392,0.04776145508619066,0.2502989090610182,0.31603456059249996,193
2.217003538732062,0.36727501350845865,0.4845314187422674,0.6174171948934849,0.581556785145469,0.063068434082698,0.05218024634686736,0.334250843575401,1.8705257212821518,0.6153537138637213,0.13862571026203088,3.2564844453035358,1.9689931457421728,0.28943362249972227,0.10815772381063937,0.5374281991379983,0.14839002943535387,0.701038614462477,0.8200067083859992,1.0675781463862988,1.8049244619946514,0.8013734701046611,6.11777358551894,2.388781009026545,1.454684992328612,2.6056539038142206,0.48223101679137714,3.454800368182376,0.6958579055050479,1.7930358276761895,1.7499198870765948,2.14467238764007,0.1670668417155952,0.09870283128487836,0.7412868058013196,0.5401233409014323,1.1091211611093077,0.35190219423949726,0.42502543536976123,0.7097977583497794,0.3889003823602077,1.9289151631473367,3.740980884701329,0.03532061287509448,1.333271762172778,0.5232144930185967,0.08921088913817483,0.9668927183838473,0.5511758723388996,0.9392526477046971,0.887230952385161,194
0.44162270133448356,0.359683340890481,0.9728408187415781,0.894929156289003,1.8123735203373743,0.7708915164466242,0.48824015752761624,0.20239576576177984,0.5400113770864445,0.7766050128598134,0.21872925836294865,0.1910397272331437,0.35873315008287426,0.791196724292192,0.3559262232169872,0.5923070346986491,0.396853866500507,0.23687407174607494,1.7038124795153733,0.6280422641168973,0.2868928746445341,0.2252181107842332,0.4411506517161878,2.294027641030917,0.9283294469897783,0.29739344597177375,1.3428919541041955,0.40539465228309246,0.3519648128011594,1.6711289324611085,1.3214142381905234,0.013602258766691657,0.6117774745543345,0.20135865545040396,0.8639087380570573,1.406291677181723,0.03460908658198036,1.240335726800748,0.20703457554191984,0.4660513106965458,0.9818149486446583,0.3523860781204966,0.24287656477227618,0.021024427286631998,0.23372576302288006,1.7184422751636823,2.297518888952576,0.8057510547658777,0.42634659411444314,0.5489270383282396,0.021777400271063455,195
0.525199015783738,2.177080447310648,2.556389900883782,1.511012940100613,0.35855213089042715,3.768055963634475,1.4793580094683385,3.1509050094797857,2.213481969549734,0.24915548189659173,1.4467452199191035,0.015747744957410745,0.2647632560912451,3.539347820003416,1.8763707922328732,1.4388676252863957,0.5554714846404635,0.6635004185764021,0.2558352392131234,0.19600713462080052,0.08137709365024141,0.37287850906961345,1.8317166915177785,0.4981895439567344,2.141880195838761,0.2857512184289263,0.3136688889909898,0.4628864624927168,0.35749521229306147,0.2032614404729312,0.7588819978721459,0.33037188066803164,0.2571857857818714,1.4169128729806928,0.7189178317224006,1.0181204190774282,0.05272726433429069,1.3747415720722758,1.8271930679527528,0.4746890683605954,0.3584110079230031,2.63266502503899,1.0579666190131858,1.7381072851446757,0.0916670594524653,0.014506113573944494,0.0643023755713109,0.20814694163674388,0.3582576715551305,1.1718779550558476,0.3817319960158064,196
0.9543709465571714,0.047322198026530655,0.03783928805340256,0.27444920937771644,0.4659360937148518,0.561912124383812,1.754764026193852,0.20635802835443623,3.355216607511576,1.120875329677261,0.19912266590193597,3.4877660973786693,1.6711154185867056,2.955090478179751,1.4103830871788732,0.6165183753429102,2.402612567878649,1.2243256415273054,1.7552345725495777,0.852448702596238,1.4559773753398182,2.916267152255904,0.046804047271180746,0.5228042843419732,0.48539838526405793,0.36227106127156683,0.09252421353813182,0.6607114022751774,0.9369517016628737,2.6703831873666473,0.023724293990437913,2.0308723789468894,0.9635348535346591,0.7642381843577205,2.057502325050994,0.08040697996573815,0.03564242897063312,1.2173661919262089,0.6908281344250015,3.5247045117289137,0.3787066062148913,2.5253236126501326,0.4105925148775584,0.8556427780249287,0.027706203603416225,1.165726684278164,0.3013003633490127,1.8169512151546525,0.14999825849154128,1.0083793115571185,0.2148418761377582,197
0.6870619444125765,0.08413446161310117,0.07170319332992947,0.4065910814718675,0.8887105916684641,0.379923369230022,0.634491215010693,0.5753469968681895,0.005140926664818497,0.19375869128520876,0.95641160063417,0.3047559636111496,1.504495609517885,2.4846819844723136,1.0208785486074772,0.32277060587434925,1.789574562632901,1.5659102636083082,1.6107902250283523,0.3752863466056889,4.141082963994038,1.7545458367200661,0.47262900294073157,0.37791068631731733,2.138162091417607,1.7970428641550378,1.0071583498729848,0.05708528019712952,0.7659924530562595,0.9285414907426724,0.07666885880417407,5.787672799499103,0.8607744157505984,1.8071242028974444,1.8418254128369853,1.0515604756712762,0.6262445659209648,0.3226896597998798,0.5518470764027326,0.2938313718513712,0.5337590504075806,1.2724183578427732,0.002401024009310547,1.9527554972361267,0.9378306930642809,0.709752593781609,0.28385475082072126,0.18627564856388304,0.8920432047480773,0.003508604395587259,0.9643849066933942,198
1.3443859403314926,0.1698586921504209,0.8376810224543532,0.47637056052757915,0.906336190746802,0.06272880586067812,0.21051776156629465,0.9935162059022099,1.2739653894572858,0.5493884090755029,0.3207154720962301,0.49406203445208885,1.5519195566561976,0.5020166362142534,2.428389925785211,0.33552467716309614,0.014936017300745418,1.2557623912301075,0.26094283421778647,1.5614202660971996,0.36466412172334395,0.5730436641876939,1.2353934084685678,0.1857682281979003,3.1083758954307648,0.035630979096942156,0.8202194193642772,0.07266413494273782,0.07158567619620884,0.4890417591219419,0.07510919757054732,0.5963140693503848,1.2382015214958806,3.049608373974441,0.4836491035480046,0.20517263010763948,2.3601833383889264,1.2261035791221488,3.3765424139262254,3.187991496133954,0.14248748189745422,0.7477850581624279,0.707125267219051,0.8418062834196552,0.38953348690951506,0.4178029276872925,1.5880061943669528,0.8824799835096169,0.46213716697290147,0.31569313584672515,1.670614964428561,199
